Batch_Id,Order_Date,Bean_Type,Freight_Mode,Region,Weight_Kg,Base_Price,Packaging_Type,Discount_Percent,Transport_Days,Handling_Cost,Packaging_Cost,Customs_Fee,Freight_Charge,Warehouse_Location,Export_Country,Import_Country,Total_Revenue,Inventory_Space_Used
BATCH00001,01-01-2020,Arabica,Sea,South America,371.2075182,400,Small Crate,9.723854311,17,138.58,105.8,334.59,157.3,Mombasa,Liberia,USA,85059.73,18.4
BATCH00002,02-01-2020,Liberica,Air,Asia,314.2683843,1547.67,Small Bag,2.585795432,3,237.8,112.63,400.52,79.2,Mombasa,Malaysia,Japan,277379.73,17.6
BATCH00003,03-01-2020,Robusta,Sea,Central America,483.9671664,400,Big Bag,13.08591845,17,101.1,144.83,114.6,132.7,Mumbai,Peru,New Zealand,54202.77,13.85
BATCH00004,04-01-2020,Robusta,Air,South America,291.9826055,665.77,Big Bag,9.196743586,4,263.16,97.06,342.95,101,Ho Chi Minh,Ivory Coast,Belgium,168167.69,26.15
BATCH00005,05-01-2020,Robusta,Sea,Africa,231.4051072,1247.42,Big Bag,2.358058253,25,120.04,149.36,447.79,167.3,Mombasa,Malaysia,Belgium,157412.71,27.49
BATCH00006,06-01-2020,Robusta,Road,Asia,563.4084911,837.96,Small Crate,14.43507086,5,289.56,122.34,428.26,57.4,Tema,Uganda,Qatar,73311.98,18.02
BATCH00007,07-01-2020,Robusta,Sea,Asia,344.8488995,1101.22,Small Crate,7.77548195,10,119.5,131.61,293.39,117.5,Tema,Ivory Coast,Turkey,190123.7,21.88
BATCH00008,08-01-2020,Robusta,Sea,Africa,109.5582588,1248.75,Big Bag,1.093476778,13,206.4,106.14,236.07,134,Tema,Cameroon,Germany,249191.86,12.94
BATCH00009,09-01-2020,Liberica,Sea,Central America,401.7421328,949.22,Small Crate,9.402493566,14,185.55,123.18,492.2,113.2,Hambantota,Philippines,Russia,119371.52,10.82
BATCH00010,10-01-2020,Robusta,Road,Central America,294.8903205,575.43,Small Bag,3.797983605,7,195.11,184.05,236.31,96.2,Mumbai,Philippines,South Africa,97893.91,15.08
BATCH00011,11-01-2020,Excelsa,Air,Africa,471.7437002,3148.88,Big Bag,12.05540178,1,101.16,182.52,286.21,8.6,Mumbai,Cameroon,Sweden,31162.18,0.65
BATCH00012,12-01-2020,Liberica,Sea,Asia,394.5182538,1060.8,Small Bag,12.2673311,22,263.73,140.02,226.34,134.9,Hambantota,Malaysia,Poland,63509.11,12.42
BATCH00013,13-01-2020,Arabica,Air,Central America,367.858606,1001.71,Small Bag,14.68421034,4,105.64,185.79,394.87,92.3,Mombasa,Peru,Turkey,189936.5,44.83
BATCH00014,14-01-2020,Excelsa,Air,Africa,345.069267,3131.07,Large Crate,7.528042965,2,268.56,109.36,367.52,52.6,Hambantota,Mexico,New Zealand,377122.31,25.05
BATCH00015,15-01-2020,Arabica,Air,Central America,255.4349188,765.46,Big Bag,6.824353196,3,211.21,109.47,310.14,82.8,Nairobi,Ghana,South Africa,142871.39,44.66
BATCH00016,16-01-2020,Excelsa,Road,Asia,434.0783866,3202.71,Small Bag,11.30213408,9,193.98,197.59,197.82,109.8,Nairobi,Cameroon,UK,552728.7,36.07
BATCH00017,17-01-2020,Liberica,Sea,South America,119.1579142,1395.75,Small Bag,1.987059845,15,213.91,82.72,277.68,172.2,Hambantota,Ghana,Poland,388164.49,34.21
BATCH00018,18-01-2020,Robusta,Road,South America,302.066532,583.65,Small Bag,8.203732707,6,271.45,121.45,314.97,55.5,Mumbai,Uganda,Norway,37932.44,8.57
BATCH00019,19-01-2020,Robusta,Road,South America,307.5477134,808.9,Small Crate,8.193714002,11,118.05,197.77,482.67,135.4,Mumbai,Brazil,Spain,168159.6,28.67
BATCH00020,20-01-2020,Robusta,Road,Central America,106.5191373,1339.97,Small Crate,1.342096842,5,261.77,66.08,323.64,108.7,Nairobi,Colombia,Thailand,290843.39,53.62
BATCH00021,21-01-2020,Excelsa,Road,Central America,326.9046379,3045.46,Small Crate,6.269761283,8,297.84,96.48,483.57,108.1,Tema,Kenya,Saudi Arabia,621201.13,21.28
BATCH00022,22-01-2020,Excelsa,Road,Africa,512.660349,3025.39,Large Crate,12.79927198,4,220.03,56.57,457.2,84.8,Ho Chi Minh,Kenya,Thailand,476224.93,14.48
BATCH00023,23-01-2020,Robusta,Air,South America,424.8696888,1225.19,Big Bag,12.84230433,4,154.36,92.18,400.74,85.4,Ho Chi Minh,Ivory Coast,South Korea,253004.11,29.88
BATCH00024,24-01-2020,Arabica,Air,Africa,91.0702129,1760.51,Small Crate,1.488564974,3,186.73,146.2,174.24,105.9,Mumbai,Uganda,Singapore,484812.56,27.99
BATCH00025,25-01-2020,Excelsa,Sea,Africa,159.7804925,3293.69,Small Bag,1.360813241,12,155.43,170.39,444.38,99.9,Hambantota,Ghana,Belgium,380242.52,23.59
BATCH00026,26-01-2020,Robusta,Sea,Africa,270.8380829,956.75,Large Crate,3.940432155,20,292.81,153.31,241.92,190.6,Mombasa,Honduras,Russia,244718.32,18.7
BATCH00027,27-01-2020,Liberica,Air,Asia,545.5017961,1119.33,Small Crate,13.12149094,1,162.55,132.65,184.91,57.8,Nairobi,Uganda,Belgium,170853.41,18.81
BATCH00028,28-01-2020,Liberica,Road,South America,107.8607212,1516.69,Small Crate,1.933538776,11,187.37,59.84,143.7,101.2,Nairobi,Honduras,Belgium,163007.39,21.91
BATCH00029,29-01-2020,Robusta,Air,South America,473.4641328,1176.57,Big Bag,10.79995204,4,249.98,92.17,340.66,65,Mombasa,Ghana,Japan,140440.74,17.96
BATCH00030,30-01-2020,Liberica,Sea,Central America,56.71104711,1032.62,Small Crate,1.517484294,20,224.2,198.6,442.05,164.8,Mumbai,Ivory Coast,France,188559.1,32.1
BATCH00031,31-01-2020,Excelsa,Road,Central America,370.2678133,3053.51,Small Crate,9.347067806,9,186.34,114.96,267.78,79.2,Tema,Ethiopia,Belgium,284793.61,12.51
BATCH00032,01-02-2020,Liberica,Sea,Central America,284.5816067,1054.58,Large Crate,5.341009487,19,264.18,65.59,103.73,153.5,Hambantota,Brazil,Spain,188605.05,19.42
BATCH00033,02-02-2020,Robusta,Road,South America,351.0710327,1145.06,Small Bag,11.83370944,3,258.26,155.88,389.78,50.1,Mumbai,Philippines,Germany,98285.42,9.38
BATCH00034,03-02-2020,Excelsa,Road,South America,309.8035482,3428.22,Big Bag,3.505356732,4,193.15,139.37,260.12,79.4,Nairobi,Indonesia,Netherlands,576297.1,13.29
BATCH00035,04-02-2020,Arabica,Road,Asia,453.9755824,400,Small Crate,9.588027441,8,296.18,63.73,298.97,69.1,Mumbai,Liberia,UK,34580.02,13.69
BATCH00036,05-02-2020,Arabica,Road,South America,238.4073392,705.66,Small Bag,3.535238019,12,268.83,100.04,498.45,137.4,Tema,Brazil,Thailand,146464.96,26.3
BATCH00037,06-02-2020,Arabica,Road,Asia,372.895717,1427.36,Big Bag,10.70490425,5,251.61,132.37,107.93,121.3,Hambantota,Tanzania,Egypt,434659.85,53.3
BATCH00038,07-02-2020,Arabica,Road,South America,489.7499343,599.43,Small Crate,13.10517052,6,122.3,51.04,415.44,69.3,Ho Chi Minh,Mexico,Sweden,63732.42,17.43
BATCH00039,08-02-2020,Arabica,Air,Asia,196.5818181,1255.69,Big Bag,1.902026987,3,190.44,108,349.71,43.2,Mumbai,Guatemala,Norway,87834.65,15.85
BATCH00040,09-02-2020,Liberica,Sea,Asia,433.8349815,1499.33,Small Bag,12.99893533,22,126.8,51.47,312.4,151.1,Hambantota,Honduras,New Zealand,186279.21,7.72
BATCH00041,10-02-2020,Arabica,Air,South America,358.0851529,1607.64,Small Crate,8.903628816,2,289.84,195.52,364.56,78.7,Tema,Malaysia,Argentina,256776.62,40.48
BATCH00042,11-02-2020,Arabica,Sea,South America,202.7189134,919.76,Large Crate,1.906657363,11,157.91,106.09,113.54,94.6,Ho Chi Minh,Guatemala,Chile,108795.79,22.59
BATCH00043,12-02-2020,Robusta,Sea,South America,217.6640848,1387.82,Large Crate,6.41312783,25,100.97,97.6,344.31,142.1,Ho Chi Minh,Honduras,Japan,72883.54,7.25
BATCH00044,13-02-2020,Robusta,Road,Africa,189.0083676,926.75,Small Crate,2.412904402,8,218.76,145.74,197.62,94,Mumbai,Ethiopia,Spain,134463.86,22.65
BATCH00045,14-02-2020,Excelsa,Sea,South America,327.4180685,3521.74,Large Crate,10.50521833,12,272.53,153.32,226.69,114.6,Nairobi,Cameroon,Spain,486359.69,29.73
BATCH00046,15-02-2020,Robusta,Road,Asia,394.2983227,818.43,Large Crate,11.38302202,9,291.05,79.76,177.82,103.2,Hambantota,Liberia,Sweden,116841.89,30.1
BATCH00047,16-02-2020,Arabica,Air,Asia,122.3788038,1284.61,Small Crate,1.586947804,1,197.01,87.48,168.42,49.4,Hambantota,Indonesia,Norway,166805.09,11.41
BATCH00048,17-02-2020,Robusta,Road,Central America,353.4407143,1120.2,Small Crate,7.59209779,7,272.65,162.59,375.25,65.9,Hambantota,Papua New Guinea,Japan,105273.29,15.58
BATCH00049,18-02-2020,Robusta,Road,Asia,431.5418201,1028.28,Big Bag,12.21937584,3,187.3,166.26,315.83,80.7,Mombasa,Ivory Coast,Netherlands,174901.52,19.24
BATCH00050,19-02-2020,Liberica,Road,Africa,527.5507883,818.14,Small Bag,14.04244562,9,102.24,103.72,412.74,68.1,Tema,Liberia,USA,47190.54,5.93
BATCH00051,20-02-2020,Robusta,Air,Asia,296.7216331,552.97,Small Bag,7.702768001,1,202.5,107.27,264.47,65.9,Tema,Cameroon,Spain,89162.28,15.6
BATCH00052,21-02-2020,Liberica,Air,South America,501.094812,1092.19,Big Bag,14.25418835,4,128.5,144.94,327.48,103.4,Ho Chi Minh,Malaysia,Saudi Arabia,217908.64,29.4
BATCH00053,22-02-2020,Robusta,Air,South America,403.5931121,936.88,Small Crate,8.035334557,1,198.31,92.11,318.47,96.2,Mombasa,Mexico,Pakistan,215751.96,56.87
BATCH00054,23-02-2020,Excelsa,Road,Central America,219.8743137,3142.57,Small Bag,5.912857419,7,298.06,171.76,174.79,71.9,Hambantota,Ivory Coast,Netherlands,323973.7,13.2
BATCH00055,24-02-2020,Arabica,Road,Central America,519.6491065,400,Big Bag,12.72304693,7,236.54,81.78,318.32,92,Nairobi,Cameroon,Germany,67671.36,35.8
BATCH00056,25-02-2020,Robusta,Air,Asia,321.7890254,758.08,Small Bag,7.394740657,3,284.54,53.91,217.79,103.2,Hambantota,Brazil,Italy,166497.21,17.48
BATCH00057,26-02-2020,Excelsa,Air,South America,283.5784453,3204.06,Small Bag,7.078537658,4,277.56,157.01,219.51,77.9,Hambantota,Uganda,France,444504.64,18.94
BATCH00058,27-02-2020,Liberica,Air,South America,259.7644786,929.32,Big Bag,7.354687341,4,120.64,162.82,302.91,87.2,Tema,Vietnam,USA,159615.67,17.11
BATCH00059,28-02-2020,Arabica,Air,Africa,423.7414355,1914.2,Large Crate,12.70177503,1,261.2,102.01,213.79,38,Mombasa,Kenya,UAE,197313.1,21.78
BATCH00060,29-02-2020,Liberica,Road,Africa,437.4414425,1138,Small Crate,12.47912313,10,141.37,116.02,416.22,112.1,Ho Chi Minh,Ivory Coast,Qatar,178244.62,28.84
BATCH00061,01-03-2020,Arabica,Sea,Central America,274.0812762,400,Small Bag,6.052799887,23,298.48,136.33,391.04,171.4,Nairobi,Ethiopia,Chile,59914.75,16.48
BATCH00062,02-03-2020,Liberica,Air,Africa,280.1604187,1238.76,Small Crate,4.999497898,2,167.69,167.34,178.98,61.3,Mombasa,Honduras,Chile,147704.3,11.83
BATCH00063,03-03-2020,Robusta,Sea,Central America,306.3556478,920.93,Large Crate,7.378920361,20,220.86,100.81,397.38,178.9,Ho Chi Minh,Malaysia,China,221929.25,20.14
BATCH00064,04-03-2020,Robusta,Road,Africa,346.0820868,1107.53,Small Bag,8.591587646,3,149.03,144.44,465.48,89.1,Nairobi,India,Russia,256298.55,30.53
BATCH00065,05-03-2020,Robusta,Air,Africa,203.0522336,828.04,Small Bag,3.575058159,2,276.84,59.8,495.38,94,Ho Chi Minh,India,Sweden,193828.58,28.69
BATCH00066,06-03-2020,Robusta,Sea,South America,481.1186727,674.8,Large Crate,11.90932627,25,262.25,122.53,281.39,207.8,Ho Chi Minh,Vietnam,South Africa,153708.34,35.54
BATCH00067,07-03-2020,Robusta,Air,Africa,351.1573855,635.32,Large Crate,7.297241486,2,253.88,109.8,305.73,51.1,Tema,India,Russia,63688.62,7.03
BATCH00068,08-03-2020,Liberica,Road,South America,180.972223,1132.67,Small Crate,5.010683226,11,133.36,115.9,407.61,91,Tema,Uganda,Netherlands,94396.31,20.69
BATCH00069,09-03-2020,Robusta,Air,South America,133.9657113,859.87,Large Crate,1.602314894,1,198.72,128.31,300.39,64.4,Mumbai,Ghana,Netherlands,121891.91,28.95
BATCH00070,10-03-2020,Arabica,Road,Central America,268.850523,952.74,Small Crate,3.582677406,3,117.79,115.81,382.16,55.5,Nairobi,Tanzania,New Zealand,104796.81,7.71
BATCH00071,11-03-2020,Robusta,Sea,South America,461.3705296,719.21,Small Crate,14.23921758,18,256,78.67,273.47,142.2,Nairobi,Brazil,Japan,110626.82,9.75
BATCH00072,12-03-2020,Liberica,Sea,South America,241.0105036,1158.13,Small Crate,4.576495302,7,189.5,173.55,234.28,89,Ho Chi Minh,Kenya,New Zealand,155660.74,21.97
BATCH00073,13-03-2020,Liberica,Air,Central America,167.44448,1640.14,Small Bag,2.532889341,1,125.7,129.27,428.54,68.6,Hambantota,Colombia,Thailand,329572.17,27.54
BATCH00074,14-03-2020,Liberica,Air,Asia,278.9689767,1260.82,Large Crate,6.910091875,4,203.9,102.94,283.48,75.5,Hambantota,Ethiopia,UK,199930.88,34.74
BATCH00075,15-03-2020,Excelsa,Air,Africa,317.7286171,3182.7,Big Bag,4.60631615,1,171.09,132.42,433.62,48.2,Mombasa,Tanzania,Argentina,324613.46,13.82
BATCH00076,16-03-2020,Arabica,Sea,Central America,117.6634531,1663.24,Big Bag,0.527388754,13,153.75,187.75,207.17,113.9,Tema,India,UAE,202668.1,14.5
BATCH00077,17-03-2020,Liberica,Air,South America,320.9726014,1145.02,Small Crate,4.847178259,4,181.34,144.5,281.14,51.5,Mombasa,Brazil,South Africa,91916.75,18.64
BATCH00078,18-03-2020,Robusta,Air,Asia,345.130241,417.27,Large Crate,8.161629359,4,180.31,149.67,214.93,74.6,Mombasa,Peru,Netherlands,53299.71,31.07
BATCH00079,19-03-2020,Arabica,Road,Asia,371.2833619,1537.63,Small Crate,8.27568558,9,249.36,133.49,434.19,103.5,Nairobi,Guatemala,China,280927.95,25.84
BATCH00080,20-03-2020,Robusta,Road,Central America,231.5904391,804.66,Small Crate,5.348383818,12,180.31,140.46,440.16,81.9,Hambantota,India,Thailand,53785.33,10.68
BATCH00081,21-03-2020,Arabica,Sea,Central America,272.9815565,400,Large Crate,6.709541344,8,280.04,92.97,436.93,83.2,Mumbai,Indonesia,Australia,52098.86,10.92
BATCH00082,22-03-2020,Liberica,Sea,Asia,554.9504397,1047.97,Small Bag,14.48276877,17,275.78,60.5,197.31,123.7,Ho Chi Minh,Ethiopia,China,106141.13,13.58
BATCH00083,23-03-2020,Robusta,Road,Central America,291.1916876,540.37,Small Crate,5.660227158,8,239.11,178.29,451.12,67.9,Mombasa,Kenya,Sweden,46805.3,10.83
BATCH00084,24-03-2020,Robusta,Sea,South America,246.1014193,966.34,Small Crate,3.873402199,19,180.76,180.09,235.53,109.1,Hambantota,Cameroon,France,40624.96,8.6
BATCH00085,25-03-2020,Arabica,Road,Central America,228.3940842,400,Small Bag,3.652005661,7,278.28,117.55,163.74,108.5,Hambantota,Colombia,Pakistan,76751.93,19.45
BATCH00086,26-03-2020,Arabica,Sea,Central America,239.1730294,1234.67,Large Crate,6.866469191,9,178.21,189.51,304.87,121.8,Tema,Cameroon,Germany,223619.21,30.64
BATCH00087,27-03-2020,Robusta,Air,Africa,401.4656331,1109.74,Small Bag,11.39280223,1,183,151.42,355.26,56.9,Mombasa,Mexico,USA,164361.12,16.04
BATCH00088,28-03-2020,Excelsa,Sea,Central America,235.1918272,3153.89,Big Bag,3.089822763,20,226.45,150.37,263.83,160.6,Mombasa,Ghana,South Africa,489754.81,39.51
BATCH00089,29-03-2020,Arabica,Air,Central America,321.2599889,1261.53,Big Bag,10.63944191,3,200.83,70.99,324.7,64.8,Nairobi,Ivory Coast,Norway,179434.06,9.18
BATCH00090,30-03-2020,Liberica,Sea,Asia,124.1477826,1668.69,Big Bag,0.31724735,8,246.49,87.79,161.07,119.2,Mumbai,Cameroon,Bangladesh,391461.92,37.71
BATCH00091,31-03-2020,Robusta,Road,Asia,282.9258351,1358.88,Small Bag,6.28399467,11,135.42,79.67,494.89,124.9,Mumbai,Guatemala,Spain,277789.52,35.01
BATCH00092,01-04-2020,Robusta,Road,Africa,491.6183727,412.5,Big Bag,11.63797598,8,171.36,115.87,314.2,55.6,Mumbai,Brazil,Belgium,14787.11,6.16
BATCH00093,02-04-2020,Arabica,Road,Asia,273.2608894,1354.42,Small Crate,5.080994337,6,128.27,158.02,455.63,90,Mombasa,Guatemala,Germany,218584.53,12.1
BATCH00094,03-04-2020,Arabica,Road,Central America,320.4826817,898.97,Small Bag,8.456056522,5,212.98,196.12,350.49,82,Hambantota,Ivory Coast,Singapore,140925.3,29.21
BATCH00095,04-04-2020,Robusta,Sea,Africa,156.7731529,763.57,Large Crate,3.074688492,15,254.69,198.43,495.17,119.7,Hambantota,Mexico,South Korea,96775.28,8.78
BATCH00096,05-04-2020,Excelsa,Sea,Asia,407.7587524,3247.18,Small Bag,11.12993087,10,116.63,65.07,109.48,123.2,Mumbai,Kenya,Italy,570050.54,14.18
BATCH00097,06-04-2020,Arabica,Sea,Africa,152.5287488,1731.39,Small Bag,0.784186549,10,234.02,165.18,250.16,113,Mombasa,Ivory Coast,Australia,315562.87,15.58
BATCH00098,07-04-2020,Liberica,Road,Asia,368.5335062,965.32,Big Bag,12.78813967,7,258.48,178.54,342.5,62.9,Mombasa,Brazil,Turkey,67386.41,9.14
BATCH00099,08-04-2020,Arabica,Sea,Central America,197.0573461,400,Small Bag,2.972945796,13,223.64,88.02,348.06,113,Ho Chi Minh,Honduras,Norway,45307.28,10.06
BATCH00100,09-04-2020,Robusta,Air,Africa,449.3273849,722.28,Small Crate,13.11597048,1,110.24,185.39,314.66,77.6,Mumbai,Brazil,Bangladesh,137396.79,22.22
BATCH00101,10-04-2020,Liberica,Air,Central America,268.1799235,1026.7,Small Bag,5.28793862,3,217.69,108.98,409.67,57.9,Nairobi,Guatemala,UAE,126937.63,19.41
BATCH00102,11-04-2020,Robusta,Sea,Africa,442.4324978,1028.96,Large Crate,10.84025362,19,232.69,148.81,378.64,149,Tema,Brazil,Thailand,136148.11,10.99
BATCH00103,12-04-2020,Robusta,Sea,Central America,160.5350549,400,Large Crate,4.788379467,10,285.19,64.49,156.73,94.7,Nairobi,Ghana,Canada,54230.89,7.81
BATCH00104,13-04-2020,Robusta,Air,Central America,496.3169307,562.2,Small Bag,13.58867507,3,204.11,86.35,436.13,59.7,Tema,Philippines,Poland,77117.17,28.47
BATCH00105,14-04-2020,Excelsa,Sea,Central America,164.7652243,2869.26,Big Bag,1.899556883,22,181.89,90.89,343.97,192.2,Ho Chi Minh,Colombia,Egypt,635994.71,53.78
BATCH00106,15-04-2020,Excelsa,Sea,Central America,184.7314099,3316.04,Small Bag,2.677796839,25,285.54,122.07,274.91,160.7,Mombasa,India,UK,354304.2,22.25
BATCH00107,16-04-2020,Robusta,Sea,Africa,315.7535087,1086.75,Large Crate,7.395451877,19,203,193.3,270.45,135.8,Tema,Colombia,Egypt,118913.8,9.35
BATCH00108,17-04-2020,Liberica,Air,Central America,75.82792158,1304.46,Big Bag,1.229076586,2,256.7,57.41,281.24,29.5,Hambantota,Ethiopia,Belgium,65511.28,7.77
BATCH00109,18-04-2020,Excelsa,Air,Africa,134.7596816,3232.11,Small Bag,2.939702771,3,268.43,131.31,389.95,84.3,Mumbai,Cameroon,Pakistan,663615.28,32.27
BATCH00110,19-04-2020,Excelsa,Air,Asia,455.7925059,3363,Small Bag,14.15649573,3,204.05,70.89,441.75,81.9,Tema,Brazil,South Korea,674155.95,38.38
BATCH00111,20-04-2020,Arabica,Road,Africa,567.1226261,913.59,Large Crate,14.64734492,12,285.15,78.42,274.8,146.7,Tema,Liberia,Russia,199876.28,22.62
BATCH00112,21-04-2020,Arabica,Road,Africa,263.5381561,555.93,Large Crate,5.64388994,12,225.71,70.46,421.02,98.1,Hambantota,Guatemala,UAE,49313.2,12.32
BATCH00113,22-04-2020,Liberica,Road,Asia,512.8910475,1435.18,Big Bag,13.84929032,8,168.71,158.83,349.99,112.6,Mombasa,Mexico,Chile,270114.85,16.77
BATCH00114,23-04-2020,Robusta,Sea,Africa,259.8964319,757.3,Small Crate,8.172370135,15,144.82,91.5,472.37,106.5,Hambantota,Malaysia,Belgium,58822.55,10.57
BATCH00115,24-04-2020,Excelsa,Road,Asia,219.7039698,3150.27,Small Crate,4.046136988,7,109.14,149,269.15,83.3,Hambantota,Indonesia,Sweden,359496.64,29.2
BATCH00116,25-04-2020,Robusta,Road,Africa,447.7612781,400,Small Bag,10.53598082,6,254.1,157.96,142.21,84.3,Mumbai,Uganda,Singapore,61625.43,18.31
BATCH00117,26-04-2020,Robusta,Air,Central America,304.4138342,687.28,Small Crate,9.883527099,1,181.89,121.28,418.86,34.1,Nairobi,Uganda,Japan,59242.98,10.57
BATCH00118,27-04-2020,Robusta,Sea,Central America,518.3360807,754.77,Big Bag,14.83687979,13,182.35,172.7,236.01,141.5,Ho Chi Minh,Malaysia,Netherlands,168637.59,49.64
BATCH00119,28-04-2020,Robusta,Sea,Africa,140.7538228,742.22,Small Crate,3.975709311,16,213.68,177.46,398.14,151.1,Tema,Peru,Spain,125711.27,34.84
BATCH00120,29-04-2020,Robusta,Air,Africa,381.4126725,400,Big Bag,10.08089254,3,282.74,176.95,483.98,52.8,Hambantota,Liberia,Saudi Arabia,46379.53,18.26
BATCH00121,30-04-2020,Robusta,Air,South America,78.36109488,769.13,Big Bag,0.780356325,1,154.3,190.1,483.19,61.4,Mombasa,Brazil,Bangladesh,101774.06,25.69
BATCH00122,01-05-2020,Liberica,Sea,Africa,170.1861591,895.93,Big Bag,1.70469058,16,159.57,195.37,131.84,164.9,Mombasa,Ivory Coast,USA,202187.35,24.63
BATCH00123,02-05-2020,Excelsa,Sea,South America,110.2252469,3097.93,Big Bag,0.058775624,24,228.84,85.62,111.01,167.4,Mombasa,Peru,UK,420354.05,22.65
BATCH00124,03-05-2020,Arabica,Road,Central America,614.3325268,1017.53,Small Crate,14.99191022,5,252.98,150.96,243.1,100.3,Hambantota,India,Saudi Arabia,224004.31,21.25
BATCH00125,04-05-2020,Arabica,Air,Africa,458.3192713,979.79,Big Bag,12.03410546,2,129.16,150.42,127.96,72.4,Mombasa,Colombia,Russia,160518.57,14.39
BATCH00126,05-05-2020,Robusta,Air,South America,470.9497467,400,Small Crate,11.80084522,1,159.5,199.01,307.64,47.3,Hambantota,Papua New Guinea,Germany,51738.55,8.94
BATCH00127,06-05-2020,Arabica,Air,Asia,301.4913598,459.99,Small Crate,7.645891129,3,269.02,126.65,102.59,53.7,Tema,Honduras,Sweden,49886.48,20.12
BATCH00128,07-05-2020,Robusta,Road,Africa,179.8769547,877.18,Big Bag,4.501006244,4,276.19,122.15,132.21,61.1,Ho Chi Minh,Uganda,Egypt,100353.91,14.22
BATCH00129,08-05-2020,Arabica,Air,Africa,209.8070497,400,Small Bag,2.268964267,1,111.76,167.86,398.67,43.4,Ho Chi Minh,Honduras,China,36654.31,16.14
BATCH00130,09-05-2020,Excelsa,Air,Asia,290.2663852,3237.49,Small Crate,4.270121083,2,268.63,190.83,330.45,31.3,Ho Chi Minh,Honduras,UK,210651.86,11.63
BATCH00131,10-05-2020,Arabica,Sea,South America,304.4698348,2046.42,Large Crate,5.639568329,19,228.1,176.63,458.02,137.3,Nairobi,Ethiopia,Belgium,203867.52,9.55
BATCH00132,11-05-2020,Excelsa,Sea,South America,446.9009498,3187.7,Big Bag,11.34465145,25,257.08,197.25,384.31,195.5,Mumbai,Indonesia,Chile,643200.09,44.66
BATCH00133,12-05-2020,Excelsa,Road,Central America,294.1431273,3426.23,Large Crate,8.094926834,6,135.6,153.04,185.34,91.5,Mumbai,Tanzania,Netherlands,554312.53,22.1
BATCH00134,13-05-2020,Arabica,Sea,Africa,191.9490406,1444.16,Big Bag,1.162254398,19,293.22,69.07,106.89,135.2,Hambantota,Mexico,Singapore,177431.54,24.73
BATCH00135,14-05-2020,Excelsa,Road,Africa,137.0885198,3275.38,Small Crate,0.270435134,8,239.55,154.37,107.79,73.9,Ho Chi Minh,Mexico,Canada,328829.76,6.28
BATCH00136,15-05-2020,Liberica,Air,Asia,247.2934113,1005.14,Small Bag,1.534982693,4,203.23,59.86,354.73,98.9,Mombasa,Ivory Coast,Bangladesh,231912.81,13.93
BATCH00137,16-05-2020,Robusta,Sea,Asia,227.0032237,696.17,Large Crate,6.157480705,11,246.39,113.89,132.06,117.4,Hambantota,Papua New Guinea,Argentina,109441.29,33.84
BATCH00138,17-05-2020,Excelsa,Air,Asia,563.0651377,3154.99,Small Crate,13.99789376,4,278.15,74.29,229.65,75.8,Nairobi,Ivory Coast,Qatar,462935.99,31.29
BATCH00139,18-05-2020,Arabica,Road,Asia,414.2864418,1533.4,Large Crate,9.561037218,11,199.05,88.55,225.01,127.3,Tema,Uganda,Belgium,346735.56,47.05
BATCH00140,19-05-2020,Liberica,Sea,Asia,443.7202949,1114.15,Small Bag,12.0273885,12,105.84,138.18,223.24,81.6,Mombasa,Indonesia,South Korea,70043.68,10.42
BATCH00141,20-05-2020,Robusta,Road,Central America,378.0603115,712.55,Small Bag,6.995618918,11,168.01,71.8,460.12,118,Mumbai,Ethiopia,Netherlands,118890.13,31.48
BATCH00142,21-05-2020,Excelsa,Air,South America,282.8669949,3168.83,Big Bag,5.424991248,1,281.78,71.05,359.01,80.6,Tema,Honduras,France,606101.91,33.48
BATCH00143,22-05-2020,Arabica,Road,Asia,101.9355163,705.42,Small Bag,1.626005591,11,280.1,60.62,186,89.2,Tema,Papua New Guinea,UAE,58893.03,17.42
BATCH00144,23-05-2020,Liberica,Air,Central America,488.2529092,647.7,Small Bag,13.13899533,3,262.33,160.35,117.23,67.8,Tema,Liberia,Turkey,98568.24,13.17
BATCH00145,24-05-2020,Excelsa,Sea,Africa,404.9790727,3207.19,Large Crate,11.74740044,11,188.45,177.11,245.3,132.7,Mumbai,Ivory Coast,Norway,622252.73,40.99
BATCH00146,25-05-2020,Excelsa,Sea,Central America,152.2273581,2991.84,Small Crate,2.521771464,10,188.05,98.55,247.87,83.3,Tema,Papua New Guinea,USA,265057.88,6.17
BATCH00147,26-05-2020,Robusta,Air,South America,365.7085614,1018.56,Small Bag,7.683908458,1,231,71.8,497.08,59.3,Hambantota,Philippines,Japan,155846.37,28.05
BATCH00148,27-05-2020,Robusta,Sea,Asia,368.7823658,1505.72,Big Bag,7.310622119,10,158.04,91.29,160.26,97.7,Hambantota,Vietnam,UK,202990.32,29.46
BATCH00149,28-05-2020,Arabica,Road,Africa,392.3518154,586.87,Small Bag,9.37637329,9,291.3,130.24,284.5,78.9,Ho Chi Minh,India,Germany,59562.99,17.28
BATCH00150,29-05-2020,Excelsa,Sea,Central America,488.2803585,3386.83,Small Crate,14.19280341,20,144.94,142.94,446.66,143.5,Nairobi,Tanzania,UK,401815.92,7.64
BATCH00151,30-05-2020,Arabica,Sea,Asia,379.9775698,648.03,Small Bag,8.696571626,12,100.06,110.56,438.31,122.4,Mombasa,Vietnam,Germany,104365.13,33.22
BATCH00152,31-05-2020,Arabica,Road,Africa,379.2677519,415.47,Small Bag,8.103259002,5,226.81,183.12,164.47,76.6,Mumbai,Peru,Belgium,57232.07,16.17
BATCH00153,01-06-2020,Excelsa,Sea,Africa,50,3380.86,Small Crate,0.754843994,14,157.84,102.02,194.52,146.2,Nairobi,Papua New Guinea,UK,763676.91,16.02
BATCH00154,02-06-2020,Robusta,Air,Central America,134.132303,1576.52,Small Crate,0.94361214,3,277.83,78.53,496.16,108.9,Tema,Brazil,Pakistan,378994.54,37.92
BATCH00155,03-06-2020,Robusta,Sea,Asia,174.7965662,1151.14,Large Crate,2.81020187,7,249.6,115.94,421.3,83,Tema,Tanzania,Egypt,144633.79,19.67
BATCH00156,04-06-2020,Liberica,Road,Central America,162.29741,1210.95,Small Bag,0.487061575,6,179.67,190.27,354.05,80.4,Tema,Ghana,Germany,147706.82,19.48
BATCH00157,05-06-2020,Arabica,Sea,Central America,453.7932612,400,Big Bag,11.15029343,8,240.75,98.59,175.75,102.4,Hambantota,Kenya,Saudi Arabia,67606.51,20.67
BATCH00158,06-06-2020,Robusta,Air,Asia,449.7162219,668.98,Big Bag,10.84995456,4,122.78,181.8,245.36,86.3,Tema,Ghana,Argentina,110247.18,18.25
BATCH00159,07-06-2020,Robusta,Sea,South America,137.1297572,838.82,Small Bag,2.040843516,9,166.09,177.05,327.16,77.4,Hambantota,Kenya,Russia,76255.58,14.49
BATCH00160,08-06-2020,Robusta,Air,Africa,476.3180912,1023.03,Small Bag,12.54118351,1,255.37,133.04,450.1,35,Tema,Colombia,New Zealand,95290.91,18.37
BATCH00161,09-06-2020,Arabica,Road,Africa,216.8379642,1099.57,Small Crate,2.321790523,5,252.6,199.12,462.01,119.5,Mumbai,Malaysia,Poland,251813.85,31.64
BATCH00162,10-06-2020,Arabica,Road,Central America,232.2850275,679.11,Big Bag,4.517633805,12,183.77,99.76,233.81,113.7,Hambantota,India,South Korea,109988.79,14.53
BATCH00163,11-06-2020,Excelsa,Air,Asia,220.7730824,3192.13,Big Bag,3.734653487,3,126.66,89.54,356.52,99,Nairobi,Mexico,USA,750118.23,25.44
BATCH00164,12-06-2020,Excelsa,Road,Asia,190.7403294,2968.35,Big Bag,5.584606479,3,299.37,109.93,266.31,57,Nairobi,Ghana,Chile,294321.27,25.29
BATCH00165,13-06-2020,Arabica,Air,Central America,211.1716928,1589.82,Small Crate,3.819956488,2,132.68,182.67,220.92,65.5,Hambantota,Indonesia,Italy,231750.43,16.67
BATCH00166,14-06-2020,Arabica,Sea,Asia,219.4279185,1034.51,Large Crate,7.334263897,10,285.43,56.82,153.45,113.3,Ho Chi Minh,Liberia,UK,163102.94,20.33
BATCH00167,15-06-2020,Excelsa,Air,Central America,257.5263031,3334.73,Small Bag,6.11111822,3,252.21,62.32,274.48,104.4,Tema,Honduras,Belgium,764493.69,38.06
BATCH00168,16-06-2020,Robusta,Sea,South America,547.1320487,1237.84,Big Bag,14.79854236,8,239.21,162.24,469.02,95.8,Hambantota,Tanzania,France,203944.98,9.52
BATCH00169,17-06-2020,Arabica,Road,Africa,163.5183973,400,Small Bag,0.838895252,9,240.11,67.7,277.45,76.5,Nairobi,Liberia,Turkey,35038.24,5.69
BATCH00170,18-06-2020,Liberica,Road,Asia,114.0236222,1214.28,Small Bag,2.132720646,12,284.54,133.11,454.94,96.6,Ho Chi Minh,Ethiopia,Russia,123470.26,12.17
BATCH00171,19-06-2020,Liberica,Air,South America,142.4558594,1320.04,Large Crate,0.792388409,2,139.79,73.48,213.39,96.7,Ho Chi Minh,Peru,Canada,358077.36,15.14
BATCH00172,20-06-2020,Arabica,Air,Central America,455.053208,946.39,Big Bag,9.387617925,3,239.81,197.07,344.49,94.5,Mombasa,Ethiopia,Egypt,197251.92,50.42
BATCH00173,21-06-2020,Robusta,Air,Asia,92.49198155,400,Small Bag,0.817639161,1,100.59,135.49,296.01,56.3,Ho Chi Minh,Cameroon,Norway,58235.61,18.41
BATCH00174,22-06-2020,Excelsa,Road,Central America,399.0452357,3260.34,Small Bag,12.54659606,3,152.71,90.15,283.16,55.8,Hambantota,Cameroon,USA,398484.24,15.93
BATCH00175,23-06-2020,Robusta,Sea,Asia,344.8643817,953.89,Big Bag,7.67907946,22,101.04,59.71,133.96,161.6,Mombasa,Vietnam,France,153769.41,32.68
BATCH00176,24-06-2020,Liberica,Air,South America,277.5535807,1106.64,Small Crate,7.905114369,2,101.8,86.28,237.72,55.6,Mombasa,Guatemala,China,118946.78,8.62
BATCH00177,25-06-2020,Robusta,Air,Central America,311.7675998,1025.61,Large Crate,8.423917616,2,237.08,115.18,213.87,73,Tema,Ethiopia,Argentina,156586.9,37.82
BATCH00178,26-06-2020,Robusta,Road,Africa,223.0330149,1284.07,Small Crate,2.562205595,4,223.68,192.44,305.14,56.9,Tema,Colombia,Japan,123994.75,22.37
BATCH00179,27-06-2020,Liberica,Sea,South America,282.8056002,1001.95,Small Crate,2.965354547,23,208.65,110.13,166.46,161.8,Ho Chi Minh,Liberia,Argentina,129084.81,28.08
BATCH00180,28-06-2020,Arabica,Sea,Africa,193.4332895,519.29,Big Bag,4.782259843,10,208.24,116.02,484.05,85.1,Mombasa,Cameroon,Turkey,42243.93,23.04
BATCH00181,29-06-2020,Excelsa,Air,Africa,330.2024001,3586.17,Small Crate,8.902446237,4,121.77,187.13,319.69,67.7,Mombasa,Philippines,Russia,495378.63,25.72
BATCH00182,30-06-2020,Liberica,Sea,Africa,172.5595511,1175.52,Small Bag,3.151766639,12,197.56,57.12,230.08,114.9,Ho Chi Minh,Liberia,Turkey,190858.05,33.84
BATCH00183,01-07-2020,Arabica,Road,Africa,124.9588745,1182.27,Small Bag,1.744975907,3,173.44,110.28,324.71,76.2,Ho Chi Minh,Indonesia,Poland,201909.63,15.13
BATCH00184,02-07-2020,Excelsa,Air,Africa,633.2172246,2924.38,Small Bag,14.5517533,1,287.83,160.44,417.14,43.4,Mombasa,Philippines,USA,343465.84,23.95
BATCH00185,03-07-2020,Excelsa,Road,Central America,83.36342518,3110.32,Small Bag,0.329727222,10,247.4,198.72,357.25,111.2,Mombasa,Guatemala,Sweden,570140.49,12.11
BATCH00186,04-07-2020,Robusta,Air,South America,441.8262367,1161.27,Big Bag,12.04046108,3,204.69,154.47,464.5,90,Mombasa,Colombia,Argentina,216825.31,16.62
BATCH00187,05-07-2020,Excelsa,Road,Asia,535.424691,3293.15,Small Crate,11.82052724,12,241.39,160.49,125.03,90.6,Hambantota,Liberia,Sweden,268103.86,17.37
BATCH00188,06-07-2020,Liberica,Sea,Africa,262.5801668,1214.92,Small Crate,4.458211708,11,214.4,114.01,447.65,117.7,Ho Chi Minh,Liberia,Italy,202240.43,33.4
BATCH00189,07-07-2020,Excelsa,Air,Africa,210.3269389,3517.61,Big Bag,2.03439924,1,180.1,152.33,481.26,59.9,Hambantota,Ethiopia,Japan,591351.83,14.57
BATCH00190,08-07-2020,Liberica,Air,Central America,120.2272474,786.44,Large Crate,2.184429701,4,161.72,76.55,157.97,75.2,Mumbai,Malaysia,Qatar,123974.21,13.96
BATCH00191,09-07-2020,Excelsa,Sea,Central America,387.3352436,3105.49,Small Bag,10.46147426,21,256.12,178.56,455.79,189.6,Mombasa,India,Russia,664489.38,44.22
BATCH00192,10-07-2020,Liberica,Road,Central America,337.2770481,1436.15,Small Crate,9.642098866,12,200.78,122.36,469.81,108.9,Tema,Ethiopia,France,216804.71,10.83
BATCH00193,11-07-2020,Arabica,Air,Central America,492.2986307,400,Small Bag,11.74118511,4,123.45,92.4,420.79,45.8,Tema,Ethiopia,Italy,29589.56,6.77
BATCH00194,12-07-2020,Robusta,Road,South America,583.128688,530.07,Small Bag,14.06221759,4,114.99,97.53,169.39,71.6,Ho Chi Minh,Peru,Egypt,81601.57,31.57
BATCH00195,13-07-2020,Robusta,Road,Asia,381.378595,763.48,Small Bag,10.37891045,8,164.6,174.29,206.13,62.8,Mumbai,Cameroon,Poland,49873.32,8.85
BATCH00196,14-07-2020,Excelsa,Sea,Asia,151.9211253,3173.07,Small Crate,2.337773048,8,171.98,100.54,418.15,133,Mumbai,Liberia,Germany,717242.31,22.82
BATCH00197,15-07-2020,Arabica,Road,Africa,193.5246743,1640.9,Big Bag,3.651639251,11,167.51,114.01,445.89,124.6,Hambantota,Ethiopia,Saudi Arabia,269436.42,40.49
BATCH00198,16-07-2020,Arabica,Sea,Asia,401.6259792,1610.82,Big Bag,12.63290596,25,159.86,68.75,142.09,160.4,Tema,Colombia,Turkey,180042.19,13.11
BATCH00199,17-07-2020,Liberica,Sea,Central America,160.4966302,905.4,Small Crate,3.139591138,16,104.68,127.2,211.72,138.5,Mumbai,Vietnam,South Africa,140661,36.52
BATCH00200,18-07-2020,Excelsa,Air,South America,171.2983534,3500.53,Small Crate,1.087834754,4,168.71,51.46,145.52,93.2,Nairobi,Tanzania,Sweden,776798.92,39.24
BATCH00201,19-07-2020,Excelsa,Sea,Central America,372.7050991,3249.6,Small Bag,10.54920081,13,277.4,60.71,380.41,131.3,Nairobi,Kenya,Poland,674221.25,41.19
BATCH00202,20-07-2020,Robusta,Air,Asia,285.7859531,500.01,Small Crate,6.037895332,2,128.54,83.37,172.51,72.7,Nairobi,Ethiopia,Egypt,97774.92,38.97
BATCH00203,21-07-2020,Excelsa,Air,South America,448.6170749,3466.13,Small Bag,13.80060079,2,203.17,137.6,364.67,75.4,Ho Chi Minh,Philippines,Japan,558374.63,26.61
BATCH00204,22-07-2020,Robusta,Road,South America,385.4147364,889.51,Large Crate,9.753826066,6,135.48,138.07,415.67,75.3,Mombasa,Indonesia,Poland,102658.88,9.47
BATCH00205,23-07-2020,Excelsa,Air,Central America,112.5224823,3135.1,Big Bag,1.356284667,1,271.37,153.93,456.58,59.3,Nairobi,Indonesia,Saudi Arabia,464370.74,10.52
BATCH00206,24-07-2020,Excelsa,Sea,South America,465.4518811,2988,Big Bag,14.21784851,13,228.36,83.81,483.81,135.2,Hambantota,Ivory Coast,Belgium,607365.93,34.9
BATCH00207,25-07-2020,Robusta,Sea,Asia,255.8700734,1092.24,Big Bag,3.878358955,13,274.92,99.69,426.1,128.3,Nairobi,Mexico,Turkey,174222.55,23.9
BATCH00208,26-07-2020,Liberica,Road,Asia,294.0769887,1065.18,Large Crate,5.058187356,8,202.86,52.66,473.32,82.3,Tema,Malaysia,China,122345.15,11.11
BATCH00209,27-07-2020,Excelsa,Air,Africa,232.5402505,3317.74,Small Bag,6.033906205,4,280.49,53.89,351.82,103.1,Mumbai,Malaysia,Qatar,752801.51,28.44
BATCH00210,28-07-2020,Liberica,Sea,South America,112.2417602,1490.18,Small Crate,0.768364446,10,126.34,69.88,102.9,118.1,Ho Chi Minh,Cameroon,Qatar,276964.47,12.16
BATCH00211,29-07-2020,Arabica,Road,Asia,325.6478742,1101.23,Big Bag,7.447731333,12,130.96,106.63,178.2,119.4,Ho Chi Minh,Peru,Australia,193524.15,26.47
BATCH00212,30-07-2020,Robusta,Air,Africa,64.75523163,400,Big Bag,1.849777366,2,193.3,173.06,180.09,53.5,Tema,Colombia,Argentina,45220.05,17.72
BATCH00213,31-07-2020,Arabica,Air,Central America,210.5820107,1684.39,Small Crate,6.0145549,1,245.75,133.79,182.01,44,Hambantota,Colombia,Germany,200847.94,19.42
BATCH00214,01-08-2020,Excelsa,Air,Africa,322.1336264,3288.35,Small Crate,5.26064682,3,135.1,194.47,357,105,Mumbai,India,South Korea,729221.86,40.65
BATCH00215,02-08-2020,Liberica,Air,Asia,394.5216927,1591.82,Small Crate,11.59260125,2,291.33,127.14,188.67,46.9,Hambantota,Brazil,France,157938.89,16.74
BATCH00216,03-08-2020,Excelsa,Road,Asia,524.3358856,2943.66,Big Bag,12.04755767,10,208.57,92.03,289.59,115.7,Mombasa,Ghana,Bangladesh,463450.58,36.71
BATCH00217,04-08-2020,Liberica,Air,Central America,101.7651134,1317.06,Small Crate,2.301193236,3,142.89,183.51,299.9,53.1,Mumbai,Peru,Thailand,119752.9,20.25
BATCH00218,05-08-2020,Excelsa,Air,Africa,297.8894232,3059.08,Small Bag,5.498267811,4,208.57,84.2,209.73,66.5,Nairobi,Tanzania,Spain,350307.83,17.76
BATCH00219,06-08-2020,Liberica,Air,Africa,252.4437671,1105.33,Big Bag,5.600297415,1,106.02,151.2,168.1,78.8,Ho Chi Minh,Liberia,UK,238777.5,34.9
BATCH00220,07-08-2020,Excelsa,Road,Africa,159.5963863,2996.51,Small Bag,2.271156659,9,112.65,126.48,395.97,97.8,Nairobi,Ivory Coast,Chile,495008.9,24.2
BATCH00221,08-08-2020,Liberica,Air,Asia,552.1008729,1316.32,Big Bag,11.97680258,4,165.19,52.27,391.22,77.6,Tema,Guatemala,South Africa,178754.18,18.1
BATCH00222,09-08-2020,Excelsa,Air,South America,355.543416,3146.74,Big Bag,10.60842493,2,162.32,117.45,424.22,71.2,Mumbai,Honduras,UAE,544869.53,33.44
BATCH00223,10-08-2020,Robusta,Road,South America,215.4117136,572.05,Large Crate,2.855726794,11,297.63,61.21,202.7,101.2,Ho Chi Minh,Uganda,Pakistan,68051.84,28.67
BATCH00224,11-08-2020,Excelsa,Air,South America,292.699342,2792.15,Small Bag,5.500828629,1,282.25,156.54,442.32,55.1,Ho Chi Minh,Ivory Coast,Egypt,428049.91,30.64
BATCH00225,12-08-2020,Robusta,Sea,Central America,315.3409306,400,Large Crate,1.587075373,22,217.25,171.02,232.04,177.5,Nairobi,Honduras,Netherlands,75702.19,22.85
BATCH00226,13-08-2020,Robusta,Sea,Africa,328.8364277,522.32,Large Crate,9.423098956,8,143.69,53.35,457.25,67.9,Tema,Papua New Guinea,Australia,38623.83,15.6
BATCH00227,14-08-2020,Excelsa,Road,Africa,123.3181264,3219.18,Big Bag,1.820578868,12,242.06,66.7,462.35,129.3,Mumbai,Papua New Guinea,UAE,653495.33,25.57
BATCH00228,15-08-2020,Liberica,Road,South America,584.4664902,1419.04,Small Crate,14.78901253,7,290.76,164.66,353.64,112.7,Nairobi,Uganda,Poland,307803.71,48.72
BATCH00229,16-08-2020,Excelsa,Sea,Central America,441.2937406,3194.99,Small Bag,11.71023112,19,167.87,67.39,389.97,135.8,Ho Chi Minh,Ghana,Egypt,385960.31,23.35
BATCH00230,17-08-2020,Arabica,Air,South America,252.4547995,1512.52,Small Crate,5.853578244,4,105.9,184.17,145.23,65.6,Nairobi,Cameroon,Saudi Arabia,197216.25,8.47
BATCH00231,18-08-2020,Excelsa,Road,Asia,408.2293439,3377.55,Small Crate,8.678458984,12,107.7,126.88,472.3,91.8,Hambantota,Uganda,Canada,332160.52,11.03
BATCH00232,19-08-2020,Arabica,Road,Asia,496.7753955,638.46,Large Crate,13.67012724,7,253.12,140.99,189.67,130.4,Nairobi,Kenya,Netherlands,145467.83,34.36
BATCH00233,20-08-2020,Liberica,Road,Asia,304.7517227,1274.3,Small Bag,8.311489206,6,155.73,177.05,462.42,84.3,Hambantota,Philippines,Australia,188252.84,12.95
BATCH00234,21-08-2020,Excelsa,Sea,South America,214.8348266,3459.21,Small Bag,2.617477296,18,200.37,169.59,483.69,120,Mumbai,India,Saudi Arabia,306896.33,6.87
BATCH00235,22-08-2020,Liberica,Road,Asia,289.1809104,1064.03,Large Crate,5.680550334,8,129.23,128.16,444.28,89.8,Mumbai,India,Singapore,124615.63,22.17
BATCH00236,23-08-2020,Excelsa,Sea,Africa,463.7728595,3531.24,Small Bag,12.64717298,10,271.87,137.36,104.23,106.1,Tema,India,Chile,547464.88,26.45
BATCH00237,24-08-2020,Robusta,Sea,South America,371.8807813,1294.65,Small Bag,9.66319524,8,281.91,192.31,266.31,138.1,Tema,Malaysia,New Zealand,299699.18,31.04
BATCH00238,25-08-2020,Robusta,Air,Central America,347.0806427,451.72,Small Bag,9.760865765,2,226.25,58.19,413.17,74.5,Nairobi,Cameroon,Argentina,91492.13,33.22
BATCH00239,26-08-2020,Liberica,Road,South America,526.3245113,1153.14,Large Crate,13.00232229,7,244.94,70.38,171.42,63.2,Ho Chi Minh,Vietnam,Belgium,91585.65,14.59
BATCH00240,27-08-2020,Robusta,Sea,Asia,484.282485,965.34,Small Bag,13.40959586,21,117.51,75.41,363.92,168,Mombasa,Tanzania,Saudi Arabia,187806.7,14.71
BATCH00241,28-08-2020,Robusta,Road,Africa,475.4143621,811.45,Large Crate,13.79688858,10,127.95,112.75,338.44,120.5,Mumbai,Mexico,UK,151852.94,42.15
BATCH00242,29-08-2020,Robusta,Road,Central America,78.4043786,1316,Big Bag,1.422737899,5,225.92,173.54,195.55,64,Hambantota,Ivory Coast,Sweden,124229.37,14.07
BATCH00243,30-08-2020,Liberica,Sea,South America,364.4644188,1378.18,Large Crate,8.161890029,24,219.44,147.4,163.43,181.8,Mumbai,Mexico,Singapore,266159.35,19.15
BATCH00244,31-08-2020,Arabica,Road,South America,407.8001356,1701.96,Small Crate,11.10764282,5,138.96,139.81,192.56,101.2,Tema,Brazil,Australia,397142.17,38.67
BATCH00245,01-09-2020,Excelsa,Sea,Africa,339.9833146,3272.24,Big Bag,11.35390268,14,186.96,72.56,274.05,141.4,Hambantota,Indonesia,Belgium,723602.77,36.11
BATCH00246,02-09-2020,Excelsa,Road,Central America,312.8588514,3085.87,Small Crate,9.10074303,6,113.85,137.17,387.48,129.6,Mumbai,Malaysia,Spain,911044.22,43.81
BATCH00247,03-09-2020,Liberica,Road,Africa,163.374454,1194.51,Large Crate,2.501810028,8,192.38,119.22,269.56,96.4,Mumbai,Papua New Guinea,Australia,178976.49,15.7
BATCH00248,04-09-2020,Liberica,Air,Central America,448.562366,956.07,Big Bag,11.96130831,2,295.21,143.67,153.51,48.4,Mumbai,Ethiopia,Germany,92365.29,17.74
BATCH00249,05-09-2020,Excelsa,Air,Asia,411.8729876,3361.2,Small Crate,10.80167,2,191.65,199.83,350.53,79.9,Ho Chi Minh,Kenya,Japan,719684.16,14.66
BATCH00250,06-09-2020,Liberica,Sea,Africa,119.6232916,1760.88,Small Crate,1.292036573,17,167.21,125.58,381.27,160.9,Tema,Ethiopia,South Korea,337747.22,35.77
BATCH00251,07-09-2020,Liberica,Sea,Africa,234.921735,1149.79,Small Bag,6.95714737,14,142.93,149.09,117.32,141.1,Mumbai,India,Qatar,228350.25,22.12
BATCH00252,08-09-2020,Excelsa,Sea,Asia,134.5624036,3372.33,Small Crate,2.609660993,16,289.8,128.75,402.66,161.9,Nairobi,Indonesia,New Zealand,744739.48,20
BATCH00253,09-09-2020,Excelsa,Road,Africa,311.0535199,2976.69,Small Bag,5.062155686,5,217.9,151.89,474.62,69.1,Mombasa,Cameroon,Egypt,392902.18,22.03
BATCH00254,10-09-2020,Arabica,Sea,Africa,159.9478978,785.21,Large Crate,0.271216383,15,117.66,153.71,432.87,146.1,Mombasa,Colombia,Spain,172217.43,47.25
BATCH00255,11-09-2020,Liberica,Sea,South America,309.0460299,1158.01,Small Bag,6.004948026,10,273.11,63.64,320.34,110.3,Ho Chi Minh,Honduras,Spain,204060.58,31.57
BATCH00256,12-09-2020,Robusta,Sea,Asia,371.9197447,900.27,Big Bag,8.248153817,8,160.83,88.85,410.48,89.8,Ho Chi Minh,Honduras,Egypt,106850,16.34
BATCH00257,13-09-2020,Arabica,Sea,Asia,424.0499622,1524.45,Big Bag,9.293738892,22,228.48,190.48,416.06,171.8,Mumbai,Papua New Guinea,Saudi Arabia,278485.46,28.25
BATCH00258,14-09-2020,Arabica,Sea,South America,342.5309184,1721.32,Small Bag,9.952355177,9,148.01,58.68,227.87,121.2,Mombasa,Uganda,South Korea,366705.12,36.52
BATCH00259,15-09-2020,Excelsa,Road,South America,477.9775092,3278.42,Big Bag,12.5443697,6,127.33,111.19,394.07,106.8,Hambantota,Peru,Singapore,611930.92,49.41
BATCH00260,16-09-2020,Robusta,Air,South America,140.9449507,839.44,Big Bag,3.231943609,3,286.84,121.1,247.88,103.2,Nairobi,Malaysia,USA,204081.27,23.6
BATCH00261,17-09-2020,Liberica,Road,South America,99.07109661,1120.77,Big Bag,1.807227337,7,166.94,105.04,302.16,91.7,Nairobi,Ethiopia,Norway,173030.91,26.36
BATCH00262,18-09-2020,Excelsa,Sea,Asia,501.5949742,2967.89,Large Crate,12.77305758,8,248.49,190.27,399.66,88.3,Mombasa,Ivory Coast,Sweden,438676.83,29.42
BATCH00263,19-09-2020,Robusta,Road,Asia,217.8132887,634.32,Large Crate,2.349192223,5,177.76,186.9,256.64,86.5,Tema,Cameroon,New Zealand,90317.71,21.78
BATCH00264,20-09-2020,Excelsa,Road,Central America,528.9495799,2910.81,Small Bag,14.62140122,6,203.02,189.03,278.28,56.1,Mumbai,Indonesia,France,237319.46,6.28
BATCH00265,21-09-2020,Liberica,Air,Asia,561.5922248,1143.15,Small Crate,12.63807344,1,238.35,182.72,426.08,56.3,Tema,India,USA,182846.57,18.4
BATCH00266,22-09-2020,Robusta,Air,South America,335.983689,1108.67,Small Crate,7.513149088,1,136.02,85.03,240.99,51.8,Ho Chi Minh,Colombia,South Africa,144766.61,24.86
BATCH00267,23-09-2020,Liberica,Air,Africa,502.8003646,1376.28,Small Bag,14.72132137,4,226.56,89.92,279.64,98,Tema,Ethiopia,Belgium,271259.48,31.07
BATCH00268,24-09-2020,Robusta,Air,South America,89.4831005,404.94,Small Crate,1.460650937,4,226.65,107.47,476.78,53.9,Hambantota,Indonesia,Saudi Arabia,33453.93,16.21
BATCH00269,25-09-2020,Excelsa,Road,Africa,287.2861667,3504.77,Large Crate,4.545986418,12,138.14,57.33,276.06,105,Mumbai,Kenya,Singapore,419995.92,17.47
BATCH00270,26-09-2020,Excelsa,Air,Central America,393.6239426,3065.56,Small Bag,9.573366226,1,221.7,186.84,235.85,54.2,Nairobi,India,Saudi Arabia,461833.02,13.48
BATCH00271,27-09-2020,Liberica,Sea,Asia,291.3054597,1176.1,Small Bag,5.250103027,23,123.71,151.55,180.82,198.4,Mombasa,Papua New Guinea,New Zealand,228213.85,38.48
BATCH00272,28-09-2020,Robusta,Road,Africa,384.8694854,404.51,Big Bag,13.92558828,5,107.81,168.87,359.52,67.3,Mumbai,Kenya,Norway,48346.87,21.34
BATCH00273,29-09-2020,Excelsa,Road,South America,141.7653414,3446.37,Small Crate,0.984391323,11,261.48,121.46,474.09,82.3,Mombasa,Ivory Coast,South Africa,296999.73,14.74
BATCH00274,30-09-2020,Arabica,Sea,Central America,321.646615,720.27,Big Bag,8.241177481,24,293.97,93.5,442.86,204.3,Mumbai,Uganda,Turkey,168978.19,19.82
BATCH00275,01-10-2020,Robusta,Sea,Asia,296.2018435,400,Small Crate,8.862994011,21,102.57,55.3,323.03,142.2,Hambantota,Mexico,Netherlands,40544.9,22.86
BATCH00276,02-10-2020,Robusta,Air,Asia,390.5935386,614.92,Small Bag,9.790921857,4,189.75,169.78,119.84,38,Mombasa,Guatemala,UK,30843.67,8.08
BATCH00277,03-10-2020,Arabica,Air,South America,269.6404772,2399.24,Small Bag,3.83499335,3,284.7,114.97,423.4,75.6,Hambantota,India,Qatar,430436.19,13.71
BATCH00278,04-10-2020,Liberica,Road,Africa,377.3663067,1713.44,Small Bag,5.468496413,11,276.44,59.53,304.47,110.5,Ho Chi Minh,Papua New Guinea,Chile,300386.97,28.23
BATCH00279,05-10-2020,Arabica,Sea,South America,491.7638587,400,Big Bag,12.65520794,7,150.05,114.04,226.04,93.5,Mombasa,Guatemala,Sweden,65716.37,19.84
BATCH00280,06-10-2020,Excelsa,Sea,Asia,152.2669165,3096.83,Small Crate,2.924141535,12,219.88,87.06,408.48,135.6,Hambantota,Cameroon,Qatar,646882.98,16.85
BATCH00281,07-10-2020,Liberica,Air,South America,433.6154034,920.15,Big Bag,12.40301771,1,147.43,123.69,121.84,77.9,Tema,Brazil,Canada,200766.65,12.75
BATCH00282,08-10-2020,Liberica,Air,Africa,401.3515584,1184.73,Small Crate,8.439831344,1,200.38,52.69,157.7,42.2,Mombasa,Honduras,Pakistan,137639.2,14.75
BATCH00283,09-10-2020,Arabica,Air,Africa,393.1406741,400,Small Bag,11.43281267,2,114.56,132.48,349.83,71.2,Mumbai,Uganda,Spain,63795.93,23.87
BATCH00284,10-10-2020,Excelsa,Air,Africa,452.2446838,3378.08,Large Crate,10.70411049,2,243.33,160.45,475.7,45.1,Tema,Colombia,South Korea,338978.14,21.32
BATCH00285,11-10-2020,Robusta,Road,South America,208.0642324,796.99,Small Crate,3.112672431,6,152.13,56.07,241.64,69.3,Mumbai,Tanzania,Egypt,91357.89,19.41
BATCH00286,12-10-2020,Liberica,Road,Africa,365.120801,1199.79,Big Bag,8.532191047,6,242.49,163.5,400.11,121.2,Mumbai,Cameroon,UAE,341925.69,53.55
BATCH00287,13-10-2020,Excelsa,Road,South America,412.0694893,3175.77,Small Bag,13.01584729,6,284.47,57.72,498.44,48.9,Tema,Brazil,Netherlands,161169.84,4.07
BATCH00288,14-10-2020,Arabica,Air,Africa,276.6043964,1174.59,Large Crate,6.481743552,4,103.49,85.89,325.43,61.4,Mombasa,Cameroon,South Africa,138824.05,13.26
BATCH00289,15-10-2020,Arabica,Road,Asia,462.057957,1297.11,Large Crate,14.49886155,7,103.16,165.57,183.61,78.5,Nairobi,India,Qatar,174384.25,13.15
BATCH00290,16-10-2020,Liberica,Road,Africa,274.084425,1237.8,Large Crate,6.783226502,6,264.72,132.42,122.87,94.5,Nairobi,Honduras,Bangladesh,220271.68,13.67
BATCH00291,17-10-2020,Liberica,Road,South America,210.1104696,1387.2,Small Bag,2.14178455,5,221.84,174.94,234.16,90.7,Tema,Malaysia,Saudi Arabia,242315.4,17.53
BATCH00292,18-10-2020,Liberica,Road,Central America,336.7985012,978.14,Small Crate,5.841520201,8,246.4,136.39,325,57.1,Mombasa,Ghana,Poland,39935.53,5.44
BATCH00293,19-10-2020,Arabica,Air,Central America,538.9635154,670.18,Large Crate,14.2755361,1,171.71,195.51,387.37,58.1,Hambantota,Tanzania,Russia,98829.84,27.68
BATCH00294,20-10-2020,Excelsa,Sea,Asia,215.3573566,3097.95,Small Bag,4.79581274,7,151.71,146.95,333.25,74.3,Nairobi,Colombia,Chile,328017.63,7.23
BATCH00295,21-10-2020,Excelsa,Road,Africa,570.0491386,3137.19,Big Bag,13.0214724,11,197.62,50.35,397.16,119.2,Mumbai,Colombia,China,482613.15,19.7
BATCH00296,22-10-2020,Robusta,Air,Africa,467.3832751,627.69,Big Bag,13.21876023,2,228.8,186.45,221.27,59.2,Ho Chi Minh,Papua New Guinea,China,83716.5,14.72
BATCH00297,23-10-2020,Arabica,Sea,Asia,200.7996114,400,Large Crate,5.252797865,20,177.06,84.34,102.2,180.7,Tema,Uganda,Netherlands,83383.7,50.8
BATCH00298,24-10-2020,Liberica,Sea,Central America,172.2900945,1313.47,Small Bag,1.248864871,24,260.42,149.69,453.41,175.5,Mombasa,Papua New Guinea,Spain,176345.59,24.77
BATCH00299,25-10-2020,Excelsa,Air,Africa,448.9377612,3103.53,Small Bag,10.86836864,3,158.86,185.13,191.07,96.9,Mumbai,Philippines,Singapore,643287.81,30.24
BATCH00300,26-10-2020,Excelsa,Sea,Asia,213.051739,3164.74,Big Bag,4.672684485,12,246.98,96.2,486.06,72,Tema,Malaysia,Turkey,90243.32,5.95
BATCH00301,27-10-2020,Excelsa,Road,Asia,457.3268879,3489.72,Small Crate,11.74385421,12,194.74,120.03,373,128.1,Nairobi,Guatemala,Chile,735897.93,18.74
BATCH00302,28-10-2020,Excelsa,Road,Africa,321.3026812,3485.18,Small Crate,6.639822724,9,265.25,78.37,408.78,102.3,Mumbai,Mexico,Pakistan,624875.4,10.21
BATCH00303,29-10-2020,Liberica,Air,Africa,328.5539761,1023.65,Big Bag,7.279001135,3,268.52,89.74,398.48,95.4,Hambantota,Kenya,Poland,191184.66,27.11
BATCH00304,30-10-2020,Excelsa,Air,South America,473.0061808,3183.14,Big Bag,11.6686411,2,111.66,75.65,257.57,65.5,Ho Chi Minh,Cameroon,New Zealand,529481.86,31.54
BATCH00305,31-10-2020,Robusta,Air,Asia,246.7777559,637.79,Small Crate,5.735449966,3,174.47,153.44,346.51,78,Hambantota,Papua New Guinea,Netherlands,106396.89,24.1
BATCH00306,01-11-2020,Arabica,Road,Asia,325.7195576,998.74,Big Bag,6.64691018,10,245.27,166.5,461.49,120.8,Tema,Vietnam,USA,189924.9,46.82
BATCH00307,02-11-2020,Robusta,Road,South America,270.1636028,669.8,Small Bag,5.642857032,10,107.69,194.65,491.38,73.4,Mombasa,Mexico,Belgium,47197.63,9.19
BATCH00308,03-11-2020,Arabica,Road,South America,241.7127058,596.01,Small Bag,5.510107729,7,200.81,109.73,448.37,87.5,Mumbai,Peru,UAE,97197.08,22.51
BATCH00309,04-11-2020,Liberica,Sea,Central America,324.3817215,1124.89,Small Bag,7.889198654,25,121.01,176.76,145.03,185.3,Mumbai,Uganda,Turkey,184776,26.53
BATCH00310,05-11-2020,Excelsa,Sea,Central America,459.0646582,3040.62,Small Crate,12.13199167,22,208.23,158.71,187.64,156.2,Nairobi,Cameroon,Spain,378576.03,8.94
BATCH00311,06-11-2020,Robusta,Sea,South America,190.5268235,682.31,Small Crate,5.426524679,23,121.49,191.85,294.13,135.4,Nairobi,Honduras,UAE,41942.27,9.38
BATCH00312,07-11-2020,Arabica,Air,Africa,304.0816619,1057.17,Large Crate,7.863820808,1,194.59,194.75,243.2,50,Ho Chi Minh,Philippines,Japan,119834.5,17.82
BATCH00313,08-11-2020,Excelsa,Air,Asia,405.0725722,3164.08,Small Bag,10.06090988,3,198.53,149.62,411.17,69,Hambantota,Colombia,Poland,471885.58,14.45
BATCH00314,09-11-2020,Excelsa,Air,South America,153.6981991,3277.98,Small Crate,4.041591695,3,141.02,186.87,216.59,83.1,Mumbai,Cameroon,Turkey,602095.19,27.31
BATCH00315,10-11-2020,Excelsa,Sea,Central America,193.8890791,3130.77,Small Crate,4.162842074,23,187.39,77.55,143.66,152.8,Mombasa,Mexico,Sweden,303185.57,25.06
BATCH00316,11-11-2020,Robusta,Road,Central America,639.2681561,677.12,Small Crate,14.00119691,3,212.3,194.45,257.09,71.1,Ho Chi Minh,Brazil,Poland,100562.89,21.02
BATCH00317,12-11-2020,Excelsa,Road,South America,369.1276398,3394.73,Big Bag,10.8530186,4,117.83,57.47,492.19,91.1,Mumbai,Ethiopia,Spain,731382.59,22.63
BATCH00318,13-11-2020,Arabica,Sea,South America,340.5433087,424.2,Large Crate,8.657800143,15,146.13,102.06,374.98,98.7,Mumbai,Peru,Chile,27428.37,7.98
BATCH00319,14-11-2020,Liberica,Sea,South America,349.7881606,1147,Small Bag,9.715800816,9,209.15,157.02,393.54,85.2,Ho Chi Minh,Mexico,New Zealand,125187.75,14.51
BATCH00320,15-11-2020,Liberica,Air,Africa,107.3412492,1312.98,Big Bag,0.439491647,1,256.23,61.67,316.45,93.2,Ho Chi Minh,Ethiopia,Singapore,327387.13,20.9
BATCH00321,16-11-2020,Excelsa,Sea,South America,337.4004173,3232.34,Large Crate,9.271544483,18,190.73,115.96,125.93,167.1,Ho Chi Minh,Ethiopia,Qatar,589205.74,39.28
BATCH00322,17-11-2020,Arabica,Sea,Central America,317.1168368,1233.52,Small Bag,7.642633098,24,100.96,165.96,257.87,198.3,Hambantota,Vietnam,Argentina,234300.42,14.02
BATCH00323,18-11-2020,Robusta,Air,Central America,309.6600041,957,Small Bag,8.186245197,4,218.12,77.76,183.17,75.8,Hambantota,Brazil,Canada,168547.54,20.04
BATCH00324,19-11-2020,Robusta,Air,Central America,314.4971129,859.88,Small Crate,5.391357402,1,224.55,158.87,174.55,71.6,Ho Chi Minh,Ghana,China,173082.67,29.42
BATCH00325,20-11-2020,Arabica,Air,Asia,140.7451059,1614.34,Small Crate,1.222108466,1,282.03,136.45,250.48,60.8,Mumbai,Ethiopia,Thailand,227473.81,21.38
BATCH00326,21-11-2020,Excelsa,Air,Asia,136.8540223,3180.26,Big Bag,2.900088504,4,123.68,53.14,193.06,103.1,Mombasa,Uganda,Sweden,677844.55,37.81
BATCH00327,22-11-2020,Liberica,Air,Asia,569.8749471,1141.6,Small Crate,14.2611707,2,201.72,64.87,311.27,62.2,Hambantota,Tanzania,Canada,176147.99,9.17
BATCH00328,23-11-2020,Arabica,Air,Africa,236.0014722,761.51,Big Bag,6.130493434,3,198.77,116.19,157.67,66.6,Tema,Ethiopia,Belgium,123891.34,9.79
BATCH00329,24-11-2020,Robusta,Sea,Asia,231.8034107,607.22,Large Crate,7.000247337,25,283.61,124.84,237.28,182.9,Tema,India,Egypt,108160.76,25.6
BATCH00330,25-11-2020,Excelsa,Air,Central America,123.5672811,3564.16,Small Bag,0.790646848,4,105.16,188.04,447.22,81.5,Hambantota,Malaysia,Australia,517942,17.43
BATCH00331,26-11-2020,Robusta,Air,South America,212.2680245,600.57,Big Bag,0.563493443,2,285.47,195.84,416.61,56.2,Mombasa,Ivory Coast,Spain,85058.97,27.46
BATCH00332,27-11-2020,Robusta,Sea,Africa,331.3484447,753.88,Big Bag,10.75772171,22,222.39,162.02,490.76,159.8,Tema,Ghana,Germany,117851.64,18.8
BATCH00333,28-11-2020,Robusta,Road,Africa,275.5932028,559.53,Big Bag,8.071419962,3,156.49,107.16,335.18,57.6,Mumbai,India,Argentina,74823.96,12.9
BATCH00334,29-11-2020,Excelsa,Sea,Asia,366.5439761,3412.15,Small Crate,7.630589763,8,281.74,120.75,161.88,86.5,Tema,Ivory Coast,Russia,459477.12,29.41
BATCH00335,30-11-2020,Excelsa,Road,Africa,177.2899687,3403.28,Small Bag,3.646867956,12,143.95,194.19,318.84,128.4,Nairobi,Philippines,South Korea,728605.22,43.56
BATCH00336,01-12-2020,Liberica,Sea,South America,465.7352576,1037.9,Small Bag,11.17126097,21,289.97,177.76,456.83,196.5,Mumbai,Honduras,Thailand,229967.87,28.59
BATCH00337,02-12-2020,Arabica,Sea,Africa,133.8320153,1013.83,Large Crate,2.523548687,24,285.91,148.85,190.22,210.3,Nairobi,Ghana,South Africa,215830.61,60.18
BATCH00338,03-12-2020,Liberica,Air,Asia,192.5687435,1403.43,Small Crate,2.849021155,2,227.62,50.83,348.58,95.5,Mombasa,Colombia,Singapore,355256.67,17.44
BATCH00339,04-12-2020,Excelsa,Sea,Central America,394.5441734,3004,Big Bag,6.91068257,23,183.74,197.66,221.55,196.6,Ho Chi Minh,Philippines,Germany,603845.3,43.36
BATCH00340,05-12-2020,Arabica,Air,Asia,169.0964556,921.15,Small Bag,4.294197932,4,260.72,184.33,184.3,85.1,Tema,Mexico,Sweden,165194.05,11.43
BATCH00341,06-12-2020,Excelsa,Air,Africa,262.5463821,3128.4,Big Bag,3.711944718,4,213.96,99.67,120.81,76.4,Nairobi,Indonesia,New Zealand,434711.61,10.78
BATCH00342,07-12-2020,Robusta,Road,Central America,424.3422799,983.95,Small Bag,9.678564668,4,285.83,131.94,321.42,83.9,Tema,Brazil,Chile,177321.72,25.1
BATCH00343,08-12-2020,Liberica,Road,Central America,318.4750728,566.59,Large Crate,9.764576178,10,227.89,140.77,150.4,92,Hambantota,Kenya,Belgium,68399.47,15.84
BATCH00344,09-12-2020,Robusta,Road,South America,498.9777076,1172.53,Small Bag,12.36775605,3,188.34,74.03,366.06,56.4,Tema,Guatemala,Chile,122290.37,27.01
BATCH00345,10-12-2020,Excelsa,Road,Central America,291.6091616,3044.85,Large Crate,6.265628505,9,208.81,105.15,170.09,128.1,Mombasa,Liberia,Pakistan,648823.05,18.82
BATCH00346,11-12-2020,Arabica,Air,South America,137.4429915,400,Small Bag,1.096276365,4,194.35,74.29,156.91,83.6,Hambantota,Tanzania,Japan,74962.85,15.24
BATCH00347,12-12-2020,Excelsa,Air,Central America,239.9757515,3294.55,Large Crate,4.104995774,4,247.74,189.54,299.42,87.2,Ho Chi Minh,Colombia,Russia,641218.97,13.22
BATCH00348,13-12-2020,Arabica,Air,Central America,523.4841662,400,Small Crate,14.70008195,1,155.52,120.46,348.97,58.1,Tema,Ivory Coast,Netherlands,66576.95,26
BATCH00349,14-12-2020,Robusta,Air,Africa,371.8213068,888.91,Large Crate,8.943878628,4,201.71,124.01,428.68,88.4,Ho Chi Minh,Peru,USA,165347.36,38.59
BATCH00350,15-12-2020,Robusta,Sea,Asia,431.4543094,767,Big Bag,10.64605627,8,141.15,113.25,488.84,84.4,Ho Chi Minh,Liberia,Turkey,95661.2,17.89
BATCH00351,16-12-2020,Liberica,Road,Africa,140.6139203,1135.15,Small Bag,0.110367444,8,282.07,96.78,180.58,88,Mumbai,Cameroon,New Zealand,164630.84,8.1
BATCH00352,17-12-2020,Excelsa,Sea,Africa,256.8345278,3004.54,Big Bag,7.773085983,13,258.91,58.55,463.1,123.8,Nairobi,Malaysia,Norway,523208.27,31.09
BATCH00353,18-12-2020,Arabica,Road,Africa,181.4321907,1316.81,Small Bag,0.562929863,11,109.68,75.32,421.81,137.8,Mumbai,Tanzania,Norway,308178.14,25.88
BATCH00354,19-12-2020,Robusta,Air,Asia,298.3890783,493.71,Small Crate,8.538453181,2,122.57,165.82,473.88,72.1,Hambantota,Peru,New Zealand,83990.59,15.71
BATCH00355,20-12-2020,Arabica,Road,Asia,552.4283055,961.15,Big Bag,13.81156274,7,215.13,82.51,362.63,97.1,Mombasa,Papua New Guinea,Saudi Arabia,176315.85,12.54
BATCH00356,21-12-2020,Arabica,Air,Central America,539.7608637,1106.06,Small Bag,14.52628696,3,297.01,166.75,123.7,88.2,Mumbai,Philippines,Chile,207130.01,28.78
BATCH00357,22-12-2020,Arabica,Road,South America,279.1908868,836.41,Small Bag,8.108290131,8,181.47,176.11,173.04,100.6,Mumbai,Philippines,Chile,127774.03,28.51
BATCH00358,23-12-2020,Liberica,Sea,Asia,332.5994358,1277.4,Large Crate,6.873072079,17,151.15,106.79,270.88,154.9,Mumbai,Ethiopia,South Africa,207660.59,17.32
BATCH00359,24-12-2020,Liberica,Air,Central America,477.9873605,1114.98,Large Crate,14.17525641,1,123.44,175.99,330.68,28.4,Nairobi,Uganda,UAE,69786.23,13.81
BATCH00360,25-12-2020,Arabica,Road,Central America,456.5642022,960.53,Large Crate,10.10414748,4,121.11,68.92,211.31,52.7,Ho Chi Minh,Indonesia,Germany,91679.63,6.55
BATCH00361,26-12-2020,Arabica,Road,Asia,93.66293387,727.86,Big Bag,0.973489193,5,235.35,111.7,285.87,94.9,Hambantota,Liberia,Japan,156991.84,12.3
BATCH00362,27-12-2020,Excelsa,Road,South America,234.8272051,3165.88,Large Crate,6.985883665,10,118.33,122.3,415.17,93.5,Mumbai,Indonesia,Egypt,384854.48,24.05
BATCH00363,28-12-2020,Arabica,Sea,Central America,284.8025136,748.22,Small Crate,3.603675277,18,239.49,92.34,105.45,156.9,Nairobi,Kenya,Italy,144567.12,22.3
BATCH00364,29-12-2020,Liberica,Air,South America,320.4781282,1043.49,Small Crate,7.047064822,1,229.81,150.9,324.87,74.9,Tema,Papua New Guinea,South Africa,191293.95,28.11
BATCH00365,30-12-2020,Liberica,Road,Africa,348.3190637,1050.23,Small Bag,6.83198358,4,225.03,72.99,442.84,84.5,Hambantota,Papua New Guinea,UAE,200137.01,11.1
BATCH00366,31-12-2020,Excelsa,Sea,Africa,319.3915673,3393.01,Small Crate,8.732172042,19,166.54,134.27,406.09,171.2,Mombasa,India,Italy,611016.66,47
BATCH00367,01-01-2021,Arabica,Air,Asia,165.9561938,1284.94,Big Bag,5.351557355,2,295.19,184.28,150.51,30.1,Mombasa,Ghana,Canada,77682.65,9.47
BATCH00368,02-01-2021,Excelsa,Air,Africa,257.6818235,2875.3,Large Crate,2.464056742,2,186.48,77.6,385.39,57.7,Nairobi,Ghana,Chile,392461.43,26.5
BATCH00369,03-01-2021,Robusta,Road,Asia,326.352405,966.09,Small Crate,7.555791519,9,149.09,144.85,257.41,115.8,Tema,Cameroon,Turkey,174890.35,21.13
BATCH00370,04-01-2021,Excelsa,Sea,Central America,498.1588927,3125.05,Small Crate,12.45304327,21,103.38,52.2,155.56,153.3,Tema,Cameroon,Germany,361791.17,13.48
BATCH00371,05-01-2021,Liberica,Road,Africa,431.6352917,1631.63,Large Crate,9.960183421,9,286.7,90.98,360.7,82.2,Nairobi,Ivory Coast,Netherlands,191385.91,15.3
BATCH00372,06-01-2021,Arabica,Road,Asia,235.495987,2175.07,Big Bag,5.075517989,10,261.71,106.38,488.42,105.2,Hambantota,Brazil,UAE,375238.65,9.44
BATCH00373,07-01-2021,Liberica,Air,Asia,532.2968376,1141.12,Big Bag,14.03284534,3,296.86,51.83,274.3,59.4,Hambantota,Brazil,UAE,119226.59,18.47
BATCH00374,08-01-2021,Liberica,Sea,Central America,590.1910367,1278.85,Small Crate,13.68311357,14,294.77,111.43,310.32,134.2,Mumbai,Ivory Coast,Russia,223562.54,42.04
BATCH00375,09-01-2021,Excelsa,Air,Africa,192.5847183,3388.55,Small Crate,3.140225991,1,136.08,172.63,474.29,67.4,Nairobi,Kenya,Saudi Arabia,563004.87,26.06
BATCH00376,10-01-2021,Liberica,Road,South America,164.8429791,1246.99,Large Crate,0.591263777,9,209.21,113.46,475.37,94.2,Ho Chi Minh,Liberia,USA,158623.03,18.28
BATCH00377,11-01-2021,Liberica,Air,Central America,334.0265698,1271.94,Small Crate,11.11963063,1,121.09,91.71,465.5,59.3,Hambantota,Uganda,Australia,165021.28,12.69
BATCH00378,12-01-2021,Robusta,Road,Central America,528.6126491,400,Small Bag,12.41415392,11,131.78,106.65,160.7,95.5,Mumbai,Mexico,Belgium,43245.37,9.93
BATCH00379,13-01-2021,Arabica,Road,South America,459.4388398,1395.17,Big Bag,14.51796849,10,163.52,65.61,440.61,127.1,Mumbai,Mexico,New Zealand,253779.93,28.15
BATCH00380,14-01-2021,Liberica,Air,Asia,550.8968185,1083.37,Big Bag,13.34754591,4,191.49,156.41,364.01,88.7,Mumbai,Guatemala,Argentina,220000.44,19.09
BATCH00381,15-01-2021,Arabica,Sea,Africa,389.7722067,545.7,Large Crate,9.008021523,20,206.41,105.42,224.32,141.7,Mumbai,Mexico,Spain,67589.41,24.41
BATCH00382,16-01-2021,Robusta,Air,South America,333.7275188,859.76,Large Crate,7.950785088,3,265.14,121.99,367.22,88.8,Nairobi,Kenya,Norway,189506.69,30.42
BATCH00383,17-01-2021,Arabica,Air,South America,107.549062,528.57,Small Crate,0.417615769,4,130.79,83.49,318.51,81.5,Hambantota,Cameroon,Canada,75235.27,35.58
BATCH00384,18-01-2021,Excelsa,Air,Central America,198.3588464,3261.24,Small Bag,3.699846703,2,209.66,142.9,261.01,64.9,Nairobi,Uganda,France,423054.82,14.31
BATCH00385,19-01-2021,Robusta,Road,South America,265.7931623,650.73,Big Bag,6.894221276,5,133.86,123.03,290.34,88.3,Ho Chi Minh,Peru,Bangladesh,109207.59,22.21
BATCH00386,20-01-2021,Liberica,Road,Africa,372.5279411,1285,Big Bag,9.427558501,9,269.39,108.38,145.07,101.4,Tema,Guatemala,Sweden,219212.76,33.15
BATCH00387,21-01-2021,Arabica,Sea,Central America,461.1662789,2180.66,Small Crate,8.3587775,19,176.39,125.76,192.21,110.9,Nairobi,Guatemala,UAE,105723.79,5.26
BATCH00388,22-01-2021,Excelsa,Air,South America,499.3015309,3338.72,Small Crate,11.13953985,3,198.74,96.79,113.02,105,Mumbai,Mexico,Japan,860875.64,35.94
BATCH00389,23-01-2021,Arabica,Road,South America,182.34496,1799.32,Big Bag,4.196503963,8,217.33,56.42,171.63,88.3,Tema,Malaysia,USA,248600.16,19.08
BATCH00390,24-01-2021,Liberica,Sea,Asia,367.6130436,1119.93,Small Crate,8.474289115,11,195.59,184.91,201.72,120.7,Ho Chi Minh,Ghana,Germany,173435,25.76
BATCH00391,25-01-2021,Excelsa,Road,Asia,144.4629677,3268.99,Small Crate,1.322133651,10,201.41,161.9,211.83,119,Nairobi,Vietnam,Australia,540650.18,38.73
BATCH00392,26-01-2021,Excelsa,Sea,Africa,279.0348135,3176.81,Small Crate,6.204982854,14,130.77,104.32,381.32,151.9,Mumbai,Guatemala,Norway,641011.34,32.02
BATCH00393,27-01-2021,Excelsa,Sea,Asia,387.433497,3384.61,Small Crate,11.25241249,13,290.12,77.87,197.26,109.1,Mumbai,Honduras,Russia,372479.22,21.89
BATCH00394,28-01-2021,Robusta,Air,Central America,434.3252833,910.91,Small Bag,10.4010128,3,109.95,76.45,404.92,99.3,Mombasa,Tanzania,Pakistan,196403.72,34.55
BATCH00395,29-01-2021,Excelsa,Road,Africa,588.0928132,3119.25,Big Bag,14.85964106,6,203.99,111.93,108.54,45.6,Mombasa,Kenya,Bangladesh,147132.76,5.22
BATCH00396,30-01-2021,Arabica,Air,Africa,183.3560724,1905.82,Small Crate,4.16836689,1,182.46,52.34,421.97,62.9,Hambantota,Mexico,Germany,297216.43,18.44
BATCH00397,31-01-2021,Excelsa,Road,South America,421.9622555,3232.01,Big Bag,7.472839488,8,179.98,162.68,208.96,96.1,Ho Chi Minh,Tanzania,Japan,464729.68,21.17
BATCH00398,01-02-2021,Liberica,Air,South America,324.3888487,1207.59,Large Crate,4.942956207,3,286.95,177.06,293.2,91.5,Ho Chi Minh,Uganda,Pakistan,263974.96,20.55
BATCH00399,02-02-2021,Liberica,Air,Central America,325.6796793,1324.06,Small Bag,6.609046711,3,227.12,130.59,101.78,66.6,Nairobi,Uganda,Egypt,190773.44,26.59
BATCH00400,03-02-2021,Robusta,Road,Africa,424.0415733,904.47,Large Crate,12.85425195,4,135.34,135.43,338.99,98,Ho Chi Minh,Cameroon,Spain,192124.68,48.11
BATCH00401,04-02-2021,Arabica,Road,South America,427.9645151,942.17,Large Crate,10.26313613,8,111.49,81.62,352,59.2,Mumbai,Papua New Guinea,Italy,52458.44,12.31
BATCH00402,05-02-2021,Robusta,Sea,Africa,511.1974362,1261.37,Small Crate,13.23661787,15,172.02,142.51,465.99,128.7,Mombasa,Uganda,Sweden,177460.75,11.04
BATCH00403,06-02-2021,Arabica,Road,South America,217.2377626,1417.53,Large Crate,3.052666625,9,119.96,119.33,141.1,102.6,Hambantota,Tanzania,Chile,255352.43,20.5
BATCH00404,07-02-2021,Excelsa,Road,Central America,572.5357166,3327.92,Small Bag,13.10041677,12,243.61,122.02,379.27,99.9,Ho Chi Minh,Tanzania,France,375377.06,24.43
BATCH00405,08-02-2021,Arabica,Air,Asia,118.0943206,1451.97,Small Bag,0.896434113,3,131.43,73.19,410.92,80.4,Mumbai,Liberia,Poland,243031.03,38.2
BATCH00406,09-02-2021,Arabica,Road,Asia,602.2610052,1484.62,Big Bag,13.32898921,12,203.59,66.68,156.02,129.3,Ho Chi Minh,Kenya,Saudi Arabia,325244.31,14.19
BATCH00407,10-02-2021,Liberica,Road,Africa,268.4084181,1505.05,Small Bag,4.936106692,8,218.6,195.27,114,99.1,Mombasa,Ivory Coast,China,251393.65,11.18
BATCH00408,11-02-2021,Liberica,Air,Central America,227.0412763,1126.61,Small Bag,4.718814501,3,241.52,118.48,459.42,91.8,Hambantota,India,Thailand,235585.71,38.6
BATCH00409,12-02-2021,Robusta,Sea,South America,450.4087198,464.51,Small Bag,7.68132865,15,170.96,132.62,415.97,130.2,Mumbai,Papua New Guinea,Australia,72654.37,14.11
BATCH00410,13-02-2021,Excelsa,Road,Central America,564.8051795,3675.13,Small Crate,14.11035282,6,116.97,154.32,446.14,54,Ho Chi Minh,Honduras,Norway,257957.59,14.56
BATCH00411,14-02-2021,Robusta,Sea,Africa,98.76491976,1296.73,Small Crate,0.71672047,22,245.93,132.18,499.35,171.5,Tema,Vietnam,Russia,243514.69,24.46
BATCH00412,15-02-2021,Liberica,Road,South America,262.7147682,1022.07,Small Crate,5.283464626,3,251.55,55.89,153.52,61.5,Mombasa,Uganda,Spain,119876.85,9.1
BATCH00413,16-02-2021,Excelsa,Road,Africa,517.219046,3176.1,Big Bag,12.84857983,10,220.85,152.87,234.32,122.3,Mumbai,Honduras,Thailand,603967.87,47.11
BATCH00414,17-02-2021,Arabica,Air,South America,270.6814635,1937.35,Large Crate,5.940817162,4,239.42,85.89,122.94,57.2,Mumbai,Uganda,Russia,189277.42,6.85
BATCH00415,18-02-2021,Robusta,Sea,Africa,196.3159974,704.99,Big Bag,2.987353464,24,110.61,92.15,181.63,176.4,Nairobi,Tanzania,Turkey,94866.66,31.74
BATCH00416,19-02-2021,Excelsa,Road,South America,250.2972014,3084.17,Big Bag,6.37191272,11,116.38,58.95,113.99,70.3,Mumbai,Brazil,USA,145922.75,9.44
BATCH00417,20-02-2021,Excelsa,Air,Central America,189.2388991,3252.59,Small Crate,5.783287522,2,147.1,79.96,456.59,79.9,Mombasa,Brazil,Singapore,620676.64,21.69
BATCH00418,21-02-2021,Arabica,Sea,Africa,517.2582568,630.54,Large Crate,13.73124302,17,204.37,133.57,213.5,137.2,Ho Chi Minh,Malaysia,South Korea,98054.35,34.09
BATCH00419,22-02-2021,Excelsa,Road,Central America,449.8718602,3269.17,Small Crate,11.42901564,4,295.58,173.47,385.79,92,Mombasa,Ivory Coast,Sweden,705193.74,45.3
BATCH00420,23-02-2021,Excelsa,Air,South America,353.6579797,3094.18,Small Bag,7.576733336,2,151.52,170.27,266.34,46.9,Mombasa,Liberia,Australia,303832.57,8.2
BATCH00421,24-02-2021,Liberica,Air,South America,515.9572697,1525.82,Small Crate,14.8255585,3,211.67,66.82,263.35,129,Tema,Colombia,Netherlands,422591.09,28.36
BATCH00422,25-02-2021,Robusta,Sea,Asia,242.3471743,810.74,Large Crate,6.979162969,12,191.13,153.38,402.38,120.3,Ho Chi Minh,Kenya,South Africa,124610.91,39.06
BATCH00423,26-02-2021,Liberica,Air,Asia,77.94080038,902.08,Big Bag,0.873567462,2,152.57,129.77,153.62,58,Mombasa,Indonesia,Japan,101982.74,10.32
BATCH00424,27-02-2021,Liberica,Sea,Africa,270.8051327,1225.12,Small Crate,3.934114827,17,257.4,90.19,472.09,136.3,Mombasa,Liberia,Canada,154071.13,28.64
BATCH00425,28-02-2021,Arabica,Sea,South America,262.9011505,891.14,Large Crate,6.541057203,16,279.09,134.31,185.96,139.1,Mombasa,Brazil,Australia,153750.18,33.89
BATCH00426,01-03-2021,Excelsa,Sea,Central America,148.5021316,3284.87,Small Crate,2.353539362,21,253.11,157.18,446.35,136.8,Nairobi,Uganda,Saudi Arabia,315865.55,18.57
BATCH00427,02-03-2021,Arabica,Sea,South America,510.7836287,2082.15,Large Crate,14.21347689,17,107.49,112.74,411.4,177.1,Nairobi,Peru,Pakistan,510567.69,38.23
BATCH00428,03-03-2021,Robusta,Road,Africa,414.1181956,1015.63,Big Bag,11.50273347,6,121,152.12,114.45,80.7,Mombasa,Ivory Coast,Canada,121397.43,28.16
BATCH00429,04-03-2021,Liberica,Sea,South America,186.0686988,1335.1,Small Crate,4.024308006,14,227.53,77.81,306.52,117.1,Mumbai,India,Turkey,183728.56,24.03
BATCH00430,05-03-2021,Liberica,Sea,Central America,322.3058619,1433.73,Small Bag,8.862068003,11,139.44,96.29,358.58,97,Tema,Kenya,Saudi Arabia,183973.59,20.17
BATCH00431,06-03-2021,Liberica,Sea,Asia,494.6849494,1168.39,Small Bag,10.82173736,17,167.52,185.01,208.54,127,Nairobi,Ethiopia,China,149800.35,8.39
BATCH00432,07-03-2021,Liberica,Sea,Central America,557.5805522,1232.15,Large Crate,14.11918393,20,110.86,158.93,346.3,140.2,Tema,Indonesia,France,147840.8,14.54
BATCH00433,08-03-2021,Robusta,Sea,Central America,559.1269458,1119.96,Small Crate,13.22453024,9,234.34,76.14,160.13,81.3,Tema,Peru,UAE,125477.5,12.73
BATCH00434,09-03-2021,Arabica,Sea,Asia,404.3034896,1860.11,Big Bag,7.727883392,21,277.68,190.1,138.52,163.5,Nairobi,Colombia,UAE,322051.53,19.02
BATCH00435,10-03-2021,Arabica,Road,Africa,331.099689,400,Big Bag,11.6197893,9,178.55,55.47,401.57,89.4,Tema,Indonesia,Chile,50187.01,27.35
BATCH00436,11-03-2021,Liberica,Road,Asia,370.1378713,1381.35,Big Bag,8.432171307,7,273.28,78.58,141.81,106.7,Nairobi,Ghana,Italy,296528.42,42.69
BATCH00437,12-03-2021,Robusta,Road,Asia,319.4078188,1386.42,Large Crate,8.290558351,8,130.82,139.12,385,94.9,Nairobi,Papua New Guinea,Australia,194610.61,13.6
BATCH00438,13-03-2021,Liberica,Road,South America,207.4743635,968.04,Small Crate,1.721129375,11,197.23,54.8,110.39,127,Mombasa,Kenya,Egypt,169111.76,39.44
BATCH00439,14-03-2021,Robusta,Sea,Africa,119.6883859,537.1,Big Bag,1.89206487,8,227.09,110.88,321.56,70.3,Hambantota,Mexico,New Zealand,43210.48,15.92
BATCH00440,15-03-2021,Excelsa,Road,Central America,285.5826389,3276.93,Big Bag,7.943004225,4,110.5,190.64,153.3,98,Mombasa,Ethiopia,Qatar,655488.19,27.83
BATCH00441,16-03-2021,Liberica,Sea,South America,149.2854022,1076.61,Large Crate,4.032923175,14,155.6,52.98,177.94,101.8,Ho Chi Minh,Vietnam,Japan,104502.29,12.43
BATCH00442,17-03-2021,Robusta,Sea,Africa,94.33286056,622.64,Big Bag,0.315553537,21,207.09,84.68,354.89,171.6,Hambantota,Liberia,Singapore,106997.87,24.95
BATCH00443,18-03-2021,Arabica,Air,Central America,471.0249049,483.26,Small Crate,10.84258806,1,145.77,174.99,415.28,65,Tema,Mexico,Canada,66856.04,25.81
BATCH00444,19-03-2021,Liberica,Air,South America,127.4273294,1357.18,Big Bag,0.48729895,2,215.97,73.75,300.27,101.2,Hambantota,Ghana,Bangladesh,300494.61,31.83
BATCH00445,20-03-2021,Arabica,Sea,Africa,307.7421652,1707.03,Large Crate,8.929152617,19,253.84,135.95,238.16,128.6,Ho Chi Minh,Tanzania,Spain,157928.5,11.47
BATCH00446,21-03-2021,Liberica,Air,Africa,450.2701619,1222.94,Small Bag,8.087906912,4,257.2,157.29,216.12,58.1,Ho Chi Minh,Ivory Coast,Canada,122008.52,8.88
BATCH00447,22-03-2021,Arabica,Road,Asia,568.4435427,400,Large Crate,14.53222036,9,253.41,175.89,499.88,96.3,Hambantota,Cameroon,Singapore,62586.52,32.12
BATCH00448,23-03-2021,Robusta,Sea,South America,356.7664185,1087.93,Small Crate,7.26319709,10,189.83,122.57,307.63,121.7,Nairobi,Brazil,Belgium,186470.02,37.28
BATCH00449,24-03-2021,Liberica,Air,Central America,192.8720877,1322.65,Small Bag,0.954021546,1,116.91,105.11,176.67,62.3,Mumbai,Tanzania,Thailand,189009.34,24.82
BATCH00450,25-03-2021,Excelsa,Air,Central America,266.2488061,2829.49,Small Crate,8.275319517,1,146.64,78.44,143.03,32.6,Tema,Guatemala,Netherlands,226071.41,11.33
BATCH00451,26-03-2021,Arabica,Road,Asia,432.9215698,509.61,Small Crate,12.61644256,5,271.95,95.59,316.09,67.9,Hambantota,Papua New Guinea,Belgium,55362.13,28.5
BATCH00452,27-03-2021,Robusta,Air,Central America,589.7327458,944.2,Big Bag,14.95273926,3,116.26,124.89,132.13,57.6,Mumbai,Brazil,Thailand,102807.79,25.51
BATCH00453,28-03-2021,Robusta,Air,South America,253.1175118,494.13,Big Bag,6.455147605,1,254.63,161.42,452.64,62.6,Tema,Mexico,Germany,72121.09,10.01
BATCH00454,29-03-2021,Liberica,Sea,Central America,230.3837605,1153.96,Large Crate,4.804481137,9,117.21,85.94,327.6,119.4,Tema,Brazil,Pakistan,216848.32,34.03
BATCH00455,30-03-2021,Excelsa,Air,South America,504.106951,3231.26,Small Crate,13.59979945,4,131.75,53.98,375.98,73.1,Mumbai,Liberia,Japan,422596.13,28.09
BATCH00456,31-03-2021,Arabica,Road,Africa,122.1886887,400,Small Bag,2.868631936,3,156.14,131.22,344.45,80.7,Mumbai,Indonesia,Germany,77251.49,30.26
BATCH00457,01-04-2021,Arabica,Air,Central America,358.9021527,661.8,Big Bag,9.231433725,2,206.56,50.32,346.7,95.8,Mumbai,Liberia,Bangladesh,158291.07,16.13
BATCH00458,02-04-2021,Liberica,Road,Asia,328.2966517,1107.79,Big Bag,6.085716363,6,198.23,62.04,131.09,99,Tema,Papua New Guinea,Singapore,208438.82,15.96
BATCH00459,03-04-2021,Excelsa,Sea,Central America,154.9597587,3164.14,Small Crate,0.616235474,25,280.99,102.04,493.21,186.5,Tema,Cameroon,Australia,517856.47,16.62
BATCH00460,04-04-2021,Arabica,Air,Africa,311.9305465,1290.85,Small Crate,5.209327115,4,266.13,162.31,354.97,94.1,Mumbai,Kenya,Australia,231875.99,34.07
BATCH00461,05-04-2021,Arabica,Air,Africa,269.8466288,1161.4,Small Crate,3.978427838,2,170.42,137.32,238.34,42.1,Hambantota,Uganda,USA,93856.93,13.33
BATCH00462,06-04-2021,Robusta,Air,South America,429.0347156,1307.41,Small Crate,10.29136731,3,170.13,117.11,171.86,62.7,Tema,Uganda,UK,153307.87,10.56
BATCH00463,07-04-2021,Excelsa,Sea,Africa,543.2896489,3213.34,Large Crate,14.23185747,18,243.24,107.77,304.73,157.5,Hambantota,India,Canada,628198.66,18.17
BATCH00464,08-04-2021,Liberica,Road,Central America,233.2877723,1398.95,Small Crate,4.020707811,5,269.84,87.27,463.97,73.9,Tema,Malaysia,Saudi Arabia,202050.67,15.73
BATCH00465,09-04-2021,Excelsa,Air,Africa,433.8073143,3221.57,Large Crate,12.17198909,2,186.11,106.55,302.06,87.4,Ho Chi Minh,Ethiopia,Australia,672560.74,38.72
BATCH00466,10-04-2021,Liberica,Sea,South America,73.41468144,1314.63,Small Bag,0.830397254,17,108.12,121.63,279.79,166.6,Hambantota,Uganda,Poland,278236.24,34.47
BATCH00467,11-04-2021,Liberica,Sea,Asia,307.6745872,1180.38,Big Bag,8.071815151,24,247.27,64.27,131.01,155.7,Mumbai,Tanzania,Bangladesh,117392.71,18.09
BATCH00468,12-04-2021,Arabica,Air,South America,115.4460628,683.1,Large Crate,1.058250956,2,210.13,154.5,260.16,10.9,Mumbai,Indonesia,South Korea,1188.18,0.3
BATCH00469,13-04-2021,Excelsa,Sea,Africa,487.5235488,2986.75,Small Crate,14.01049487,9,123.04,86.08,328.34,100.5,Ho Chi Minh,Ivory Coast,South Africa,502182.19,32.62
BATCH00470,14-04-2021,Liberica,Sea,Central America,465.5496632,1151.16,Small Crate,11.49526921,16,232.85,65.09,377.5,155,Mombasa,Colombia,New Zealand,206378.43,34.88
BATCH00471,15-04-2021,Excelsa,Road,Central America,406.1722208,3164.12,Small Bag,9.869248668,4,279.99,67.22,462.2,70.1,Hambantota,Ghana,Bangladesh,421847.04,22.41
BATCH00472,16-04-2021,Robusta,Road,Africa,486.2195467,933.17,Large Crate,12.35844572,6,122.72,134.66,309.22,112.8,Nairobi,Brazil,Australia,202789.29,35.55
BATCH00473,17-04-2021,Liberica,Road,South America,408.9543113,1310.75,Small Bag,9.712796934,6,253.52,189.49,294.63,46.5,Ho Chi Minh,Guatemala,China,56168.16,3.67
BATCH00474,18-04-2021,Arabica,Air,South America,595.8081756,1676.45,Big Bag,14.53416596,1,285.24,167.26,443.13,39.5,Tema,Ghana,Qatar,178361.63,10.77
BATCH00475,19-04-2021,Liberica,Road,South America,420.8524319,1073.9,Small Bag,10.70936922,9,289.5,111.9,234.73,109.2,Tema,Ethiopia,Egypt,201492.44,19.41
BATCH00476,20-04-2021,Arabica,Road,Asia,566.514846,400,Big Bag,13.86987914,11,248.94,101.14,480.2,131.5,Tema,Liberia,Canada,85738.22,42.07
BATCH00477,21-04-2021,Robusta,Road,South America,358.5386193,870.02,Small Bag,7.75697838,10,215.11,120.9,148.28,77.3,Tema,Indonesia,Argentina,57233.98,16.75
BATCH00478,22-04-2021,Robusta,Road,South America,209.1606627,854.39,Large Crate,1.755966195,12,228.5,94.4,341.02,87.6,Hambantota,Guatemala,Egypt,60559.25,7.14
BATCH00479,23-04-2021,Excelsa,Air,South America,418.4114664,3450.58,Large Crate,7.922665821,3,187.74,181.92,493.02,74.1,Mumbai,India,Pakistan,604052.88,24.69
BATCH00480,24-04-2021,Arabica,Air,Asia,185.9252516,1730.45,Big Bag,1.903092421,2,140.7,99.56,486.86,62.8,Tema,Ghana,New Zealand,224583.45,29.21
BATCH00481,25-04-2021,Robusta,Air,Asia,371.8104781,617.55,Small Crate,8.887402188,4,134.66,105.44,370.47,66.8,Mumbai,Cameroon,South Africa,87953.04,12.84
BATCH00482,26-04-2021,Liberica,Air,Central America,321.9872681,1196.93,Small Bag,7.237395908,2,239.22,152.21,145.47,89.8,Tema,Philippines,UK,247712.6,27.03
BATCH00483,27-04-2021,Arabica,Air,Africa,356.650625,1795.7,Small Crate,9.338630967,4,193.69,171.49,188.26,70.4,Tema,Brazil,Turkey,222617.69,11.86
BATCH00484,28-04-2021,Excelsa,Air,Asia,79.33253415,3257.76,Small Bag,0.150704716,2,186.75,133.12,138.45,88,Hambantota,Peru,Norway,617775.66,42.22
BATCH00485,29-04-2021,Excelsa,Sea,Africa,232.7840794,3119.26,Small Crate,2.922607375,14,259.99,67.63,102.04,141.1,Mombasa,Honduras,Qatar,590840.44,45.09
BATCH00486,30-04-2021,Excelsa,Air,Africa,272.9151797,3355.12,Big Bag,7.369956479,3,225.06,164.48,218.3,48.9,Hambantota,Honduras,China,276106.8,13.63
BATCH00487,01-05-2021,Excelsa,Sea,Central America,608.4652345,3462.18,Large Crate,14.25755342,20,177.4,64.86,378.6,150.4,Hambantota,Cameroon,China,551793.42,29.44
BATCH00488,02-05-2021,Excelsa,Air,Africa,265.0379055,3427.06,Large Crate,5.754135605,1,180.48,112.6,173.39,45.2,Mombasa,India,South Korea,343907.61,22.03
BATCH00489,03-05-2021,Liberica,Air,South America,434.0713064,1154.68,Large Crate,6.365580391,2,172.63,130.16,308.33,46,Nairobi,Liberia,UK,124048.04,16.73
BATCH00490,04-05-2021,Arabica,Road,Asia,386.9574687,658,Small Bag,10.72044134,3,217.75,121.55,212.07,92.4,Hambantota,Tanzania,Italy,160632.09,40.84
BATCH00491,05-05-2021,Robusta,Sea,South America,384.2161868,554.52,Large Crate,9.056891359,16,141.32,183.81,286.77,121.1,Tema,Papua New Guinea,China,69918.06,8.03
BATCH00492,06-05-2021,Excelsa,Road,South America,216.924304,2787.22,Small Crate,4.483892251,3,252.33,161.95,351.89,75.9,Nairobi,Liberia,Sweden,508382.66,12.85
BATCH00493,07-05-2021,Robusta,Air,South America,245.2131734,745,Small Crate,6.162245934,2,109.7,130.31,369.15,70.9,Hambantota,Peru,Pakistan,138456.23,23.67
BATCH00494,08-05-2021,Arabica,Road,South America,251.154927,1587.77,Big Bag,3.265496983,8,214.6,78.48,107.86,101.2,Mumbai,Indonesia,USA,245665.24,27.29
BATCH00495,09-05-2021,Liberica,Sea,South America,479.4319469,1109.01,Large Crate,14.49032189,24,237.34,153.65,386.49,159.9,Tema,Ghana,New Zealand,130335.82,21.24
BATCH00496,10-05-2021,Robusta,Air,Central America,124.9817464,746.18,Small Bag,1.959515723,3,161.55,60.95,176.02,74.7,Hambantota,Tanzania,Pakistan,134652.27,16.94
BATCH00497,11-05-2021,Liberica,Sea,South America,296.6425385,1642.85,Small Crate,5.577551768,21,210.62,53.03,281.92,142.5,Mombasa,Ivory Coast,Norway,186185.94,11.33
BATCH00498,12-05-2021,Liberica,Sea,South America,148.875578,998.7,Small Bag,0.387584583,13,276.99,82.52,428.33,127.4,Mumbai,Kenya,Thailand,183963.88,20.96
BATCH00499,13-05-2021,Robusta,Sea,Africa,130.2065003,1040.36,Small Bag,3.326692379,19,105.32,111.13,381.2,165.2,Tema,Guatemala,Canada,172082.68,17.98
BATCH00500,14-05-2021,Liberica,Sea,Central America,480.2958565,934.67,Small Bag,11.70706708,12,110.83,110.21,384.2,108.3,Hambantota,Brazil,Thailand,115157.38,19.9
BATCH00501,15-05-2021,Arabica,Air,Central America,196.9738502,1328.35,Large Crate,3.017628484,1,243.65,111.06,144.44,52.7,Mombasa,Ethiopia,Argentina,147293.67,30.92
BATCH00502,16-05-2021,Arabica,Road,Asia,90.14236324,1458.24,Small Bag,1.200951038,4,283.45,185.2,219.86,63.2,Mombasa,Indonesia,Turkey,158837.55,8.95
BATCH00503,17-05-2021,Excelsa,Sea,Africa,274.0598542,3280.74,Small Bag,7.116797698,18,126.56,190.11,289.79,138.9,Mombasa,Vietnam,Turkey,496582.11,24.7
BATCH00504,18-05-2021,Robusta,Road,South America,50,575.11,Big Bag,0.149538521,11,297.34,146.91,255.12,90.1,Nairobi,Colombia,USA,61788.1,10.53
BATCH00505,19-05-2021,Liberica,Road,Asia,224.0169909,1353.83,Large Crate,1.271492316,4,224.2,101.46,101.13,62.3,Mumbai,Cameroon,South Korea,167494.25,26
BATCH00506,20-05-2021,Arabica,Air,South America,514.2026621,400,Big Bag,12.11438804,3,240.74,187.87,195.63,73.8,Tema,Uganda,Poland,62021.96,36.23
BATCH00507,21-05-2021,Liberica,Air,South America,382.7057547,936.37,Large Crate,11.57210017,4,134.3,194.27,396.66,81.5,Nairobi,Honduras,South Africa,177712.72,40.04
BATCH00508,22-05-2021,Liberica,Sea,Africa,551.7578528,1388,Big Bag,13.72708231,10,260.34,115.24,434.01,134,Ho Chi Minh,Ethiopia,Germany,321626.76,46.95
BATCH00509,23-05-2021,Excelsa,Air,South America,455.830829,3161.17,Big Bag,12.81773154,1,187.3,148.14,302.3,63.5,Mombasa,Malaysia,Russia,430798.62,10.5
BATCH00510,24-05-2021,Excelsa,Sea,South America,453.1695303,3397.46,Small Crate,10.24763345,15,120.09,192.07,206.21,94.8,Ho Chi Minh,Guatemala,Bangladesh,158592.01,10.38
BATCH00511,25-05-2021,Excelsa,Air,South America,98.74610733,3397.49,Large Crate,0.78499286,4,215.45,152.15,154.54,85.1,Tema,Ethiopia,Sweden,567078.64,23.97
BATCH00512,26-05-2021,Arabica,Sea,South America,434.1141733,942.1,Small Crate,11.74272927,7,191.91,131.46,344.67,121.4,Mombasa,Honduras,UAE,191850.6,29.9
BATCH00513,27-05-2021,Robusta,Air,Africa,466.0625015,866.76,Big Bag,12.68266216,1,115.55,174.19,288.31,54.5,Nairobi,Colombia,Germany,126650.91,13.05
BATCH00514,28-05-2021,Liberica,Sea,Asia,426.7191985,1462.01,Large Crate,11.98623219,24,179.07,100.56,139.5,190.8,Mumbai,Papua New Guinea,Norway,265065.65,31.6
BATCH00515,29-05-2021,Liberica,Air,Asia,398.7791347,1348.35,Large Crate,7.62718553,2,297.67,69.97,435.95,61.6,Mombasa,India,Bangladesh,210178.92,19.5
BATCH00516,30-05-2021,Robusta,Air,Africa,249.732177,511.96,Big Bag,3.49352758,3,246.68,135.48,152.28,91.2,Tema,Guatemala,Netherlands,100804.11,35.7
BATCH00517,31-05-2021,Excelsa,Air,Asia,485.895916,3318.75,Large Crate,12.67994964,3,116.71,181.09,314.57,78,Tema,Honduras,Chile,633522.03,12.58
BATCH00518,01-06-2021,Liberica,Sea,Central America,478.4516726,1084.21,Small Bag,10.90744215,8,130.96,57.25,463.68,118,Hambantota,Brazil,Norway,227564.11,20.03
BATCH00519,02-06-2021,Arabica,Sea,Asia,459.9889427,1466.33,Small Bag,14.71141762,9,119.01,178.38,433.82,106.5,Tema,Ghana,Netherlands,242646.9,24.33
BATCH00520,03-06-2021,Liberica,Road,Central America,108.6387301,1155.82,Small Crate,2.335388966,11,101.06,128.6,140.7,134.2,Tema,Ghana,Spain,240553.66,29.13
BATCH00521,04-06-2021,Robusta,Sea,Africa,225.2768005,982.82,Large Crate,3.384968746,25,187.61,125,195.51,168.5,Hambantota,Colombia,France,101930.02,23.77
BATCH00522,05-06-2021,Robusta,Sea,Central America,232.0859952,1367.39,Small Bag,3.176972248,8,291.78,98.13,245.38,79.9,Tema,Papua New Guinea,Singapore,146593.7,11.18
BATCH00523,06-06-2021,Liberica,Road,Asia,470.6132727,1129.72,Big Bag,11.88809651,11,170.42,151.16,218.15,130,Mumbai,Brazil,New Zealand,261989.86,33.98
BATCH00524,07-06-2021,Arabica,Sea,Central America,89.97354965,1223.81,Small Crate,2.803609447,12,284.83,187.28,381.43,75,Mombasa,Brazil,Egypt,53530.96,4.87
BATCH00525,08-06-2021,Robusta,Air,Africa,76.8801972,643.61,Small Crate,0.999897447,1,251.35,59.86,484,74,Mombasa,Malaysia,Argentina,132357.71,42.03
BATCH00526,09-06-2021,Liberica,Air,Central America,570.1819563,1308.83,Large Crate,14.9784121,3,218.33,145.46,453.13,57.6,Ho Chi Minh,Ivory Coast,Germany,149666.91,8.84
BATCH00527,10-06-2021,Excelsa,Air,South America,232.4913596,2982.27,Large Crate,0.372258172,2,217.49,107.72,213.94,85.3,Hambantota,Malaysia,Chile,635642.86,46.23
BATCH00528,11-06-2021,Robusta,Air,Africa,536.7554603,708.49,Small Crate,12.5286609,1,170.02,155.42,221.44,81.8,Ho Chi Minh,Colombia,Singapore,129960.3,36.58
BATCH00529,12-06-2021,Arabica,Sea,Central America,343.2802936,2422.83,Large Crate,5.480502623,19,130.41,54.99,368.38,144.8,Mumbai,Tanzania,Argentina,381382.2,15.02
BATCH00530,13-06-2021,Arabica,Road,Africa,495.713228,887.32,Large Crate,12.6242319,8,288.75,56.15,321.62,97.3,Nairobi,Liberia,Pakistan,134818.22,22.7
BATCH00531,14-06-2021,Liberica,Road,Central America,366.2037701,861.31,Small Bag,8.319307368,5,222.42,67.13,204.8,79.9,Mumbai,Vietnam,Qatar,119216.63,21.54
BATCH00532,15-06-2021,Arabica,Air,Central America,454.0597799,400,Big Bag,13.52446844,4,267.77,94.22,137.83,92.6,Mumbai,Uganda,Belgium,69103.58,44.01
BATCH00533,16-06-2021,Robusta,Air,Central America,564.3779465,817.98,Large Crate,13.8928948,1,152.6,139.33,406.49,73.1,Nairobi,Philippines,Poland,134776.44,38.53
BATCH00534,17-06-2021,Robusta,Road,Africa,100.4350964,776.06,Small Bag,0.136472719,7,180.27,79.17,382.44,86,Ho Chi Minh,Ethiopia,Australia,124606.44,33.41
BATCH00535,18-06-2021,Robusta,Road,South America,168.572098,1287.53,Large Crate,1.13118264,5,132.16,127.46,261.7,77.2,Mumbai,Ghana,South Africa,174144.57,33.49
BATCH00536,19-06-2021,Liberica,Sea,Central America,214.195746,1325.56,Small Bag,3.755380944,17,155.66,183.75,379.2,179.5,Tema,Guatemala,Italy,295563.27,37.96
BATCH00537,20-06-2021,Arabica,Sea,Central America,415.1478586,1202.67,Small Crate,10.03973125,16,181.15,191.54,143.32,138.2,Tema,Malaysia,Turkey,162668.42,36.99
BATCH00538,21-06-2021,Arabica,Air,Asia,495.3360826,1609.37,Small Bag,13.32408295,1,261.95,108.8,377.58,100.7,Mumbai,Ethiopia,UAE,358524.01,37.43
BATCH00539,22-06-2021,Robusta,Air,Asia,318.205113,1140.48,Small Bag,6.899129269,2,243.34,117,429.86,103.9,Ho Chi Minh,Philippines,Canada,256125.24,29.51
BATCH00540,23-06-2021,Excelsa,Sea,Asia,423.1417302,3529.83,Big Bag,9.104596744,22,107.22,126.88,121.49,156.2,Tema,Malaysia,Norway,385439.72,15.93
BATCH00541,24-06-2021,Robusta,Air,South America,121.5134573,777.63,Small Crate,2.827497792,4,258.9,154.98,437.3,47.6,Mumbai,Liberia,Pakistan,53473.17,18.06
BATCH00542,25-06-2021,Excelsa,Sea,Asia,387.5889539,3470.19,Small Crate,12.07450251,20,225.18,96,189.11,163.3,Hambantota,Colombia,Netherlands,643671.24,25.25
BATCH00543,26-06-2021,Robusta,Road,Asia,556.590879,774.44,Big Bag,14.50992167,3,162.29,53.11,481.72,52.5,Hambantota,Mexico,China,74758.12,19.28
BATCH00544,27-06-2021,Arabica,Sea,Africa,292.8982347,1994.59,Big Bag,4.028983994,23,140.59,182.44,467.36,193,Ho Chi Minh,Uganda,Thailand,481309.08,39.1
BATCH00545,28-06-2021,Excelsa,Air,Africa,407.3089091,2912.05,Large Crate,7.422389274,3,180.02,79.09,256.52,73.8,Mumbai,India,Norway,438897.59,29
BATCH00546,29-06-2021,Arabica,Sea,Central America,77.53173884,2253.08,Big Bag,1.291741658,24,261.79,186.65,373.15,201.9,Ho Chi Minh,Tanzania,Belgium,491048.93,19.65
BATCH00547,30-06-2021,Arabica,Air,South America,331.4678036,683.74,Big Bag,8.387049847,1,242.13,77.85,106.07,56.6,Mumbai,Kenya,Canada,99480.84,13.57
BATCH00548,01-07-2021,Robusta,Sea,Central America,252.2917861,980.13,Small Bag,7.541751628,17,125.69,93.68,211.92,107.8,Hambantota,India,Germany,65757.02,6.04
BATCH00549,02-07-2021,Excelsa,Road,Africa,137.4658366,3060.6,Small Bag,2.166547262,7,225.05,90.66,462.81,68.6,Mumbai,Peru,USA,311089.44,9.36
BATCH00550,03-07-2021,Robusta,Sea,Central America,355.0722007,1158.68,Small Crate,6.630993197,21,139.35,172.95,403.99,158.7,Tema,Liberia,Saudi Arabia,152604.11,34.42
BATCH00551,04-07-2021,Robusta,Air,Central America,249.7025043,705.29,Small Crate,5.011569781,1,117.76,78.96,111.19,49.1,Mumbai,Kenya,UK,82584.65,7.62
BATCH00552,05-07-2021,Liberica,Air,South America,316.1301899,1006.13,Small Bag,7.82746313,4,293.5,99.23,315.56,85.7,Ho Chi Minh,Guatemala,Germany,201921.39,28.14
BATCH00553,06-07-2021,Liberica,Air,Asia,390.7987388,1488.4,Small Bag,8.784815031,2,230.3,98.95,119.5,52.6,Tema,Guatemala,Bangladesh,191829.68,16.69
BATCH00554,07-07-2021,Robusta,Road,South America,64.07040588,427.32,Small Crate,0.127433679,5,213.15,186.92,225.57,59.2,Mumbai,Papua New Guinea,Russia,39261.09,19.84
BATCH00555,08-07-2021,Liberica,Air,South America,522.1016106,862.42,Big Bag,11.41508974,1,168.36,175.91,492.04,51.5,Tema,Ivory Coast,Saudi Arabia,102042.33,14.16
BATCH00556,09-07-2021,Robusta,Road,Central America,421.2206799,962.67,Small Bag,10.69521438,11,109.91,170.31,232.65,124.9,Hambantota,Colombia,Norway,169832.55,34.68
BATCH00557,10-07-2021,Liberica,Road,Africa,244.7391616,1006.21,Small Bag,5.494295793,8,251.33,150.62,249.09,111.7,Tema,Ghana,Netherlands,184410.28,15.82
BATCH00558,11-07-2021,Arabica,Air,Africa,153.1636327,1569.99,Big Bag,0.794039034,1,170.53,173.67,121.94,40.7,Hambantota,Papua New Guinea,Italy,173244.3,21.26
BATCH00559,12-07-2021,Arabica,Road,Asia,486.6839509,400,Small Bag,11.3239881,8,143.33,168.74,101.34,68.5,Nairobi,Mexico,China,35238.09,7.56
BATCH00560,13-07-2021,Liberica,Air,South America,609.6275842,1268.48,Small Crate,14.32762741,2,136.08,171.04,287.8,85,Nairobi,Philippines,Spain,240332.15,29.81
BATCH00561,14-07-2021,Arabica,Air,Asia,197.5697729,400,Small Crate,3.60227394,1,281.11,52.84,272.09,87.2,Ho Chi Minh,Papua New Guinea,Belgium,89178.76,41.6
BATCH00562,15-07-2021,Excelsa,Sea,Africa,299.8889023,3424.75,Large Crate,4.852869206,10,266.15,190.23,410.98,81.5,Mombasa,Indonesia,Chile,286729.96,20.26
BATCH00563,16-07-2021,Liberica,Road,Africa,187.7763809,1235.65,Large Crate,2.757193342,12,212.33,177.34,373.11,149.4,Mombasa,Philippines,Belgium,286303.43,32.07
BATCH00564,17-07-2021,Excelsa,Road,Asia,329.0522545,3142.92,Small Crate,8.65404185,5,257.94,81.48,201.49,77.8,Mombasa,Uganda,Thailand,447435.59,29.66
BATCH00565,18-07-2021,Excelsa,Road,South America,130.8380511,3299.89,Small Bag,2.32262092,5,121.18,160,483.25,92.2,Mombasa,Peru,UAE,657009.72,31.82
BATCH00566,19-07-2021,Robusta,Air,Africa,205.4381024,400,Small Bag,5.342909152,2,226.52,78.03,450.51,64.9,Mombasa,Ghana,Turkey,58472.04,13.54
BATCH00567,20-07-2021,Liberica,Sea,Africa,376.5711563,1037.75,Big Bag,10.45519521,12,193.21,77.17,399.98,121.5,Nairobi,Vietnam,Bangladesh,167271.11,10.54
BATCH00568,21-07-2021,Robusta,Sea,Africa,407.8375234,670.79,Small Crate,8.401739745,24,127.06,191.6,253.83,188.7,Hambantota,Malaysia,UK,126735.24,37.88
BATCH00569,22-07-2021,Robusta,Road,Asia,309.243634,850.39,Small Bag,5.796938465,4,158.45,184.36,233.34,86.6,Tema,Malaysia,Thailand,161693.99,29.25
BATCH00570,23-07-2021,Arabica,Sea,Africa,227.051738,762.62,Small Crate,6.303744027,18,158.19,107.66,338.14,156.3,Mombasa,Malaysia,South Korea,139127.4,25.44
BATCH00571,24-07-2021,Arabica,Air,Central America,265.6303512,2178.93,Small Crate,8.431663239,2,277.2,176.47,476.87,87.7,Ho Chi Minh,Brazil,Poland,535108.38,20.21
BATCH00572,25-07-2021,Arabica,Road,South America,50,1170.31,Large Crate,0.087970918,3,199.96,87.75,275.64,27.3,Mombasa,Mexico,USA,39714.94,6.81
BATCH00573,26-07-2021,Liberica,Road,Africa,96.49263039,1312.57,Big Bag,1.177648027,3,100.25,67.97,497.32,93.9,Nairobi,Ivory Coast,South Africa,247789.24,15.57
BATCH00574,27-07-2021,Robusta,Sea,Asia,481.402845,634.27,Small Bag,13.21887102,10,133.99,150.11,478.86,95.9,Ho Chi Minh,Ethiopia,Qatar,86479.55,23.21
BATCH00575,28-07-2021,Liberica,Air,Asia,193.6887212,952.92,Large Crate,1.168184836,1,226.67,88.27,184.23,79.7,Nairobi,Kenya,Egypt,184496.53,47.23
BATCH00576,29-07-2021,Excelsa,Road,Central America,390.6757753,3090.21,Small Bag,10.60205394,12,232.91,56.93,220.42,125.1,Hambantota,Uganda,Chile,509001.65,40.08
BATCH00577,30-07-2021,Robusta,Road,Africa,598.0421719,484.41,Large Crate,13.80057246,7,249.33,161.17,398.92,76.7,Hambantota,Colombia,Thailand,59040.1,12.61
BATCH00578,31-07-2021,Excelsa,Air,Central America,137.7976273,3245.68,Big Bag,4.060254065,4,285.38,154.82,456.11,95.6,Mombasa,Peru,Belgium,645158.36,34.61
BATCH00579,01-08-2021,Excelsa,Road,South America,249.2895206,3079.64,Small Bag,5.557371556,5,202.93,138.85,113.5,61,Hambantota,Ivory Coast,Belgium,276651.16,12.65
BATCH00580,02-08-2021,Robusta,Air,Central America,395.2920661,1117.61,Small Crate,8.533821088,2,170.19,114.39,427.67,54.1,Nairobi,Cameroon,Turkey,147093.88,12.09
BATCH00581,03-08-2021,Excelsa,Road,South America,539.129299,3086.82,Small Bag,13.22563454,11,206.69,69.57,334.96,123.1,Ho Chi Minh,Mexico,Chile,517790.37,38.13
BATCH00582,04-08-2021,Arabica,Road,Asia,507.0718164,1168.63,Large Crate,14.12858381,5,218.92,120.83,157.29,79,Tema,India,Canada,197155.97,11.28
BATCH00583,05-08-2021,Excelsa,Road,Asia,482.8911333,3486.65,Small Crate,11.09344872,5,212.51,106.79,451.76,105.1,Hambantota,Cameroon,China,799727.96,17.62
BATCH00584,06-08-2021,Excelsa,Road,Asia,179.5887145,3180.65,Small Crate,1.299296413,4,281.69,109.39,394.58,62.3,Mumbai,Mexico,UAE,407260.81,18.58
BATCH00585,07-08-2021,Liberica,Air,Asia,367.013637,1204.86,Large Crate,10.03731233,2,238.92,160.49,260.35,62.8,Tema,Papua New Guinea,UAE,156198.85,22.78
BATCH00586,08-08-2021,Robusta,Sea,Asia,300.3830983,1181.14,Small Bag,6.154555828,14,283.51,66,151.4,105.1,Ho Chi Minh,Papua New Guinea,Egypt,101656.79,16.22
BATCH00587,09-08-2021,Arabica,Air,Central America,346.996114,400,Big Bag,7.060514992,4,160.75,165.52,187.63,84.8,Mombasa,Vietnam,France,64201.3,13.27
BATCH00588,10-08-2021,Liberica,Road,Central America,91.59003728,916.57,Large Crate,0.737225855,8,205.46,174.95,379.41,57.4,Ho Chi Minh,Ghana,Sweden,45432.73,8.03
BATCH00589,11-08-2021,Excelsa,Road,Asia,270.6942352,3082.67,Small Bag,2.86593209,6,198.94,64.25,372.53,77.4,Mumbai,Ethiopia,Saudi Arabia,413289.45,10.2
BATCH00590,12-08-2021,Robusta,Air,Africa,413.9630261,1077.91,Big Bag,11.85770411,4,139.73,65.2,319.56,77.6,Mumbai,Indonesia,Germany,175312.77,11.01
BATCH00591,13-08-2021,Arabica,Air,Asia,311.486119,1588.07,Small Bag,6.809382496,2,266.07,134.37,421.03,58.3,Mumbai,Uganda,Germany,198550.12,20.23
BATCH00592,14-08-2021,Arabica,Road,Africa,173.2591429,1207.88,Big Bag,4.524933624,11,270.23,84.41,460.66,103.9,Hambantota,Colombia,Poland,138868.85,24.59
BATCH00593,15-08-2021,Robusta,Air,South America,277.9765932,400,Large Crate,5.760286109,4,153.29,80.73,433.75,57.2,Ho Chi Minh,Ivory Coast,Qatar,37467.03,17.03
BATCH00594,16-08-2021,Liberica,Road,Asia,431.1261202,1094.89,Large Crate,12.8159927,12,232.87,126.34,262.13,93.3,Tema,Malaysia,Germany,105019.09,6.61
BATCH00595,17-08-2021,Robusta,Air,Central America,422.3431008,753.68,Large Crate,11.23498526,3,250.83,76.06,314.57,46.2,Tema,India,Norway,68289.57,19.8
BATCH00596,18-08-2021,Robusta,Road,Central America,143.2120507,745.91,Big Bag,4.084730958,8,145.28,139.62,487.33,120.1,Tema,Papua New Guinea,Qatar,154451.88,34.93
BATCH00597,19-08-2021,Robusta,Road,Africa,192.8664981,627.12,Big Bag,1.762527603,7,259.77,90.9,173.99,110.6,Tema,Cameroon,Japan,121050.14,34.98
BATCH00598,20-08-2021,Liberica,Sea,Asia,231.2132022,905.57,Small Crate,3.779973325,24,130.4,127.83,367.6,169.2,Hambantota,Mexico,Japan,107620.16,30.47
BATCH00599,21-08-2021,Arabica,Air,Africa,568.7109307,903.52,Small Bag,13.81134677,1,251.74,116.63,338.76,110.3,Ho Chi Minh,Kenya,Poland,284604.92,19.02
BATCH00600,22-08-2021,Liberica,Air,Asia,344.3247188,1252.48,Big Bag,8.723832568,1,129.04,81.66,391.59,83.3,Hambantota,Vietnam,Italy,231412.04,50.57
BATCH00601,23-08-2021,Arabica,Road,Central America,396.7584623,920.45,Big Bag,8.002203131,12,129.5,132.18,459.89,136.8,Tema,Colombia,USA,194719.68,18.71
BATCH00602,24-08-2021,Robusta,Air,Africa,370.3411021,780.73,Big Bag,8.945903995,2,115.86,90.75,346.09,37.6,Nairobi,Papua New Guinea,Singapore,59744.61,5.85
BATCH00603,25-08-2021,Liberica,Air,Central America,270.3710926,1369.59,Large Crate,5.490423986,1,115.67,93.8,153.4,93.5,Tema,Guatemala,Poland,302564.39,57.99
BATCH00604,26-08-2021,Excelsa,Road,Central America,568.9008254,3122.07,Big Bag,12.1066053,10,233.09,107.3,108.29,131,Tema,Mexico,Poland,732795.69,46.74
BATCH00605,27-08-2021,Robusta,Sea,Africa,311.2450139,1242.32,Small Bag,7.84929374,18,117.69,93.99,381.22,133.2,Hambantota,Liberia,Chile,165645.6,19.91
BATCH00606,28-08-2021,Liberica,Sea,South America,213.9095078,831.23,Big Bag,1.751218542,10,243.91,191.89,223.17,89.9,Tema,Vietnam,New Zealand,99854.6,13.67
BATCH00607,29-08-2021,Robusta,Air,Africa,182.0635532,601.68,Big Bag,1.935976872,4,109.55,90.84,265.47,101.3,Tema,Cameroon,Thailand,118463.83,47.95
BATCH00608,30-08-2021,Excelsa,Sea,Africa,312.9913713,3463.43,Big Bag,8.052887198,7,196.13,134.27,166.2,104.9,Nairobi,Mexico,Singapore,564284.18,15.29
BATCH00609,31-08-2021,Arabica,Sea,Africa,455.6720536,400,Big Bag,14.04855327,15,147.29,51.04,467.27,152.7,Mumbai,Mexico,China,89313.7,21.93
BATCH00610,01-09-2021,Liberica,Road,South America,187.1042022,900.99,Large Crate,4.625281825,10,233.51,57.15,210.69,107.3,Mumbai,Malaysia,Pakistan,142224.96,23.82
BATCH00611,02-09-2021,Excelsa,Sea,Central America,547.8272659,3456.84,Big Bag,13.04311753,14,170.04,159.89,227.25,124.9,Mombasa,Uganda,Bangladesh,518051.95,20.07
BATCH00612,03-09-2021,Liberica,Sea,South America,530.5629903,1379.91,Small Crate,11.4614338,12,219.54,96.5,215.31,110.4,Tema,Guatemala,Spain,187135.82,32.83
BATCH00613,04-09-2021,Robusta,Air,Central America,216.0875945,400,Small Bag,3.717186644,1,120.21,195.96,344.41,86.9,Nairobi,Ghana,Chile,84428.52,34.94
BATCH00614,05-09-2021,Arabica,Sea,Central America,123.5474249,2348.92,Big Bag,0.545111225,19,250.89,162.64,244.7,122.3,Mumbai,Ivory Coast,UAE,187321.05,12.54
BATCH00615,06-09-2021,Arabica,Road,Africa,184.653941,1247.03,Large Crate,1.527708977,3,189.65,120.05,243.31,62.4,Mumbai,Cameroon,Argentina,170801.51,19.63
BATCH00616,07-09-2021,Robusta,Road,South America,431.4873717,744.22,Big Bag,10.92740901,8,109.29,163.57,135.32,91.9,Ho Chi Minh,Indonesia,Egypt,108937.45,20.53
BATCH00617,08-09-2021,Liberica,Air,Asia,244.836384,1398.6,Big Bag,2.995046071,3,176.76,129.57,263.04,50.4,Hambantota,Liberia,Chile,141310,17.63
BATCH00618,09-09-2021,Liberica,Air,Africa,281.6530268,962.94,Large Crate,5.569063808,3,121.39,163.59,104.72,73.5,Nairobi,Peru,Netherlands,172287.78,25.58
BATCH00619,10-09-2021,Excelsa,Road,South America,332.5416904,3196.84,Small Bag,7.52548749,7,283.19,144.19,110.44,104.3,Tema,Indonesia,China,686135.26,31.96
BATCH00620,11-09-2021,Excelsa,Air,Asia,391.5000334,3343.29,Large Crate,10.88202253,1,183.03,82.82,413.21,54.8,Tema,Guatemala,Egypt,465454.77,8.8
BATCH00621,12-09-2021,Excelsa,Air,Central America,103.6906965,2958.88,Small Crate,1.698468349,3,147.06,66.39,411.77,53.1,Hambantota,Ghana,Argentina,303701.52,19.29
BATCH00622,13-09-2021,Liberica,Road,South America,124.9104817,771.02,Big Bag,6.095496079,7,188.74,189.65,268.82,76.1,Nairobi,Honduras,Sweden,88005.78,15.65
BATCH00623,14-09-2021,Liberica,Road,South America,379.9886491,1038.22,Small Bag,7.276093637,8,122.03,90.65,195.54,82.9,Ho Chi Minh,Indonesia,Spain,133127.82,23.75
BATCH00624,15-09-2021,Arabica,Sea,Asia,336.041826,913.19,Small Bag,8.11240596,18,102.64,147.23,250.83,135.3,Nairobi,Papua New Guinea,Italy,104162.24,29.51
BATCH00625,16-09-2021,Robusta,Sea,Central America,448.2424214,887.53,Big Bag,12.27540962,20,223.37,113.45,352.41,121.3,Mombasa,Kenya,Chile,57162.98,6.88
BATCH00626,17-09-2021,Robusta,Sea,Asia,79.66982295,504.36,Big Bag,2.575172926,22,260.58,173.69,474.15,166.7,Mombasa,Cameroon,Netherlands,81856.78,29.12
BATCH00627,18-09-2021,Robusta,Sea,Africa,431.518515,817.48,Large Crate,12.11747178,16,249.71,71.72,208.85,147.5,Hambantota,Guatemala,UK,157504.88,16.21
BATCH00628,19-09-2021,Excelsa,Air,Africa,373.2109695,3308.04,Large Crate,10.39317642,1,247.49,189.79,332.03,59,Mombasa,Kenya,UK,475529.03,17.78
BATCH00629,20-09-2021,Liberica,Air,Africa,310.403212,1483.48,Small Crate,8.338062213,3,225.32,155.5,121.07,63.3,Mombasa,India,New Zealand,195283.18,11.55
BATCH00630,21-09-2021,Arabica,Sea,Asia,431.4293488,582.07,Small Crate,10.49291806,10,139.64,153.63,321.41,91.1,Nairobi,Papua New Guinea,China,69468.59,14.46
BATCH00631,22-09-2021,Arabica,Air,Central America,291.5204102,1844.91,Big Bag,6.180266084,4,286.95,59.61,162.18,83.9,Nairobi,Guatemala,Belgium,360935.19,41.11
BATCH00632,23-09-2021,Arabica,Road,South America,94.214117,993.19,Small Crate,2.07596379,11,283.39,196.88,292.06,115.9,Mombasa,Honduras,Thailand,186615.58,23.12
BATCH00633,24-09-2021,Robusta,Sea,Africa,334.7023031,774.3,Small Crate,9.986478604,25,205.43,186.69,461.49,183.2,Nairobi,Papua New Guinea,Norway,129649.02,36.08
BATCH00634,25-09-2021,Excelsa,Sea,South America,271.1186104,2806.4,Small Crate,7.8700846,13,241.56,101.09,449.79,110.3,Mombasa,Brazil,Russia,384724.52,9.56
BATCH00635,26-09-2021,Arabica,Road,Asia,478.2449646,1016.87,Large Crate,9.590622008,7,281.32,185.45,266.03,68.6,Mombasa,Honduras,Saudi Arabia,105115.47,12.4
BATCH00636,27-09-2021,Arabica,Air,Asia,326.7355829,420.72,Small Crate,5.069981715,3,196.35,152.48,104.96,104.7,Nairobi,Philippines,Poland,87497.58,55.93
BATCH00637,28-09-2021,Excelsa,Road,Central America,465.4750098,3048.1,Small Crate,13.60299866,9,296.65,102.72,215.35,79.8,Ho Chi Minh,Vietnam,Russia,264490.61,19.47
BATCH00638,29-09-2021,Excelsa,Sea,South America,265.4867249,3307.04,Big Bag,8.810548029,20,284.08,84.53,316.82,177.1,Tema,Honduras,Thailand,628070.47,33.88
BATCH00639,30-09-2021,Liberica,Sea,Africa,144.8333301,1324.83,Small Bag,1.281037264,11,247.09,145.27,412.8,119.2,Hambantota,Ghana,Japan,234391.39,14.17
BATCH00640,01-10-2021,Liberica,Air,Africa,304.7588016,1362.88,Big Bag,6.747059861,4,217.27,68.71,458.23,49.4,Mombasa,Guatemala,China,114070.32,13.41
BATCH00641,02-10-2021,Robusta,Road,South America,456.206074,795.8,Small Crate,11.34534082,3,186.15,132.68,355.26,96.3,Nairobi,Ghana,France,178227.98,48.34
BATCH00642,03-10-2021,Excelsa,Road,Asia,494.4292474,3285.37,Big Bag,11.91201843,9,205.61,127.98,231.9,102.9,Nairobi,Peru,Thailand,601704.89,35.07
BATCH00643,04-10-2021,Arabica,Sea,Asia,345.1538714,1112.67,Small Bag,7.418955791,11,172.3,83.49,300.33,139.6,Hambantota,Guatemala,Italy,262874.41,46.9
BATCH00644,05-10-2021,Liberica,Road,Central America,446.8144303,1565.61,Small Crate,13.42121356,5,112.93,74.62,137.07,73,Mombasa,Ghana,Germany,237575.56,17.75
BATCH00645,06-10-2021,Excelsa,Air,Central America,235.1528511,3520.12,Large Crate,4.015026558,3,269.57,171.48,346.46,58.5,Ho Chi Minh,Tanzania,Qatar,397280.11,17.89
BATCH00646,07-10-2021,Excelsa,Sea,South America,327.4605925,3239.35,Small Crate,6.158980459,23,276.31,105.52,214.61,137.8,Tema,Papua New Guinea,Norway,223299.26,10.02
BATCH00647,08-10-2021,Liberica,Road,Central America,468.1685236,1318.81,Small Bag,13.47895366,12,263.63,134.41,219.2,105,Nairobi,Uganda,Netherlands,147643.66,16.62
BATCH00648,09-10-2021,Excelsa,Road,Central America,518.3133459,3199.52,Small Bag,13.44385075,3,105.64,116.45,100.51,53.1,Nairobi,Brazil,Italy,300315.39,8.42
BATCH00649,10-10-2021,Liberica,Sea,Central America,380.9317101,1113.87,Small Bag,10.28569153,19,237.4,186.84,483.59,147.8,Ho Chi Minh,Colombia,South Korea,167539.44,31.51
BATCH00650,11-10-2021,Excelsa,Sea,Africa,586.3497323,3151.42,Small Bag,12.88470821,17,131.01,145.5,413.02,143.5,Tema,Uganda,UAE,533805.31,32.19
BATCH00651,12-10-2021,Arabica,Road,Africa,73.60661319,877.41,Large Crate,1.331599004,5,283.4,195.61,489.4,85,Nairobi,Colombia,Turkey,148106.3,27.41
BATCH00652,13-10-2021,Excelsa,Road,Asia,547.0451861,2942.57,Small Crate,12.97492464,7,267.82,88.61,127.56,98.9,Mumbai,Malaysia,Sweden,482028.1,24.07
BATCH00653,14-10-2021,Robusta,Air,Central America,160.7383199,977.92,Large Crate,4.809298598,2,129.38,187.05,294.19,97,Tema,Cameroon,Belgium,206318.26,43.04
BATCH00654,15-10-2021,Arabica,Sea,South America,269.9018149,1434.85,Small Bag,2.674972686,14,229.15,151.24,431.41,114.1,Mombasa,Kenya,New Zealand,193123.36,22.38
BATCH00655,16-10-2021,Excelsa,Road,South America,150.638973,3399.12,Small Bag,3.590547545,11,125.21,146.78,423.82,112.3,Tema,Guatemala,South Korea,577008.13,26.58
BATCH00656,17-10-2021,Liberica,Road,Africa,297.5694058,1380.98,Large Crate,6.26952762,9,203.78,162.02,107.39,115.8,Tema,India,Russia,269917.52,23.17
BATCH00657,18-10-2021,Excelsa,Road,Asia,131.5767427,3042.15,Large Crate,3.767880069,6,204.07,147.61,109.21,88.5,Ho Chi Minh,Ghana,Argentina,521483.36,11.05
BATCH00658,19-10-2021,Liberica,Air,South America,176.7563579,1183.69,Large Crate,4.80851379,3,185.03,111.05,102.8,73.8,Mumbai,Philippines,UK,168889.74,25.13
BATCH00659,20-10-2021,Robusta,Sea,Asia,205.6276711,798.98,Small Bag,2.024677291,9,256.73,157.12,465.19,92.7,Tema,Tanzania,Chile,103198.91,13.68
BATCH00660,21-10-2021,Robusta,Sea,South America,284.6876601,1080.8,Small Bag,4.442651483,19,190.43,110.3,273.69,139.4,Ho Chi Minh,Malaysia,Qatar,127252.52,21.32
BATCH00661,22-10-2021,Arabica,Sea,South America,369.4956632,920.88,Big Bag,8.584257218,16,171.59,96.52,349.79,107.9,Ho Chi Minh,India,Egypt,79777.59,6.81
BATCH00662,23-10-2021,Robusta,Road,Africa,335.8882519,1213.56,Small Crate,6.627805621,4,247.48,155.25,413.06,58.4,Hambantota,Cameroon,Spain,128054.4,14.26
BATCH00663,24-10-2021,Arabica,Road,Central America,308.2673797,2036.79,Small Crate,5.200781419,10,193.29,195.27,263.55,90.5,Ho Chi Minh,Cameroon,Canada,216481.34,11.24
BATCH00664,25-10-2021,Arabica,Air,Africa,401.6946148,2483.29,Large Crate,11.19678193,1,210.64,176.39,153.7,66.8,Mumbai,Peru,Norway,403523.56,34.23
BATCH00665,26-10-2021,Arabica,Road,Asia,432.1314154,400,Large Crate,13.40264957,6,234.98,100.6,298.72,106.2,Ho Chi Minh,Tanzania,Qatar,94763.5,15.37
BATCH00666,27-10-2021,Excelsa,Road,Africa,439.869981,3558.17,Big Bag,11.35183834,8,134.79,171.11,410.21,90.4,Hambantota,Cameroon,Bangladesh,525233.81,30.6
BATCH00667,28-10-2021,Arabica,Sea,Central America,220.5402567,1239.94,Small Bag,4.980010532,21,276.79,114.36,350.12,146.7,Mumbai,Mexico,Australia,135269.55,15.7
BATCH00668,29-10-2021,Excelsa,Air,Central America,454.4300495,3168.63,Small Bag,11.16663252,1,240.14,58.19,230.91,53.9,Ho Chi Minh,Guatemala,New Zealand,484913.98,20.99
BATCH00669,30-10-2021,Robusta,Sea,Asia,195.7925127,646.25,Small Bag,2.279702737,17,150.31,192.91,126.76,146.2,Hambantota,Guatemala,Japan,123308.37,26.81
BATCH00670,31-10-2021,Robusta,Air,Central America,124.5605551,711.19,Large Crate,1.954769821,4,161.03,58.87,194.26,70.7,Mombasa,Mexico,Russia,110091.17,26.96
BATCH00671,01-11-2021,Robusta,Sea,Central America,290.7375938,913.62,Small Crate,5.184405556,10,256.21,163.11,473.96,99.2,Ho Chi Minh,Brazil,Thailand,105389.56,19.46
BATCH00672,02-11-2021,Robusta,Road,South America,496.1729849,629.11,Big Bag,12.11553554,5,295.15,188.51,452.7,53.8,Mombasa,Liberia,Argentina,50948.84,7.71
BATCH00673,03-11-2021,Arabica,Road,Central America,247.0225902,1522.03,Large Crate,3.695223709,9,216.57,62.23,338.49,81.6,Tema,Indonesia,Belgium,162706.61,22.57
BATCH00674,04-11-2021,Excelsa,Air,Asia,108.0744152,2981.2,Small Crate,0.948801133,2,191.09,188.89,499.97,71.8,Hambantota,Ethiopia,Sweden,453501.79,26.69
BATCH00675,05-11-2021,Robusta,Road,Asia,198.2653991,919.12,Small Crate,1.975643028,12,216.58,57.47,104.89,155.7,Nairobi,India,Bangladesh,234024.26,21.98
BATCH00676,06-11-2021,Arabica,Air,Central America,512.4353499,1332.32,Small Crate,12.88117453,4,286.74,151.66,106.58,65,Mombasa,Colombia,Canada,183249.58,24.46
BATCH00677,07-11-2021,Arabica,Road,Asia,417.2117104,1163.48,Small Bag,9.506749271,11,193.25,185.53,158.86,136.6,Tema,Tanzania,Egypt,224016.47,47.59
BATCH00678,08-11-2021,Liberica,Sea,Central America,297.8299517,1264.49,Large Crate,3.798017451,25,106.23,181.91,196.04,180.8,Ho Chi Minh,Vietnam,Qatar,185139.34,27.38
BATCH00679,09-11-2021,Arabica,Road,Asia,366.2718309,496.53,Big Bag,8.32943738,4,230.37,110.81,381.39,83.9,Tema,Honduras,China,79572.19,23.21
BATCH00680,10-11-2021,Excelsa,Air,Africa,307.0627189,2996.44,Large Crate,7.913694336,4,282.25,168.71,270.81,89.9,Ho Chi Minh,Vietnam,Spain,550742.32,28.11
BATCH00681,11-11-2021,Arabica,Sea,Asia,339.4234637,400,Large Crate,9.831539677,21,109.39,77.66,294.15,172.8,Tema,Guatemala,Saudi Arabia,68954,18.61
BATCH00682,12-11-2021,Excelsa,Road,Africa,261.3312075,3316.63,Large Crate,3.497813316,9,139.39,71.55,486.57,93.6,Nairobi,Guatemala,Italy,455909.5,27.15
BATCH00683,13-11-2021,Excelsa,Sea,Asia,506.846728,3625.16,Large Crate,12.96604481,20,110.64,158.78,465.59,160.3,Nairobi,Brazil,Belgium,531024.9,15.71
BATCH00684,14-11-2021,Robusta,Air,Central America,322.7169524,1414.61,Small Bag,4.640528431,2,145.22,167.37,495.35,57.1,Mumbai,Kenya,Canada,176809.81,7.92
BATCH00685,15-11-2021,Excelsa,Sea,South America,310.8816347,3239.31,Small Crate,10.41197481,18,261.8,114.08,283.2,131.1,Ho Chi Minh,Kenya,Spain,416368.67,26.53
BATCH00686,16-11-2021,Arabica,Sea,Asia,152.7894453,412.8,Big Bag,0.241869696,12,120.6,165.54,211.28,118.5,Nairobi,Guatemala,Thailand,63781.14,22.32
BATCH00687,17-11-2021,Arabica,Air,Central America,254.6388417,1541.2,Small Bag,5.589856948,4,156.49,144.78,377.33,92,Hambantota,Mexico,Canada,295140.54,32.27
BATCH00688,18-11-2021,Robusta,Road,Central America,240.5933683,1373.31,Big Bag,5.275647269,7,200.07,197.86,447.82,52.4,Tema,India,Australia,58044.12,10.61
BATCH00689,19-11-2021,Liberica,Air,South America,306.3276009,1028.67,Large Crate,8.152266429,4,259.08,84.78,419.75,51.8,Nairobi,Brazil,Norway,100590.88,6.52
BATCH00690,20-11-2021,Excelsa,Sea,Central America,177.7098685,2989.94,Large Crate,1.091043927,12,117.63,116.66,275.4,134.7,Tema,Colombia,South Africa,550281.36,31.73
BATCH00691,21-11-2021,Excelsa,Air,South America,486.235927,3354.75,Small Bag,11.85197061,1,212.5,134.78,138.63,61.1,Tema,India,Argentina,582877.71,20.17
BATCH00692,22-11-2021,Liberica,Road,Africa,140.8822595,1617.36,Small Bag,3.266712027,4,257.94,141.37,251.86,89.6,Nairobi,Ivory Coast,USA,310698.12,21.88
BATCH00693,23-11-2021,Robusta,Sea,Africa,412.9130886,400,Large Crate,10.15556722,18,240.6,151.94,284.67,159,Hambantota,Philippines,Pakistan,81963.79,33
BATCH00694,24-11-2021,Liberica,Air,Africa,496.751172,1078.79,Big Bag,12.04818185,4,247.61,162.61,277.5,84.2,Mumbai,Philippines,Germany,167756.47,31.09
BATCH00695,25-11-2021,Liberica,Road,Asia,361.7451566,1165.28,Small Crate,8.428154344,5,263.73,130.17,346.66,106,Hambantota,Cameroon,Germany,254000.53,35.37
BATCH00696,26-11-2021,Liberica,Air,Africa,488.789458,1280.57,Large Crate,11.1132481,2,263.2,142.02,251.19,79.9,Ho Chi Minh,Brazil,South Korea,261831.8,37.19
BATCH00697,27-11-2021,Robusta,Sea,Asia,383.3352133,507.97,Small Bag,9.927904683,21,255.02,62.9,422.28,154.8,Tema,Guatemala,Spain,78368.47,27.43
BATCH00698,28-11-2021,Arabica,Sea,Central America,147.2705251,1552,Large Crate,5.332946957,24,133.92,111.36,494.44,198,Nairobi,India,Germany,313808.36,33.42
BATCH00699,29-11-2021,Robusta,Sea,Africa,473.3222206,695.61,Small Bag,12.13287809,11,183.71,177.56,404.37,123.4,Nairobi,Tanzania,Egypt,132334.63,40.66
BATCH00700,30-11-2021,Excelsa,Road,South America,241.6469049,3337.1,Big Bag,4.420520548,3,110.03,133.45,363.68,47.1,Mumbai,Papua New Guinea,Canada,281430.87,14.98
BATCH00701,01-12-2021,Robusta,Sea,Asia,372.6051378,1000.76,Small Bag,8.568193766,21,176.42,121.4,178.71,159.3,Hambantota,Guatemala,France,149708.97,19.08
BATCH00702,02-12-2021,Robusta,Air,Africa,490.7779375,862.89,Small Crate,11.18096609,2,119.88,75.8,487.49,79.9,Hambantota,Colombia,France,143995.46,41.09
BATCH00703,03-12-2021,Liberica,Air,Africa,172.9069968,1044.9,Small Bag,5.684338647,2,162.67,197.93,168.41,83.5,Hambantota,Philippines,Canada,199067.1,32.93
BATCH00704,04-12-2021,Robusta,Sea,Africa,224.3212582,562.75,Big Bag,4.541514114,20,225.73,172.94,481.69,136.3,Ho Chi Minh,Kenya,Australia,59585.87,14.7
BATCH00705,05-12-2021,Liberica,Road,Africa,260.5728142,631.83,Big Bag,6.890190153,7,193.71,154.86,311.58,93.8,Tema,Cameroon,Canada,88409.97,18.56
BATCH00706,06-12-2021,Liberica,Air,Central America,407.6820531,852.34,Large Crate,12.26945242,4,289.06,128.47,435.3,101.6,Tema,India,Germany,182195.6,25.91
BATCH00707,07-12-2021,Liberica,Road,Asia,514.8498434,1396.97,Large Crate,13.94882645,12,215.22,159.85,146,104.4,Tema,Cameroon,Thailand,191652.86,17.42
BATCH00708,08-12-2021,Robusta,Road,South America,380.3786373,745.27,Small Bag,8.176251193,12,270.29,199.89,263.85,118.8,Tema,Uganda,China,105780.34,37.94
BATCH00709,09-12-2021,Liberica,Road,Central America,412.7071226,1110.1,Large Crate,9.92199308,4,185.55,124.99,148.55,63.2,Tema,Liberia,Qatar,116171.11,14.82
BATCH00710,10-12-2021,Liberica,Sea,Asia,472.0970089,1182.48,Big Bag,13.54910433,11,110.29,85.97,420.71,149.2,Tema,Philippines,Germany,337116.55,61.3
BATCH00711,11-12-2021,Excelsa,Sea,Africa,137.0725032,3074.2,Large Crate,1.478202771,25,110.07,65.87,421.19,207.2,Hambantota,Ethiopia,New Zealand,639366.57,46.06
BATCH00712,12-12-2021,Liberica,Sea,Central America,250.9301823,1564.88,Large Crate,3.481178668,7,207.63,114.09,477.71,114.2,Mumbai,Malaysia,South Africa,358508.61,29.7
BATCH00713,13-12-2021,Liberica,Air,Africa,453.1614651,1232.53,Small Crate,10.63350009,1,296.64,154.68,398.35,50.6,Ho Chi Minh,India,South Korea,141481.95,23.73
BATCH00714,14-12-2021,Robusta,Air,Africa,443.0465072,1362.09,Large Crate,12.35616693,1,190.47,93.82,117.12,92,Hambantota,Honduras,USA,307611.66,25.3
BATCH00715,15-12-2021,Liberica,Road,Asia,454.788244,1001.68,Small Crate,12.85543542,12,242.03,163.82,146.45,120.3,Tema,Peru,Poland,176504.39,33.1
BATCH00716,16-12-2021,Liberica,Air,Central America,200.9740216,1438.8,Small Crate,6.226607653,2,136.73,182.22,168.15,100.3,Mumbai,Ghana,Netherlands,410837.99,47.25
BATCH00717,17-12-2021,Robusta,Road,Asia,118.7323894,603.95,Small Crate,1.340098534,6,225.56,153.11,431.55,104.7,Mombasa,Peru,Saudi Arabia,110368.43,38.1
BATCH00718,18-12-2021,Arabica,Sea,Africa,210.2122183,1081.91,Small Crate,6.566722159,7,151.92,155.73,405.23,68.3,Hambantota,Ethiopia,Argentina,112105.83,17.74
BATCH00719,19-12-2021,Robusta,Air,Central America,307.18405,475.88,Small Bag,3.461018853,1,254.26,184.7,161.89,68.9,Hambantota,Brazil,Turkey,75351.46,23.2
BATCH00720,20-12-2021,Liberica,Sea,Africa,188.2824969,1112.38,Small Crate,4.367946825,19,206.85,104.38,421.46,141.8,Mumbai,Peru,UK,162244.4,14.43
BATCH00721,21-12-2021,Robusta,Air,Central America,502.9694433,1354.24,Large Crate,11.58401335,3,222.51,144.64,499.58,93.9,Hambantota,Malaysia,South Africa,259039.14,16.84
BATCH00722,22-12-2021,Liberica,Sea,Africa,224.8924991,1169.36,Big Bag,1.13290629,13,137.16,194.98,198.35,107.3,Nairobi,India,Italy,149402.42,13.58
BATCH00723,23-12-2021,Excelsa,Road,Africa,483.2216183,2878.06,Small Crate,12.41371826,3,207.2,136.99,354.1,71.4,Nairobi,Guatemala,Argentina,459144.46,25.07
BATCH00724,24-12-2021,Liberica,Sea,Central America,287.4503758,1489.11,Big Bag,6.415036287,21,146.99,74.5,107.78,145.2,Mumbai,Colombia,Qatar,151176.39,7.9
BATCH00725,25-12-2021,Robusta,Road,South America,302.1105062,400,Large Crate,8.940958967,3,212.45,121.42,424.27,66.6,Tema,Brazil,China,50775.26,25.71
BATCH00726,26-12-2021,Excelsa,Air,Asia,115.113498,3227.27,Small Crate,1.344783469,2,299.35,85.07,237.18,85.9,Hambantota,Guatemala,Poland,725976.22,38.86
BATCH00727,27-12-2021,Liberica,Sea,Africa,332.0098377,1078.43,Small Bag,5.060386175,15,182.74,160.5,353.05,161.7,Mumbai,Colombia,Japan,223541.61,27.43
BATCH00728,28-12-2021,Robusta,Road,Africa,157.928045,831.44,Big Bag,1.345513785,5,131.32,196.3,440.81,80.5,Mombasa,Indonesia,Russia,128356.27,14.5
BATCH00729,29-12-2021,Robusta,Road,Central America,534.1120857,569.58,Small Crate,14.42315584,5,275.52,169.31,404.03,97,Hambantota,Vietnam,South Africa,107046.35,22.22
BATCH00730,30-12-2021,Arabica,Air,Asia,528.8739027,400,Big Bag,12.10892474,2,218.85,107.63,186.9,104.5,Mumbai,Indonesia,Argentina,96402.12,39.54
BATCH00731,31-12-2021,Excelsa,Sea,Central America,341.6492669,3315.43,Small Crate,6.894491315,16,235.81,184.02,181.36,157.1,Ho Chi Minh,Indonesia,Chile,638290.83,43.31
BATCH00732,01-01-2022,Arabica,Road,Africa,193.2274894,611.23,Large Crate,3.354038225,6,172.53,117.9,430.98,99.3,Hambantota,Cameroon,Germany,106486.65,20.73
BATCH00733,02-01-2022,Liberica,Road,South America,530.8675891,1241.42,Large Crate,14.00182658,4,127.47,157.06,122.38,88.4,Tema,Honduras,New Zealand,257074.95,15.98
BATCH00734,03-01-2022,Liberica,Sea,Central America,216.6652162,915.62,Small Bag,5.168948936,23,281.03,101.95,413.55,189.1,Nairobi,Vietnam,Thailand,204818.96,17.18
BATCH00735,04-01-2022,Excelsa,Sea,South America,144.3909619,3159.04,Big Bag,2.414766475,23,114.58,94.1,475.28,180.7,Ho Chi Minh,Honduras,UK,490334.05,29.17
BATCH00736,05-01-2022,Arabica,Air,Asia,343.1090433,1449.82,Big Bag,8.447465827,3,250.45,102.55,486.17,86.7,Nairobi,Philippines,Japan,307466.32,37.84
BATCH00737,06-01-2022,Arabica,Sea,South America,552.5719073,400,Small Crate,14.15661181,13,185.33,152.41,255.03,136.7,Nairobi,Brazil,China,70014.53,35.6
BATCH00738,07-01-2022,Arabica,Road,Central America,50,955.1,Small Crate,0.057454358,10,255.61,170.03,170.03,137.6,Mumbai,Colombia,Thailand,230744.97,44.64
BATCH00739,08-01-2022,Robusta,Road,Central America,210.968196,694.19,Small Bag,3.571872649,3,236.57,111.41,342.08,78.9,Hambantota,Ethiopia,Pakistan,110128.08,26.9
BATCH00740,09-01-2022,Robusta,Road,Asia,502.8083302,1494.47,Big Bag,14.07671461,4,236.83,167.55,179.39,55.7,Nairobi,Vietnam,Netherlands,132742.16,7.78
BATCH00741,10-01-2022,Arabica,Road,Central America,131.9422242,763.15,Small Crate,2.566289503,12,254.99,125.66,260.92,100.8,Tema,India,Sweden,76060.75,22.58
BATCH00742,11-01-2022,Robusta,Air,South America,131.7349758,423.7,Large Crate,1.698651775,2,226.63,170.94,355.29,73,Ho Chi Minh,Philippines,Belgium,64127.82,18.33
BATCH00743,12-01-2022,Liberica,Road,Africa,240.514084,1213.26,Small Crate,8.552808237,11,138.2,87.65,423.52,119.8,Ho Chi Minh,Vietnam,New Zealand,185295.84,36.97
BATCH00744,13-01-2022,Arabica,Road,Central America,449.9502868,2008.6,Small Bag,12.92765735,6,195.29,89.99,230.42,58.2,Nairobi,India,South Korea,144808.27,5.88
BATCH00745,14-01-2022,Liberica,Road,Central America,259.7250739,1623.43,Large Crate,7.156647265,3,255.16,188.85,132.73,76.8,Hambantota,Tanzania,Norway,307018.28,23.09
BATCH00746,15-01-2022,Excelsa,Air,Asia,533.5581134,2998.5,Large Crate,14.91846385,3,102.39,190.66,206.23,79.5,Mombasa,Ethiopia,China,547396.72,34.49
BATCH00747,16-01-2022,Robusta,Air,Asia,291.6377736,1429.35,Large Crate,10.18757549,2,187.37,55.95,432.81,69.7,Ho Chi Minh,Honduras,China,215429.4,15.88
BATCH00748,17-01-2022,Liberica,Road,Central America,142.8783454,1307.32,Small Bag,1.111123608,3,271.01,138.2,320.32,105,Hambantota,Liberia,Turkey,320766.05,36.7
BATCH00749,18-01-2022,Robusta,Road,Africa,592.2456241,771.38,Big Bag,14.89248198,8,227.53,120.68,131.41,98.2,Hambantota,Ethiopia,Netherlands,107168.04,14.22
BATCH00750,19-01-2022,Robusta,Sea,Africa,277.6875879,490.82,Big Bag,6.118413552,15,151.02,119.44,182.93,132,Mombasa,Ghana,Belgium,86142.12,35.16
BATCH00751,20-01-2022,Excelsa,Sea,South America,254.2707339,3235.78,Small Crate,4.311038008,14,105.17,156.2,401.06,123.4,Tema,Uganda,Argentina,511825.71,33.18
BATCH00752,21-01-2022,Excelsa,Sea,South America,325.4091048,3093.46,Small Bag,8.368187754,20,192.41,182.38,254.79,155.2,Mombasa,Guatemala,South Korea,454572.68,12.09
BATCH00753,22-01-2022,Arabica,Road,Central America,159.2073601,400,Small Bag,4.564613877,12,190.16,142.8,127.13,125.7,Hambantota,Mexico,South Korea,68618.21,15.21
BATCH00754,23-01-2022,Excelsa,Sea,Africa,138.9904443,2690.51,Large Crate,1.296862607,13,252.05,52.63,414.73,111.8,Hambantota,Mexico,Germany,368522.27,29.36
BATCH00755,24-01-2022,Arabica,Road,Africa,134.6616732,2006.84,Small Bag,0.021425146,7,124.98,157.79,254.17,124.1,Hambantota,Cameroon,Bangladesh,464243.8,59.15
BATCH00756,25-01-2022,Arabica,Road,Asia,236.0931025,400,Small Crate,6.743750294,8,171.7,134.5,208.39,91,Mombasa,Peru,USA,59914.41,19.79
BATCH00757,26-01-2022,Excelsa,Road,Asia,453.3271762,3507.18,Small Bag,12.55295133,10,272.4,180.26,185.5,138.5,Tema,Uganda,Saudi Arabia,857957.22,54.66
BATCH00758,27-01-2022,Arabica,Sea,Africa,345.1860135,1286.11,Large Crate,8.584727784,8,110.78,88.4,192.43,71.8,Nairobi,Honduras,Argentina,104508.51,11.45
BATCH00759,28-01-2022,Robusta,Sea,Africa,692.2136668,765.83,Big Bag,14.98810948,19,159.44,175.83,259.41,125.9,Mumbai,Malaysia,Poland,74215.76,18.59
BATCH00760,29-01-2022,Excelsa,Air,Africa,240.2495503,3356.63,Small Bag,4.302699685,4,100.93,184.67,425.45,87.5,Nairobi,Colombia,Sweden,633604.37,43.23
BATCH00761,30-01-2022,Excelsa,Air,South America,130.9261002,3362.25,Big Bag,4.206825971,3,163.65,166.29,263.94,95.4,Tema,Ethiopia,South Africa,720176.07,34.58
BATCH00762,31-01-2022,Arabica,Air,Central America,64.24471201,1117.15,Small Crate,2.396241904,2,114,104.93,166.57,90.1,Mombasa,Guatemala,Saudi Arabia,211302.65,45.69
BATCH00763,01-02-2022,Robusta,Sea,Asia,210.3535562,944.77,Big Bag,2.460953824,22,265.26,76.76,404.11,188.9,Hambantota,Guatemala,Argentina,175482.48,18.33
BATCH00764,02-02-2022,Liberica,Air,Africa,352.585567,891.23,Large Crate,4.27779894,1,189.34,78.86,117.83,82.1,Mumbai,Philippines,France,210253.36,26.6
BATCH00765,03-02-2022,Excelsa,Sea,Central America,442.7292961,3246.1,Small Crate,11.89260068,12,263.64,177.08,218.56,159.6,Mumbai,India,Spain,915230.46,47.45
BATCH00766,04-02-2022,Liberica,Road,Africa,490.5495762,1308.6,Large Crate,13.58635186,8,156.81,76.02,473.38,97.9,Mumbai,Philippines,Netherlands,211346.56,18.01
BATCH00767,05-02-2022,Arabica,Road,Central America,560.3279352,1306.96,Large Crate,14.62630755,12,132.81,76.59,157.85,93.3,Nairobi,Malaysia,Singapore,134457.18,19.6
BATCH00768,06-02-2022,Arabica,Road,Asia,164.6155239,1205.68,Big Bag,3.484344811,7,209.6,99.96,279.25,92,Ho Chi Minh,Peru,Poland,171128.65,21.06
BATCH00769,07-02-2022,Excelsa,Road,South America,369.3761645,3359.33,Big Bag,13.21946318,3,162.7,135.51,245.02,63.3,Ho Chi Minh,Uganda,Singapore,383398.89,21.55
BATCH00770,08-02-2022,Arabica,Air,Central America,299.5780096,958.97,Small Bag,4.923826339,3,106.29,82.99,156.68,93.3,Mombasa,Colombia,USA,182273.03,41.62
BATCH00771,09-02-2022,Arabica,Air,South America,120.1191386,2192.96,Large Crate,1.692608168,1,199.71,60.53,221.31,98.3,Tema,Cameroon,South Africa,606410.82,27.21
BATCH00772,10-02-2022,Excelsa,Air,Africa,544.0171098,2941.81,Large Crate,13.05037388,3,100.94,72.71,156.22,68.4,Mumbai,Peru,Canada,397569.61,15.31
BATCH00773,11-02-2022,Arabica,Sea,Africa,348.1981961,1688.5,Small Crate,9.54158452,12,255.09,189.3,264.31,134.1,Mumbai,Kenya,Pakistan,332805.69,22.43
BATCH00774,12-02-2022,Liberica,Road,Africa,180.2178596,1132.4,Large Crate,2.470963441,4,195.19,103.48,412.21,131,Mumbai,Indonesia,Qatar,317589.75,39.27
BATCH00775,13-02-2022,Liberica,Road,South America,336.1656633,1351.6,Big Bag,6.447468863,10,183.66,100.8,494.6,97.7,Nairobi,Malaysia,Saudi Arabia,186090.67,23.97
BATCH00776,14-02-2022,Excelsa,Road,South America,282.7835102,3304.67,Large Crate,4.308865423,5,292.98,83.3,162.02,62.2,Ho Chi Minh,Uganda,Norway,360004.8,22.62
BATCH00777,15-02-2022,Liberica,Air,Africa,443.2069893,1047.69,Small Bag,11.05191853,4,206.05,117.2,315.02,91.4,Mombasa,Colombia,Qatar,196257.81,37.55
BATCH00778,16-02-2022,Liberica,Air,Central America,313.1992586,1203.04,Small Bag,6.801243459,4,197.87,91.93,253.74,55.4,Hambantota,Peru,UAE,103030.66,14.56
BATCH00779,17-02-2022,Arabica,Sea,Central America,576.1612843,1929.21,Large Crate,14.83919918,16,179.83,80.27,449.11,135.2,Ho Chi Minh,India,Turkey,322182.4,28.42
BATCH00780,18-02-2022,Robusta,Air,South America,147.8437187,516.09,Large Crate,0.821174734,4,204.14,186.5,339.44,93.8,Mumbai,Mexico,Saudi Arabia,95663.91,31.63
BATCH00781,19-02-2022,Liberica,Sea,South America,195.1978431,1055.92,Big Bag,5.325228992,17,261.13,116.23,188.8,178.9,Tema,Ghana,Argentina,273572.85,53.3
BATCH00782,20-02-2022,Robusta,Road,South America,253.2509575,931.09,Small Crate,7.228502507,10,257.09,61.9,376.48,92.6,Nairobi,Ghana,Netherlands,94406.25,9.12
BATCH00783,21-02-2022,Liberica,Sea,Asia,220.9571445,830.53,Small Bag,7.547003321,18,227.6,124.76,341.29,162.9,Nairobi,Vietnam,Pakistan,170690.37,37.12
BATCH00784,22-02-2022,Arabica,Sea,South America,280.4965201,819.38,Big Bag,4.739037336,22,234.93,66.15,114.12,141.5,Nairobi,Kenya,Qatar,70852.4,19.19
BATCH00785,23-02-2022,Liberica,Air,Central America,408.3716234,1178.82,Small Bag,10.93860374,1,287.45,189.64,440.47,85.7,Tema,Kenya,UK,230481.6,28.16
BATCH00786,24-02-2022,Excelsa,Road,Asia,534.6460453,3233.85,Large Crate,13.1212061,8,105.6,71.43,217.44,76.6,Ho Chi Minh,Colombia,Australia,315152.97,22.6
BATCH00787,25-02-2022,Robusta,Sea,Africa,542.6092146,817.82,Small Bag,14.08078953,11,142.29,196.06,217.9,175.6,Ho Chi Minh,Brazil,Germany,249127.22,65.95
BATCH00788,26-02-2022,Arabica,Sea,Africa,412.1706855,1118.42,Small Crate,12.07640065,25,222.9,149.89,220.08,161.9,Hambantota,Brazil,China,121679,13.81
BATCH00789,27-02-2022,Arabica,Sea,Africa,476.7499671,933.15,Small Crate,12.75870296,10,112.04,139.49,433,117.8,Mumbai,Ivory Coast,Chile,151040.46,16.21
BATCH00790,28-02-2022,Excelsa,Sea,Central America,325.0042827,3141.15,Small Bag,8.258179509,12,205.91,175.35,284.78,135.6,Hambantota,Cameroon,Thailand,719527.43,47.89
BATCH00791,01-03-2022,Excelsa,Road,Africa,441.1885279,3201.21,Small Bag,12.3883234,11,107.22,142.19,104.62,88.3,Hambantota,Kenya,Russia,276718.62,9.38
BATCH00792,02-03-2022,Liberica,Sea,Central America,282.3411254,1014.9,Small Bag,4.552558637,24,104.27,174.96,331.83,187.8,Ho Chi Minh,Guatemala,Netherlands,175813.77,22.58
BATCH00793,03-03-2022,Arabica,Road,Africa,404.8526165,400,Small Bag,5.977181432,9,146.38,149.13,403.53,72.9,Mumbai,Uganda,Singapore,33824.06,5.36
BATCH00794,04-03-2022,Liberica,Sea,Africa,298.4210383,1289.34,Big Bag,4.753695207,13,120.1,139.4,478.88,118.1,Ho Chi Minh,Guatemala,New Zealand,181713.95,25.7
BATCH00795,05-03-2022,Robusta,Sea,Asia,308.9764826,733.97,Large Crate,7.010810032,7,256.34,79.67,498.45,68,Hambantota,Kenya,New Zealand,58843.08,13.67
BATCH00796,06-03-2022,Arabica,Air,South America,291.4862153,739.19,Large Crate,4.283694244,3,223.37,181.04,390.37,58.8,Hambantota,Ghana,Turkey,96276.17,10.11
BATCH00797,07-03-2022,Excelsa,Road,Africa,618.3702815,2813.49,Small Crate,14.42417163,12,194.19,65.31,270.9,120.3,Mombasa,Tanzania,Spain,395207.42,22.89
BATCH00798,08-03-2022,Arabica,Road,Asia,171.1615435,400,Small Bag,4.69266942,12,189.8,194.06,184.64,141.6,Nairobi,India,Italy,90681.9,53.98
BATCH00799,09-03-2022,Arabica,Road,Asia,205.3627802,508.51,Small Crate,1.470668072,8,261.44,96.48,430.25,100.3,Nairobi,India,Italy,79857.9,28.11
BATCH00800,10-03-2022,Robusta,Road,South America,375.5518257,831.51,Big Bag,7.902257491,5,204.61,153.5,365.39,107.2,Nairobi,Papua New Guinea,Spain,206496.77,33.7
BATCH00801,11-03-2022,Robusta,Air,South America,185.1005381,699.82,Small Bag,0.856486177,1,209.27,116.88,314.61,71.3,Hambantota,Ethiopia,Bangladesh,110643.29,18.13
BATCH00802,12-03-2022,Excelsa,Sea,Central America,190.4087976,3270.09,Small Crate,1.658147495,22,181.73,183.89,418.24,168.2,Tema,Papua New Guinea,Netherlands,506565.98,38.79
BATCH00803,13-03-2022,Arabica,Sea,South America,187.3387748,1069.96,Big Bag,3.290840838,23,222.57,191.16,102.6,216.1,Hambantota,Mexico,Poland,273304.48,64.66
BATCH00804,14-03-2022,Robusta,Sea,Central America,410.6011447,400,Small Bag,6.965253748,22,128.85,150.17,393.61,185.6,Hambantota,Liberia,Netherlands,74741.77,21.26
BATCH00805,15-03-2022,Robusta,Air,Central America,311.94285,1172.88,Small Bag,6.498763985,3,206.57,157.34,442.76,93.9,Hambantota,Uganda,Argentina,289057.68,25.19
BATCH00806,16-03-2022,Liberica,Sea,Central America,438.1449869,1188.77,Small Bag,11.99537793,21,231.23,181.29,167.5,135.9,Ho Chi Minh,Papua New Guinea,South Africa,102136.46,16.45
BATCH00807,17-03-2022,Arabica,Sea,Africa,458.062495,1865.66,Big Bag,11.09211981,25,110.68,52.97,320.27,210.5,Nairobi,Ivory Coast,Netherlands,419357.91,38.96
BATCH00808,18-03-2022,Robusta,Road,Africa,340.4630274,974.35,Small Crate,6.39477441,7,160.81,54.14,210.57,62.6,Tema,Ghana,Poland,68534.8,6.14
BATCH00809,19-03-2022,Arabica,Air,Central America,254.9049472,400,Small Bag,5.005563114,1,104.11,82.71,108.78,48.8,Nairobi,Guatemala,South Korea,51047.6,13.02
BATCH00810,20-03-2022,Excelsa,Air,South America,262.067772,3245.72,Small Crate,4.747031761,3,155.08,196.55,134.98,93.9,Ho Chi Minh,Kenya,Sweden,648174.43,28.31
BATCH00811,21-03-2022,Liberica,Air,Asia,452.7161434,1592.64,Large Crate,11.60992631,1,147.67,168.26,287.65,84.5,Mumbai,Mexico,Argentina,370714.53,14.9
BATCH00812,22-03-2022,Liberica,Air,Central America,90.42879614,1200.6,Large Crate,0.781086093,1,226.85,173.84,246.52,91.4,Mumbai,Papua New Guinea,Belgium,258590.52,44.18
BATCH00813,23-03-2022,Liberica,Air,Asia,64.67851935,994.82,Small Bag,0.192324743,4,184.4,103.91,315.51,78.5,Ho Chi Minh,Papua New Guinea,UK,177788.39,38.53
BATCH00814,24-03-2022,Liberica,Sea,South America,387.854162,715.94,Big Bag,11.93316588,25,142.43,91.66,303,164,Mombasa,Papua New Guinea,Singapore,66310.92,23.35
BATCH00815,25-03-2022,Excelsa,Air,Africa,390.6168709,3279.12,Small Crate,7.15719564,2,145.5,89.83,230.16,59.2,Mombasa,Kenya,Poland,386673.53,22.18
BATCH00816,26-03-2022,Robusta,Air,Asia,147.7256499,1083.66,Small Bag,1.963217078,2,106.69,64.57,284.87,63.7,Nairobi,Guatemala,Netherlands,175997.12,19.74
BATCH00817,27-03-2022,Robusta,Sea,Africa,50,725.95,Large Crate,3.533489019,14,246.47,102.65,104.64,124.3,Hambantota,Honduras,Saudi Arabia,107167.66,20.95
BATCH00818,28-03-2022,Liberica,Air,Africa,539.4534329,1444.81,Big Bag,13.9875593,1,257.97,156.21,240.26,83.9,Nairobi,Cameroon,China,288050.69,32.01
BATCH00819,29-03-2022,Liberica,Road,Asia,505.5676943,1219.39,Small Bag,12.89254463,9,178.18,126.85,274.93,120,Mumbai,Guatemala,Qatar,237081.62,38.18
BATCH00820,30-03-2022,Arabica,Road,South America,326.0748885,1490.97,Small Crate,10.64677575,5,213.99,145.31,253.66,44.5,Mumbai,Guatemala,Chile,71058.17,7.64
BATCH00821,31-03-2022,Arabica,Sea,Africa,275.3815432,1003.81,Big Bag,7.233378455,22,188.6,139.24,221.19,145.4,Ho Chi Minh,Indonesia,Poland,99988.07,20.74
BATCH00822,01-04-2022,Robusta,Air,Central America,290.3311801,712.58,Small Crate,7.804854393,4,282.1,172.34,258.05,92.3,Tema,Malaysia,Canada,136580.53,16.66
BATCH00823,02-04-2022,Arabica,Sea,South America,501.7466563,1378.87,Big Bag,14.62866803,8,219.3,139.61,129.34,94.9,Mumbai,Malaysia,South Africa,226517.2,25.43
BATCH00824,03-04-2022,Arabica,Air,South America,595.2354928,400,Small Bag,14.48655666,4,263.51,70.16,175.22,85.4,Nairobi,Colombia,South Africa,64805.71,38.87
BATCH00825,04-04-2022,Liberica,Sea,South America,189.4271932,1190.6,Large Crate,3.229035687,24,147.64,110.21,441.73,191.1,Mumbai,India,Russia,267172.4,14.35
BATCH00826,05-04-2022,Arabica,Sea,Central America,443.6353106,2497.45,Big Bag,12.16656849,21,155.98,117.56,357.44,158.7,Ho Chi Minh,Philippines,South Africa,410490.02,9.54
BATCH00827,06-04-2022,Robusta,Sea,Africa,244.8786969,924,Big Bag,2.958639993,8,119.23,199.07,393.84,77.2,Tema,Tanzania,Spain,106911.74,18.68
BATCH00828,07-04-2022,Robusta,Sea,Africa,220.8592523,943.47,Small Bag,3.203062168,14,218.37,88.67,337.28,139,Mumbai,Ethiopia,Russia,166305.69,33.48
BATCH00829,08-04-2022,Excelsa,Sea,Asia,317.1929525,3479.65,Small Crate,10.14139551,25,247.29,96.1,342.71,195.8,Tema,Cameroon,UK,623228.15,46.41
BATCH00830,09-04-2022,Robusta,Sea,Asia,251.4193124,410.96,Small Bag,6.075016479,16,295.47,172.55,287.14,143.3,Ho Chi Minh,Liberia,UK,81477.86,25.23
BATCH00831,10-04-2022,Arabica,Road,Asia,535.2930876,400,Big Bag,13.97316611,10,141.99,155.25,141.88,103.7,Hambantota,Liberia,Singapore,63181.18,18.13
BATCH00832,11-04-2022,Liberica,Sea,Asia,93.359874,729.42,Large Crate,1.335146023,14,251.02,151.78,175.63,134.5,Hambantota,Guatemala,UAE,127884.36,34.19
BATCH00833,12-04-2022,Arabica,Sea,Asia,431.6642778,1423.32,Large Crate,7.672884612,13,241.59,141.11,302.49,97.1,Hambantota,Kenya,UAE,119531.17,7.02
BATCH00834,13-04-2022,Arabica,Air,Asia,518.9786269,1194.43,Large Crate,13.77782296,3,214.86,167.96,297.65,47.4,Hambantota,Malaysia,South Korea,107630.62,19.21
BATCH00835,14-04-2022,Robusta,Air,Central America,469.1823302,834.98,Small Crate,13.56170491,3,285.02,172.23,324.94,74.4,Ho Chi Minh,Honduras,South Africa,136364.16,37.25
BATCH00836,15-04-2022,Excelsa,Road,Asia,114.2909639,3256.66,Small Bag,2.347938201,3,116.97,51.39,429.34,76.8,Ho Chi Minh,Colombia,Belgium,636653.21,34.75
BATCH00837,16-04-2022,Robusta,Sea,Central America,311.3633444,872.19,Small Crate,5.499565501,19,109.75,129.8,330.92,156.2,Ho Chi Minh,Peru,Belgium,134497.57,26.98
BATCH00838,17-04-2022,Arabica,Air,Africa,346.2115332,798.3,Large Crate,9.286821001,2,270.03,104.64,214.07,64,Mombasa,Uganda,Japan,114302.82,20.57
BATCH00839,18-04-2022,Liberica,Road,Africa,190.7239071,1023.77,Big Bag,2.390923272,11,119.16,166.05,487.37,107.5,Nairobi,Peru,UK,124531.18,22.39
BATCH00840,19-04-2022,Robusta,Sea,Asia,478.0340096,1194.28,Large Crate,14.52033258,12,163.04,146.35,164.88,64.2,Hambantota,Honduras,USA,12670.22,2.03
BATCH00841,20-04-2022,Excelsa,Road,Africa,515.1470875,3165.13,Small Bag,13.72123993,4,237.01,95.93,476.61,70.7,Mumbai,Colombia,Poland,384252.92,18.66
BATCH00842,21-04-2022,Excelsa,Air,Asia,143.3332857,3198.52,Large Crate,2.504252686,2,258.98,113.42,114.61,91.3,Mumbai,Colombia,Qatar,632184.07,14.63
BATCH00843,22-04-2022,Excelsa,Sea,Asia,138.7502369,3268.35,Large Crate,1.817331919,22,128.8,194.45,380.72,175.1,Mombasa,Guatemala,Turkey,531045.04,15.79
BATCH00844,23-04-2022,Liberica,Air,South America,98.61977724,1115.87,Small Bag,1.281127242,3,172.85,186.93,130.21,79.5,Mumbai,Ghana,Argentina,227345.98,27.16
BATCH00845,24-04-2022,Arabica,Air,South America,560.5309627,1224.31,Small Crate,13.64165496,3,241.5,89.07,103.87,81.9,Mumbai,Malaysia,China,193327.97,16.03
BATCH00846,25-04-2022,Robusta,Sea,South America,162.5805157,443.49,Small Bag,2.904357147,9,150.11,110.38,471.69,109.2,Ho Chi Minh,Brazil,Belgium,89320.49,21.67
BATCH00847,26-04-2022,Robusta,Sea,Asia,280.1553581,400,Big Bag,6.244273928,10,153.4,179.39,336.44,109.1,Nairobi,Cameroon,UK,67777.67,10.94
BATCH00848,27-04-2022,Robusta,Air,Asia,297.2260005,763.66,Small Crate,6.732770485,4,247.77,94.86,122.14,63.2,Tema,Brazil,UK,92944.09,20.5
BATCH00849,28-04-2022,Excelsa,Sea,South America,450.168476,3215.04,Large Crate,8.985165663,24,246.83,111.64,484.21,166.2,Mombasa,Brazil,South Korea,414888.63,11.18
BATCH00850,29-04-2022,Arabica,Sea,South America,176.7963341,1703.27,Small Bag,1.076030156,25,210.62,121.66,290.91,164,Mombasa,Cameroon,Qatar,156425.03,21.91
BATCH00851,30-04-2022,Excelsa,Air,South America,241.5754157,3175.22,Large Crate,3.401379261,2,209.13,114.82,113.48,83.5,Nairobi,Tanzania,Germany,722953.43,34.91
BATCH00852,01-05-2022,Robusta,Road,Africa,440.276343,489.42,Big Bag,13.9723558,3,283.56,152.56,308.74,105.9,Nairobi,Guatemala,Qatar,138546.94,23.16
BATCH00853,02-05-2022,Excelsa,Air,Asia,475.9649289,3224.64,Small Bag,13.62615161,1,200.66,148.75,181.01,93.2,Tema,Cameroon,Belgium,795733.02,46.95
BATCH00854,03-05-2022,Arabica,Road,South America,511.0117271,1418.41,Large Crate,11.71935971,9,239.32,103.5,410.32,121.2,Mombasa,Uganda,Russia,258524.3,17.06
BATCH00855,04-05-2022,Arabica,Sea,Central America,50.18401976,400,Large Crate,0.291018684,21,143.02,84.17,201.17,153.9,Tema,Honduras,Bangladesh,56141.74,29.45
BATCH00856,05-05-2022,Robusta,Road,Central America,251.3537232,840.75,Big Bag,4.905101527,12,174,128.71,485.67,125.7,Ho Chi Minh,Philippines,South Africa,174004.22,37.88
BATCH00857,06-05-2022,Liberica,Road,Africa,329.3183557,1284.03,Large Crate,9.41938103,11,259.85,113.46,199.18,129.1,Mombasa,Ivory Coast,UK,287908.77,23.63
BATCH00858,07-05-2022,Arabica,Road,Asia,175.5902325,1506.2,Large Crate,4.127853177,5,275.17,195.98,297.39,81.4,Mombasa,Guatemala,UAE,217187.4,19.23
BATCH00859,08-05-2022,Arabica,Sea,Africa,593.3532954,1620.79,Large Crate,13.64380043,13,271.32,57.46,263.9,111.2,Ho Chi Minh,Brazil,Pakistan,221441.08,29.63
BATCH00860,09-05-2022,Robusta,Road,Central America,421.2137899,1019.93,Small Crate,9.508341927,11,181.82,99.93,358,117.7,Hambantota,Peru,Thailand,178302.16,27.79
BATCH00861,10-05-2022,Robusta,Road,Africa,181.5150342,1245.12,Small Bag,1.07860076,11,129.41,168.55,392.19,119.2,Ho Chi Minh,Guatemala,Saudi Arabia,239000.03,29.34
BATCH00862,11-05-2022,Excelsa,Road,South America,548.239589,3362.24,Small Crate,13.63508383,5,185.63,146.13,287.3,86.2,Nairobi,Liberia,UK,541152.78,21.49
BATCH00863,12-05-2022,Robusta,Road,Africa,524.0305781,1104.1,Small Crate,14.36649987,10,299.37,150.03,115.71,122.9,Tema,Tanzania,Belgium,187119.35,43.48
BATCH00864,13-05-2022,Excelsa,Road,Africa,100.3907529,3437.25,Big Bag,1.165686276,9,291.44,58.4,179.67,125.4,Hambantota,Ghana,UK,828410.02,45.7
BATCH00865,14-05-2022,Excelsa,Sea,Africa,319.4575927,3537.98,Big Bag,7.985403523,24,220.24,195.5,214.5,174.9,Hambantota,Cameroon,Belgium,556001.51,9.89
BATCH00866,15-05-2022,Arabica,Sea,Central America,226.9226043,902.58,Small Crate,4.550464233,17,229.03,114.69,343.27,147.7,Hambantota,Ivory Coast,China,155735.41,27.49
BATCH00867,16-05-2022,Excelsa,Air,Central America,365.5918879,3341.27,Small Crate,5.892586147,4,145.1,185.87,197.98,94.1,Mombasa,Malaysia,Netherlands,626599.51,36.25
BATCH00868,17-05-2022,Robusta,Road,Asia,114.0252265,793.29,Large Crate,2.694768269,4,150.54,140.36,157.69,69.2,Hambantota,India,Belgium,123076.11,23.99
BATCH00869,18-05-2022,Arabica,Sea,South America,332.4493735,400,Small Bag,8.67108153,19,289.36,102.25,144.31,162.5,Nairobi,Guatemala,UK,74901.58,41.47
BATCH00870,19-05-2022,Robusta,Air,South America,485.4425406,963.72,Large Crate,14.3696903,3,134.95,179.2,491.58,63.6,Mombasa,Vietnam,USA,139641.23,13.86
BATCH00871,20-05-2022,Robusta,Road,South America,379.21383,666.76,Big Bag,7.546089004,12,125.55,173.77,364.23,119.7,Mumbai,Uganda,Japan,111998.76,17.44
BATCH00872,21-05-2022,Liberica,Air,Asia,230.0009746,1357.61,Small Crate,1.243718721,2,171.01,114.06,186.57,76.6,Nairobi,Uganda,Italy,243576.85,39.52
BATCH00873,22-05-2022,Liberica,Sea,Asia,394.4399181,1074.45,Big Bag,9.300020002,13,195.91,105.6,118.02,125.6,Mumbai,Malaysia,Australia,186108.32,33.85
BATCH00874,23-05-2022,Arabica,Road,Africa,272.6511392,400,Big Bag,5.103344917,3,252.25,105.9,389.93,59.4,Nairobi,Guatemala,Spain,42408.52,19.2
BATCH00875,24-05-2022,Arabica,Sea,Africa,489.7323815,400,Big Bag,12.83887784,7,193.54,145.32,482.85,89.9,Nairobi,Indonesia,Bangladesh,53988.39,35.67
BATCH00876,25-05-2022,Excelsa,Air,South America,317.4791162,3093.52,Small Bag,6.520172225,2,162.07,179.46,208.56,99.1,Mumbai,Liberia,South Korea,679244.39,31.57
BATCH00877,26-05-2022,Arabica,Air,Africa,225.4355821,623.54,Small Bag,2.892594134,1,284.49,86.7,420.52,71.9,Tema,Brazil,South Korea,118718.52,16.84
BATCH00878,27-05-2022,Liberica,Road,Asia,207.2795559,1126.94,Small Crate,2.86658434,12,130.17,188.71,118.63,148.2,Mumbai,Guatemala,Japan,241277.98,58.2
BATCH00879,28-05-2022,Excelsa,Air,Asia,470.8855977,3607.49,Small Bag,11.53146271,4,192.13,63.71,474.01,45.8,Tema,Ghana,Chile,262931.9,15.88
BATCH00880,29-05-2022,Arabica,Road,Central America,258.2851374,1300.8,Small Bag,3.983813975,4,174.6,75.32,202.23,137.3,Nairobi,Colombia,Australia,375784.03,23.89
BATCH00881,30-05-2022,Arabica,Road,South America,356.3411223,727.99,Small Bag,11.50850091,5,262.6,85.31,458.97,69.7,Mumbai,Guatemala,Bangladesh,82646.2,15.46
BATCH00882,31-05-2022,Liberica,Sea,Africa,192.7497364,1069.61,Big Bag,3.088309661,14,241.36,182.44,154.72,112.9,Tema,Liberia,Thailand,109435.75,10.57
BATCH00883,01-06-2022,Arabica,Road,Asia,260.019318,984.05,Big Bag,4.825295531,8,181.74,198.71,146.84,87.1,Tema,Ethiopia,Australia,110622.56,18.57
BATCH00884,02-06-2022,Liberica,Air,South America,330.2765466,1565.91,Small Crate,6.982304587,1,261.68,65.67,411.79,51.5,Nairobi,Ivory Coast,South Africa,220080.66,28.79
BATCH00885,03-06-2022,Arabica,Air,Asia,515.8938193,723.13,Small Crate,14.14793775,3,262.41,77.89,434.67,44.1,Mumbai,Indonesia,Canada,60206.03,11.45
BATCH00886,04-06-2022,Excelsa,Road,Africa,527.3167161,3412.68,Large Crate,13.97597137,10,115.01,124.32,151.55,119.6,Nairobi,Peru,Canada,680387.44,45.26
BATCH00887,05-06-2022,Excelsa,Sea,South America,157.0970237,3042.56,Small Bag,3.103078131,8,222.12,160.78,205.53,119.8,Mumbai,Brazil,Qatar,687214.1,24.52
BATCH00888,06-06-2022,Robusta,Road,Asia,172.4563318,856.68,Small Bag,5.373285619,10,122.14,105.97,326.53,93.2,Nairobi,Colombia,Bangladesh,96808.09,28.62
BATCH00889,07-06-2022,Liberica,Road,South America,216.3865799,1217.24,Big Bag,2.240990827,6,195.71,109.94,214.04,80.4,Hambantota,Kenya,Egypt,154816.74,27.59
BATCH00890,08-06-2022,Liberica,Road,Central America,272.7747055,563.32,Large Crate,7.64977619,7,270.03,125.35,431.51,105.5,Hambantota,Peru,Russia,103648.46,38.66
BATCH00891,09-06-2022,Robusta,Sea,Asia,299.2394547,1233.27,Small Crate,6.90873826,25,202.18,63.53,286.84,156.5,Mumbai,Colombia,Thailand,92526.43,10.96
BATCH00892,10-06-2022,Excelsa,Road,Asia,467.8855915,3288.33,Small Bag,13.51140244,8,256.05,172.62,245.61,120.4,Mumbai,Cameroon,Turkey,642534.96,46.23
BATCH00893,11-06-2022,Arabica,Sea,Central America,597.852884,1624.66,Small Bag,13.95008067,17,177.47,151.01,371.05,127.9,Nairobi,Ethiopia,Russia,203619.55,21.66
BATCH00894,12-06-2022,Robusta,Road,Central America,268.6230902,400,Big Bag,5.753510865,4,130.02,164.72,258.99,130.7,Hambantota,Uganda,Belgium,138059.57,33.04
BATCH00895,13-06-2022,Robusta,Road,Central America,305.7592512,858.35,Small Bag,7.376069145,5,159.26,163.42,441.08,144.7,Mombasa,Ethiopia,Saudi Arabia,279927.78,67.46
BATCH00896,14-06-2022,Liberica,Sea,South America,540.6996056,1181.74,Small Crate,13.44354374,11,156.37,117.46,343.52,109,Ho Chi Minh,Ethiopia,UK,177952.19,27.24
BATCH00897,15-06-2022,Liberica,Road,Central America,570.8422219,1379.67,Small Crate,12.10061712,6,261.55,182.37,252.88,108.9,Mombasa,Philippines,Qatar,307619.75,45.37
BATCH00898,16-06-2022,Liberica,Air,Africa,121.9298165,1519.02,Big Bag,0.05484467,4,268.74,110.33,166.03,65.9,Ho Chi Minh,Ghana,South Africa,196937.04,27.64
BATCH00899,17-06-2022,Liberica,Air,Asia,225.1558308,902.37,Small Bag,4.800893463,3,182.96,96.91,176.87,84.3,Mombasa,Peru,Qatar,195399.96,37.37
BATCH00900,18-06-2022,Robusta,Air,Asia,324.6281079,1120.69,Large Crate,6.326613629,4,157.67,108.56,186.83,100.4,Ho Chi Minh,Uganda,Pakistan,278767.63,36.24
BATCH00901,19-06-2022,Liberica,Air,Central America,124.7383742,1137.84,Small Bag,3.445744255,2,276.39,133.89,239.85,66.7,Nairobi,Ivory Coast,New Zealand,158421.61,24.43
BATCH00902,20-06-2022,Excelsa,Sea,Asia,192.1286902,3584.59,Big Bag,2.993574238,20,186.1,158.93,445.01,148,Hambantota,Mexico,South Korea,406271.68,27.38
BATCH00903,21-06-2022,Arabica,Road,Asia,216.7009107,1829.55,Small Bag,0.566767599,11,253.13,63.72,102.94,110.2,Nairobi,Ghana,China,285611.2,9.36
BATCH00904,22-06-2022,Excelsa,Road,Africa,397.4037461,3024.81,Large Crate,9.650545876,8,132.41,142.4,481.29,125.8,Mombasa,Tanzania,Japan,630637.37,43.89
BATCH00905,23-06-2022,Liberica,Sea,Asia,223.5185135,1186.3,Big Bag,3.937654357,22,246.34,107.66,415.47,162.8,Mombasa,Tanzania,Sweden,145219.98,8.92
BATCH00906,24-06-2022,Excelsa,Road,Central America,124.5880573,3029.32,Small Crate,0.785207676,10,203.7,190.47,478.64,105.5,Mumbai,Brazil,Qatar,436153.15,18.04
BATCH00907,25-06-2022,Excelsa,Sea,Africa,184.1668757,3307.31,Large Crate,3.464689658,19,228.75,163.16,189.77,214.4,Ho Chi Minh,Ethiopia,Argentina,933784.02,55.92
BATCH00908,26-06-2022,Excelsa,Road,Africa,476.5858124,3086.27,Big Bag,12.02870929,3,148.79,117.13,241.62,38.1,Mumbai,Papua New Guinea,Japan,196697.68,8.16
BATCH00909,27-06-2022,Arabica,Road,Africa,521.9337823,407.08,Big Bag,12.77233772,8,169.56,154.12,426.47,120.7,Mombasa,Papua New Guinea,Australia,82353.13,40.58
BATCH00910,28-06-2022,Robusta,Road,Asia,300.7888077,764.16,Large Crate,7.245993678,5,220.92,54.43,133.02,103,Mumbai,Ghana,Singapore,144526.8,51.13
BATCH00911,29-06-2022,Liberica,Road,South America,162.6942148,1376.95,Small Bag,6.241060056,11,109.07,86.83,195.41,70.6,Mombasa,Ethiopia,Thailand,53955.3,9.61
BATCH00912,30-06-2022,Arabica,Air,Africa,563.3150373,1270.49,Small Crate,14.6678054,3,240.3,122.15,243.94,82.8,Ho Chi Minh,Ghana,France,237629.97,44.17
BATCH00913,01-07-2022,Arabica,Road,South America,296.9104006,1864.58,Small Bag,3.008469894,9,152.6,99.74,177.39,147,Ho Chi Minh,Colombia,UAE,519267.54,60.95
BATCH00914,02-07-2022,Arabica,Road,Central America,178.0986069,400,Small Bag,3.230389243,10,217.18,121.99,283.74,123.5,Nairobi,Guatemala,Qatar,90393.59,17.65
BATCH00915,03-07-2022,Liberica,Air,Africa,157.7820605,665.1,Small Crate,4.378007656,1,273.06,52.05,422.5,81.5,Mombasa,Peru,Australia,138243.71,21.04
BATCH00916,04-07-2022,Arabica,Air,South America,211.6114425,400,Small Bag,2.591359774,1,124.21,51.1,231.04,90.8,Tema,Papua New Guinea,Canada,99030.85,18.86
BATCH00917,05-07-2022,Liberica,Sea,South America,357.9061324,1012.31,Small Bag,5.690483973,13,233.95,55.87,179.23,166.7,Nairobi,Tanzania,Qatar,253313.55,62.48
BATCH00918,06-07-2022,Arabica,Road,Central America,536.3440806,1205.8,Small Bag,13.6625134,3,194.45,160.29,416.76,76.2,Ho Chi Minh,Kenya,UAE,227917.05,26.09
BATCH00919,07-07-2022,Arabica,Road,Africa,463.141531,1212.12,Small Bag,9.230217609,3,196.38,103.81,304.65,55.5,Nairobi,Philippines,Qatar,125339.31,19.65
BATCH00920,08-07-2022,Liberica,Road,Asia,325.0593742,1273.85,Big Bag,6.179198229,10,109.32,117.26,444.43,127.1,Tema,Peru,Japan,234915.63,34.39
BATCH00921,09-07-2022,Robusta,Road,South America,555.8274068,825.86,Small Crate,14.01616192,8,200.23,165.67,399.15,64.3,Hambantota,Tanzania,UK,50679.75,16.07
BATCH00922,10-07-2022,Robusta,Sea,Asia,95.90887048,914.98,Big Bag,0.726963487,11,128.81,160.76,155.7,114.1,Hambantota,Colombia,Australia,159864.65,13.81
BATCH00923,11-07-2022,Robusta,Sea,South America,208.8946246,1209.74,Small Crate,3.154142669,24,121.3,73.83,219.41,175.5,Tema,Malaysia,Norway,196355.26,14.03
BATCH00924,12-07-2022,Liberica,Sea,Asia,353.1763245,1532.65,Small Bag,8.488329077,14,158.4,128.38,379.82,114.4,Hambantota,Kenya,Japan,189758.32,9.7
BATCH00925,13-07-2022,Arabica,Road,South America,373.8118944,1698.28,Large Crate,9.233289348,8,268.08,194.43,398.86,109,Mombasa,Cameroon,Sweden,280265.27,40.23
BATCH00926,14-07-2022,Arabica,Sea,Central America,105.1076216,1247.31,Small Bag,0.593362598,17,282.45,63.5,398.7,150.1,Ho Chi Minh,Cameroon,South Africa,202105.01,20.97
BATCH00927,15-07-2022,Excelsa,Road,Africa,292.6481144,3220.46,Large Crate,6.045581369,9,173.32,154.27,278.82,83.1,Tema,Philippines,South Korea,297879.36,16.24
BATCH00928,16-07-2022,Excelsa,Sea,South America,327.302035,3692.6,Large Crate,9.737309472,23,252.51,150.21,469.43,184,Nairobi,Cameroon,Thailand,788791.91,31.78
BATCH00929,17-07-2022,Liberica,Sea,Africa,454.7176658,879.34,Big Bag,10.4710582,23,249.03,125.77,343.36,160.9,Hambantota,Kenya,Belgium,95989.51,15.97
BATCH00930,18-07-2022,Robusta,Air,Central America,343.2756915,1027.37,Small Crate,9.572098538,3,282.07,123.02,476.85,67.2,Mumbai,Kenya,UK,158150.15,29.33
BATCH00931,19-07-2022,Arabica,Sea,South America,231.7398897,1613.61,Large Crate,4.808448365,18,273.54,148.68,498.66,193.2,Mombasa,Honduras,Norway,515110.9,55.23
BATCH00932,20-07-2022,Liberica,Road,South America,158.6120503,1438.67,Big Bag,1.402801854,7,134.27,60.52,398.98,106.7,Ho Chi Minh,Ivory Coast,Germany,264057.14,39.75
BATCH00933,21-07-2022,Liberica,Sea,South America,245.83693,1143.52,Small Crate,6.406686696,22,229.68,139.99,238.38,183.2,Mombasa,Cameroon,Argentina,247535.87,28.58
BATCH00934,22-07-2022,Excelsa,Road,Asia,59.6163437,3560.01,Big Bag,1.931316561,6,235.52,102.62,282.09,90.6,Mumbai,Philippines,Singapore,668073.13,22.75
BATCH00935,23-07-2022,Arabica,Air,South America,507.2783124,1162.15,Small Crate,14.21435488,1,128.68,118.05,286.67,84.2,Tema,Kenya,Pakistan,281646.29,26.75
BATCH00936,24-07-2022,Robusta,Air,Africa,242.2720151,1567.97,Large Crate,7.12756299,4,110.69,135.56,316.34,79.4,Tema,Guatemala,USA,266351.1,32.46
BATCH00937,25-07-2022,Arabica,Air,Central America,278.3821751,1384.16,Large Crate,4.758887615,3,294.15,78.3,397.23,117,Nairobi,Philippines,South Korea,347369.16,39.05
BATCH00938,26-07-2022,Liberica,Air,Central America,387.1616534,1465.08,Big Bag,11.49456107,3,117.04,99.84,389.53,89.7,Mumbai,Philippines,Belgium,331275.52,29.68
BATCH00939,27-07-2022,Arabica,Air,Central America,398.3346448,1708.51,Small Crate,7.469228889,2,180.94,106.6,273.79,88.3,Ho Chi Minh,Cameroon,France,333790.52,14.02
BATCH00940,28-07-2022,Excelsa,Sea,Asia,239.2256663,2917.1,Large Crate,4.65051036,17,276.78,66.03,171.88,167.8,Mombasa,Ivory Coast,Sweden,707822.3,15.85
BATCH00941,29-07-2022,Arabica,Sea,Africa,468.3441938,1717.29,Big Bag,12.17951614,12,126.34,170.96,404.74,127.8,Nairobi,Kenya,USA,313537.1,26.19
BATCH00942,30-07-2022,Liberica,Sea,South America,391.1869015,1102.62,Big Bag,13.00728227,25,125.2,98.49,351.01,202.7,Mumbai,Brazil,Bangladesh,204839.1,29.57
BATCH00943,31-07-2022,Robusta,Road,South America,410.0968063,570.5,Big Bag,10.09512249,6,203.2,194.84,310.29,55.8,Ho Chi Minh,Cameroon,Belgium,37504.71,13.39
BATCH00944,01-08-2022,Arabica,Road,Africa,117.1249942,1374.2,Small Crate,0.704466336,11,105.94,115.88,270.3,135.4,Hambantota,Papua New Guinea,Singapore,275586.15,41.22
BATCH00945,02-08-2022,Arabica,Road,South America,289.8908443,400,Small Crate,8.494843202,5,194.55,137.86,126.55,85.6,Tema,India,Netherlands,72175.44,14.8
BATCH00946,03-08-2022,Excelsa,Air,South America,447.8461273,3217.06,Large Crate,11.44942368,1,247.69,123.92,325.66,83.9,Mumbai,Indonesia,Sweden,599940.13,16.5
BATCH00947,04-08-2022,Liberica,Sea,Central America,141.5302049,729.73,Small Crate,2.047545181,17,284.77,194.37,231.99,145.3,Tema,Papua New Guinea,Poland,116484.84,31.8
BATCH00948,05-08-2022,Arabica,Sea,Africa,192.0624472,686.98,Small Crate,3.430061271,12,158.21,188.73,322.26,118.5,Tema,Vietnam,Norway,113078.6,31.73
BATCH00949,06-08-2022,Excelsa,Sea,Africa,498.4168854,3095.85,Large Crate,13.23742658,17,174.79,184.06,158.48,159.7,Mumbai,Guatemala,Turkey,662267.52,40.22
BATCH00950,07-08-2022,Robusta,Sea,South America,85.48206418,738.02,Big Bag,0.301825828,23,181.06,170.32,370.67,190.6,Mombasa,Guatemala,Norway,153451.92,39.83
BATCH00951,08-08-2022,Robusta,Sea,South America,451.0500434,400,Big Bag,11.29090707,16,166.86,193.28,300.17,121.1,Hambantota,Colombia,Norway,50182.59,17.73
BATCH00952,09-08-2022,Liberica,Sea,South America,308.8702075,1150.86,Large Crate,7.106599388,8,269.83,51.36,346.43,45.1,Mumbai,Brazil,South Africa,16895.46,2.57
BATCH00953,10-08-2022,Liberica,Road,Central America,324.6858949,1195.64,Large Crate,6.701582383,4,194.17,176.41,338.07,104.6,Tema,Ivory Coast,Chile,299268.27,31.72
BATCH00954,11-08-2022,Excelsa,Sea,Central America,76.75970992,3234.66,Big Bag,0.106447987,18,133.07,120.23,498.64,133.2,Ho Chi Minh,Malaysia,Poland,385721.03,8.05
BATCH00955,12-08-2022,Robusta,Sea,Asia,415.4832163,993.42,Small Bag,12.29097346,11,122.48,162.25,284.62,99.1,Ho Chi Minh,Colombia,UAE,121998.9,22.65
BATCH00956,13-08-2022,Excelsa,Road,Central America,226.4777789,2889.14,Small Crate,5.39737351,5,215.86,186.7,102.57,69.7,Hambantota,Mexico,South Africa,369639.52,22.58
BATCH00957,14-08-2022,Excelsa,Air,Asia,415.4773725,3176.26,Small Crate,8.11148447,3,287.26,190.92,164.08,56.4,Mumbai,Kenya,New Zealand,349960.48,11.13
BATCH00958,15-08-2022,Arabica,Air,Central America,452.5836352,779.64,Small Crate,10.1595103,4,129.5,103.51,321.93,45.5,Hambantota,Uganda,Russia,54403.45,10.63
BATCH00959,16-08-2022,Liberica,Road,Africa,476.852266,1387.41,Large Crate,10.53944365,8,235.42,122.67,491.89,146.8,Ho Chi Minh,India,USA,349683.93,67.09
BATCH00960,17-08-2022,Liberica,Sea,Asia,594.3267244,1677.64,Small Crate,14.33970088,14,241.06,142.89,113.48,144.1,Mombasa,Uganda,Netherlands,339147.28,25.53
BATCH00961,18-08-2022,Liberica,Road,Central America,315.7870761,1001.94,Large Crate,7.970099299,11,152.05,155.88,123.92,102.7,Ho Chi Minh,Tanzania,China,150808.34,30.83
BATCH00962,19-08-2022,Robusta,Road,Central America,294.6643947,892.64,Small Crate,5.995793265,3,100.46,135.46,363.35,43.8,Mumbai,Peru,Thailand,79909.19,4.93
BATCH00963,20-08-2022,Arabica,Road,Asia,532.9585821,875.62,Small Bag,14.3055544,4,250.93,130.02,411.1,82.1,Nairobi,India,USA,140503.79,17.15
BATCH00964,21-08-2022,Excelsa,Sea,Africa,421.926532,3396.65,Small Crate,9.631653525,25,151.68,63.15,158.94,188.9,Ho Chi Minh,Guatemala,Thailand,570990.88,32.88
BATCH00965,22-08-2022,Robusta,Sea,Africa,219.7092481,1000.37,Small Bag,4.472255344,24,265.43,170.46,395,193.8,Ho Chi Minh,Uganda,Russia,178622.1,28.38
BATCH00966,23-08-2022,Excelsa,Air,Africa,161.5576183,3434.11,Big Bag,1.896963681,4,251.07,178.03,109.47,44,Mombasa,Ethiopia,Germany,232937.15,12.23
BATCH00967,24-08-2022,Arabica,Sea,South America,482.7630995,1400.52,Small Bag,12.63831752,20,289.43,189.7,344.46,169.6,Mombasa,Cameroon,Poland,226451.12,40.56
BATCH00968,25-08-2022,Liberica,Road,Asia,289.5948413,1052.73,Large Crate,5.432724042,7,136.11,60.74,244.91,100.7,Mumbai,Ivory Coast,Netherlands,163146.34,19.51
BATCH00969,26-08-2022,Arabica,Road,Asia,429.9972357,1488.17,Small Crate,9.90704582,7,288.13,143.29,308.48,107.6,Nairobi,Peru,China,287262.95,45.34
BATCH00970,27-08-2022,Robusta,Sea,Central America,316.5509403,400,Small Bag,7.06224629,8,264.85,179.6,263.07,123.1,Tema,Philippines,USA,86701.38,52.9
BATCH00971,28-08-2022,Liberica,Sea,Africa,195.7179401,1095.76,Large Crate,2.983946697,12,180.32,105.91,267.62,141.6,Ho Chi Minh,Cameroon,Bangladesh,246683.42,28.15
BATCH00972,29-08-2022,Arabica,Road,South America,382.0538749,1726.87,Large Crate,9.025299129,4,200.4,129.73,367.35,96.2,Nairobi,Liberia,Sweden,345720.33,21.28
BATCH00973,30-08-2022,Robusta,Sea,Central America,209.6349521,831.79,Large Crate,0.910246034,13,235.19,61.71,345.6,101.3,Ho Chi Minh,Malaysia,Japan,83799.53,21.39
BATCH00974,31-08-2022,Liberica,Sea,Central America,199.5042174,1466.65,Small Crate,6.200136898,7,169.58,92.9,308.34,117.2,Nairobi,India,Singapore,373044.9,37.22
BATCH00975,01-09-2022,Liberica,Sea,Asia,297.4927398,1211.04,Small Crate,8.199224095,8,180.76,190.11,433.64,79,Hambantota,Indonesia,Turkey,148679.38,6.82
BATCH00976,02-09-2022,Robusta,Air,South America,329.9051182,904.15,Large Crate,6.540704612,4,119.21,77.17,231.28,114.8,Mumbai,Peru,USA,219455.57,23.54
BATCH00977,03-09-2022,Liberica,Air,Africa,450.3916988,1381.09,Small Bag,11.23008263,4,245.84,79.61,215.55,84.5,Mombasa,Tanzania,Canada,219105.54,23.64
BATCH00978,04-09-2022,Arabica,Air,South America,485.7037071,400,Small Bag,12.41887432,1,184.79,85.36,362,62.3,Tema,Ghana,Saudi Arabia,69593.55,26.81
BATCH00979,05-09-2022,Robusta,Road,Central America,480.4341583,939.87,Large Crate,11.56864611,9,159.98,102.65,208.7,122.1,Hambantota,Malaysia,UK,211967.81,43.74
BATCH00980,06-09-2022,Liberica,Air,South America,128.1654712,1012.91,Small Bag,0.582194217,4,257.11,111.57,256.58,100.4,Mombasa,Liberia,China,240872.52,32.54
BATCH00981,07-09-2022,Liberica,Sea,South America,159.3938228,1376.78,Small Bag,2.911931557,23,284.58,126.82,133.64,199.9,Nairobi,Indonesia,Qatar,287580.31,30.18
BATCH00982,08-09-2022,Arabica,Air,Central America,372.9138362,1093.86,Large Crate,8.049112639,2,135.79,58.62,150.06,91.9,Tema,Ethiopia,Saudi Arabia,265338.12,34.11
BATCH00983,09-09-2022,Excelsa,Road,Central America,521.7142763,2885.33,Big Bag,14.02233061,11,299.63,120.92,123.19,138.1,Nairobi,Ivory Coast,Singapore,598745.95,40.45
BATCH00984,10-09-2022,Arabica,Road,Asia,453.3516898,790.5,Large Crate,12.52435163,9,249.42,61.29,270.08,87,Tema,Honduras,New Zealand,103362.29,7.43
BATCH00985,11-09-2022,Robusta,Sea,South America,513.65856,465.85,Large Crate,12.63801763,22,154.66,58.93,448.15,173,Ho Chi Minh,Uganda,France,68623.07,41.7
BATCH00986,12-09-2022,Arabica,Road,Central America,268.9953801,1708.18,Small Bag,4.548122906,8,156.85,100.43,447.65,92.8,Tema,Brazil,Germany,221675.12,30.04
BATCH00987,13-09-2022,Robusta,Sea,Asia,303.9898783,880.89,Small Bag,6.441718456,20,190.34,131.89,317.61,147.1,Nairobi,Cameroon,Argentina,118150.87,14.23
BATCH00988,14-09-2022,Liberica,Road,South America,397.673634,1405.8,Large Crate,7.06058921,12,183.85,110,215.31,102.9,Nairobi,Ethiopia,Canada,178304.57,27.94
BATCH00989,15-09-2022,Robusta,Air,South America,237.1585492,1122.66,Large Crate,2.36057375,2,238.8,188.93,484.08,54.1,Mombasa,Ethiopia,Egypt,140960.79,8.09
BATCH00990,16-09-2022,Robusta,Air,Asia,164.0735183,1238.01,Big Bag,0.466021954,4,141.54,150.28,187.28,65,Mumbai,Tanzania,Belgium,170300.75,14.37
BATCH00991,17-09-2022,Robusta,Sea,South America,654.4245834,473.71,Large Crate,14.20354349,20,106.19,158.47,194.9,191.5,Hambantota,Mexico,Germany,106264.72,32.81
BATCH00992,18-09-2022,Liberica,Road,Asia,200.9974934,1276.85,Large Crate,3.610688785,5,274.77,152.43,313.89,72.4,Hambantota,Ethiopia,Thailand,180754.54,29.01
BATCH00993,19-09-2022,Liberica,Road,South America,184.7369902,978.13,Big Bag,3.599233556,12,170.1,120.23,402.68,138,Mombasa,Kenya,Egypt,200077.76,50.29
BATCH00994,20-09-2022,Robusta,Air,South America,180.5387292,971.94,Small Crate,1.250685807,3,120.27,77.58,298.6,75.3,Hambantota,Malaysia,Norway,181112.53,28.15
BATCH00995,21-09-2022,Robusta,Road,South America,505.1967735,640.61,Small Crate,13.92761628,5,260.05,92.94,430.37,70.6,Hambantota,Guatemala,Russia,73149.13,13.85
BATCH00996,22-09-2022,Arabica,Road,South America,361.4780875,400,Large Crate,8.696056724,11,259.72,145.51,231.38,106,Mombasa,Mexico,Japan,57057.39,17.57
BATCH00997,23-09-2022,Excelsa,Sea,Africa,350.8705874,2790.9,Large Crate,10.00555286,19,233.34,177.16,382.03,160.7,Ho Chi Minh,Vietnam,Saudi Arabia,475787.61,24.73
BATCH00998,24-09-2022,Robusta,Air,South America,540.5425722,821.24,Big Bag,13.67365331,1,174.43,168.39,410.29,58.1,Mombasa,Honduras,Pakistan,124198.17,23.44
BATCH00999,25-09-2022,Arabica,Sea,Central America,181.9787137,1984.48,Small Crate,5.184302534,11,275.12,187.85,326.18,109,Nairobi,Indonesia,Spain,334875.57,19.36
BATCH01000,26-09-2022,Arabica,Sea,South America,374.856379,1036.45,Big Bag,9.322609667,20,212.92,140.37,302.77,131.2,Mumbai,Ghana,Argentina,85445.13,8.44
BATCH01001,27-09-2022,Liberica,Sea,Central America,116.6919678,1099.02,Large Crate,0.581991821,25,251.15,180.68,313.53,177.2,Nairobi,Peru,China,150148.65,10.73
BATCH01002,28-09-2022,Robusta,Road,South America,162.2456956,684.27,Small Bag,2.801587923,6,175.66,83.98,373.19,126.3,Hambantota,Indonesia,Pakistan,183748.63,20.76
BATCH01003,29-09-2022,Liberica,Sea,South America,386.1998744,906.11,Big Bag,12.46868708,23,238.87,186.88,217.99,169,Hambantota,Ivory Coast,South Africa,113356.61,22.81
BATCH01004,30-09-2022,Excelsa,Road,Asia,356.8142057,2904.83,Large Crate,11.50152535,12,148.45,174.25,378.1,144.3,Ho Chi Minh,Malaysia,Norway,725625.05,14.08
BATCH01005,01-10-2022,Liberica,Air,Central America,220.4805908,1035.44,Big Bag,5.259640372,1,191.32,137.53,274.1,44,Mumbai,Ethiopia,Saudi Arabia,108385.18,23.02
BATCH01006,02-10-2022,Arabica,Sea,Central America,296.5172989,2079.24,Small Crate,5.652159417,16,210.05,176.5,306.16,153.8,Mombasa,Ivory Coast,Poland,479955.93,31.45
BATCH01007,03-10-2022,Excelsa,Air,Central America,354.5457382,3555.99,Big Bag,8.003316503,1,231.92,175.83,419.87,108.8,Mombasa,Malaysia,Singapore,884932.73,66.62
BATCH01008,04-10-2022,Robusta,Road,Africa,99.28668417,827.33,Large Crate,0.00361507,3,107.68,107.43,453.3,84.9,Mumbai,India,Singapore,176594.15,12.8
BATCH01009,05-10-2022,Robusta,Sea,South America,164.3305269,499.92,Small Bag,3.618665041,9,279.99,100.45,442.14,75,Ho Chi Minh,Ivory Coast,Singapore,37096.51,18.7
BATCH01010,06-10-2022,Liberica,Sea,South America,210.7609249,1025.88,Small Bag,3.123477129,25,260.92,192.49,162.88,190.1,Ho Chi Minh,Vietnam,UK,181739.53,17.13
BATCH01011,07-10-2022,Liberica,Road,South America,122.7658621,1303.9,Large Crate,3.757244201,12,298.21,161.92,216.32,128.7,Ho Chi Minh,Kenya,Singapore,214181.14,15.1
BATCH01012,08-10-2022,Liberica,Sea,Central America,342.830155,1234.38,Large Crate,12.08858764,9,167.14,103.77,318.15,119.1,Mombasa,Honduras,Chile,240155.79,40.89
BATCH01013,09-10-2022,Arabica,Sea,Asia,213.6996579,822.21,Small Bag,4.195107848,12,132.31,84.15,459.89,121.8,Mumbai,Tanzania,Argentina,148251.93,16.65
BATCH01014,10-10-2022,Arabica,Sea,Asia,158.8820259,1489.08,Small Bag,2.872819831,13,102.35,68.16,468.41,109.1,Mumbai,Philippines,Turkey,198446.79,12.68
BATCH01015,11-10-2022,Arabica,Air,Central America,377.5771222,687.88,Small Crate,7.563951912,4,114.35,57.17,217.36,109.7,Mombasa,Honduras,South Africa,180495.91,32.33
BATCH01016,12-10-2022,Arabica,Road,Africa,497.4394553,828.14,Small Crate,12.98467555,10,284.38,65.67,484.34,127.4,Mombasa,Malaysia,China,161419.33,16.14
BATCH01017,13-10-2022,Arabica,Sea,Central America,291.1441322,613.39,Small Bag,3.620245558,23,292.28,62.24,303.2,201.7,Hambantota,Ethiopia,China,153364.78,43.07
BATCH01018,14-10-2022,Excelsa,Air,South America,107.9305558,3198.06,Large Crate,1.178043642,2,229.14,96.18,316.12,65.5,Hambantota,Kenya,Canada,537685.99,20.07
BATCH01019,15-10-2022,Excelsa,Road,Central America,284.7207457,3124.08,Small Bag,5.346071038,6,219.79,153.92,350.26,78.6,Mumbai,Kenya,Canada,388895.04,30.75
BATCH01020,16-10-2022,Arabica,Air,Africa,423.8294646,1020.02,Large Crate,11.21477737,1,198.29,166.72,421.31,92,Ho Chi Minh,Liberia,South Korea,209142.87,39.09
BATCH01021,17-10-2022,Liberica,Road,South America,416.8967313,1328.33,Small Bag,8.26035817,11,213.29,167.88,432.01,75.7,Hambantota,India,Japan,73351.6,6.94
BATCH01022,18-10-2022,Excelsa,Road,Asia,457.354494,3250.97,Small Bag,12.25190054,7,125.31,138.51,174.82,106.4,Mumbai,Malaysia,Australia,719023.96,46.8
BATCH01023,19-10-2022,Arabica,Road,Africa,574.5368054,2429.46,Large Crate,14.39388221,10,231.74,130.01,305.19,116.6,Ho Chi Minh,Ivory Coast,Spain,414509.18,12.12
BATCH01024,20-10-2022,Robusta,Sea,South America,402.8171663,735.22,Big Bag,11.88993715,11,141.63,194.02,295.71,127,Mumbai,Liberia,Argentina,150990.7,32.65
BATCH01025,21-10-2022,Robusta,Road,Africa,350.9507533,400,Large Crate,9.057046183,12,138.64,188.3,310.76,128.4,Nairobi,Cameroon,Turkey,73105.9,18.67
BATCH01026,22-10-2022,Arabica,Air,Africa,317.801544,1345.65,Small Crate,7.400123821,1,218.81,63.1,463.93,60.5,Nairobi,Papua New Guinea,France,215775.28,25.49
BATCH01027,23-10-2022,Liberica,Road,South America,181.2019659,934.65,Small Bag,0.601036295,12,138.38,109.01,199.86,162.3,Mombasa,Peru,Argentina,222492.31,17.62
BATCH01028,24-10-2022,Arabica,Road,South America,433.0855434,806.68,Big Bag,14.76482968,9,114.68,119.66,424.77,114,Tema,Ghana,UK,175485.71,37.84
BATCH01029,25-10-2022,Liberica,Sea,Africa,255.9342828,1188.19,Small Crate,5.752216839,22,148.45,190.74,189.6,131.9,Ho Chi Minh,Brazil,Australia,74801,8.4
BATCH01030,26-10-2022,Robusta,Road,Africa,150.1786899,416.5,Small Crate,2.283423209,9,198.08,189.9,483.72,128.7,Hambantota,Ghana,Saudi Arabia,100095.75,42.71
BATCH01031,27-10-2022,Excelsa,Air,Asia,296.1703088,3137.93,Small Bag,10.00063283,3,135.98,89.84,175.35,90.3,Mombasa,Indonesia,Pakistan,629605.58,17.9
BATCH01032,28-10-2022,Liberica,Sea,Asia,204.7279421,860.4,Small Crate,4.264324336,10,155.69,113.74,199.91,110.6,Mombasa,Malaysia,Argentina,157579.65,22.64
BATCH01033,29-10-2022,Excelsa,Air,South America,286.5668654,2927.27,Small Crate,8.786674064,2,217.79,150.98,155.55,48.1,Mombasa,Philippines,Australia,319144.26,18.15
BATCH01034,30-10-2022,Liberica,Air,Africa,247.5123846,1229.07,Big Bag,8.801518618,3,146.51,198.52,404.97,112.2,Mombasa,Malaysia,Singapore,281873.2,19.19
BATCH01035,31-10-2022,Excelsa,Sea,Africa,287.462778,2989.95,Large Crate,6.685947314,16,170.25,111.63,234.58,121.1,Nairobi,India,Egypt,384408.59,13.69
BATCH01036,01-11-2022,Arabica,Air,Asia,461.446121,958.76,Small Bag,12.54177923,4,240.66,142.81,109.63,101.6,Mumbai,Brazil,Bangladesh,228894.62,35.65
BATCH01037,02-11-2022,Arabica,Air,South America,206.9874986,1047.49,Big Bag,3.974505923,1,262.7,148.22,497.27,58.1,Ho Chi Minh,Guatemala,Sweden,162190.31,9.24
BATCH01038,03-11-2022,Robusta,Air,Central America,314.5275785,560.93,Small Crate,6.729488874,4,288.24,192.12,223.78,88.4,Ho Chi Minh,Philippines,Japan,104078.16,38.61
BATCH01039,04-11-2022,Arabica,Air,South America,297.9916167,1228.43,Small Crate,8.065381929,4,129.18,96.86,224.94,65,Mumbai,Ethiopia,Poland,141367.95,11.09
BATCH01040,05-11-2022,Arabica,Air,South America,488.173925,1348.29,Small Crate,9.954370812,2,166.5,144.64,329.57,89.2,Mumbai,Ethiopia,Argentina,259112.55,50.99
BATCH01041,06-11-2022,Excelsa,Sea,Africa,451.1226323,3257.15,Large Crate,11.75957776,15,195.16,149.48,166.06,140.4,Hambantota,Indonesia,Italy,631300.91,18.67
BATCH01042,07-11-2022,Excelsa,Road,Asia,341.9848004,3191.89,Large Crate,5.922109243,7,171.39,117.46,314.74,113,Nairobi,Kenya,Australia,762784.46,24.38
BATCH01043,08-11-2022,Excelsa,Road,Central America,306.7261628,3302.6,Small Bag,9.690704161,11,220.68,196.24,129.62,126.4,Tema,Papua New Guinea,Turkey,659583.18,35.19
BATCH01044,09-11-2022,Arabica,Road,Central America,126.0484464,645.44,Big Bag,2.259164296,12,240.84,197.71,447.2,123.6,Ho Chi Minh,Guatemala,South Africa,124876.8,11.34
BATCH01045,10-11-2022,Excelsa,Air,Central America,554.0073855,2917.84,Small Crate,13.98972151,1,253.15,167.01,420.45,59,Nairobi,Guatemala,Canada,382505,22.4
BATCH01046,11-11-2022,Excelsa,Road,Central America,261.0482491,3101.9,Small Bag,5.745882096,7,243.51,157.01,271.09,56.3,Tema,Brazil,UK,201888.19,6.52
BATCH01047,12-11-2022,Arabica,Sea,Central America,374.6256705,958.53,Small Crate,10.94282133,14,165.15,187.86,254.79,111.1,Ho Chi Minh,Tanzania,Chile,104336.33,12.79
BATCH01048,13-11-2022,Liberica,Sea,Central America,50,1140.88,Big Bag,0.305116228,12,181.23,110.7,104.37,117.6,Ho Chi Minh,Peru,Argentina,170344.51,10.19
BATCH01049,14-11-2022,Liberica,Air,Central America,228.9943979,1165.6,Small Crate,3.077807144,3,105.16,153.25,301.46,90.3,Hambantota,Ivory Coast,Chile,221699.49,42.46
BATCH01050,15-11-2022,Robusta,Road,Central America,351.7672577,400,Small Bag,7.306238165,3,159.5,178.55,292.67,83.4,Ho Chi Minh,Ivory Coast,Pakistan,76805.88,20.51
BATCH01051,16-11-2022,Arabica,Road,Africa,507.3796451,1433.7,Large Crate,13.17378702,12,233.3,119.3,119.33,132.6,Mombasa,India,Norway,259611.56,31.83
BATCH01052,17-11-2022,Excelsa,Road,South America,312.4695079,3442.05,Small Bag,7.908827249,5,271.11,174.01,389.08,69.1,Nairobi,Indonesia,Norway,459540.39,10.94
BATCH01053,18-11-2022,Liberica,Road,South America,462.7872157,1164.11,Small Bag,13.94805723,12,236.7,78.44,430.79,108.3,Nairobi,Ivory Coast,Argentina,139712.24,28.16
BATCH01054,19-11-2022,Arabica,Air,Asia,315.0595265,672.71,Small Crate,7.256953449,4,166.03,140,360.05,73.4,Ho Chi Minh,Cameroon,UAE,113015.5,18.57
BATCH01055,20-11-2022,Arabica,Air,Africa,254.9361633,768.25,Small Bag,7.356736451,2,289.54,78.35,102.26,95.8,Hambantota,Papua New Guinea,Belgium,203773.73,37.7
BATCH01056,21-11-2022,Arabica,Sea,Asia,116.3068508,1483.04,Small Bag,1.796201828,9,126.44,129.61,453.42,124.2,Mombasa,Colombia,Poland,351536.31,48.47
BATCH01057,22-11-2022,Robusta,Sea,Central America,524.2578389,861.84,Small Bag,12.03984366,23,293.69,192.07,336.47,170.8,Tema,Kenya,Japan,146485.56,33.79
BATCH01058,23-11-2022,Robusta,Sea,South America,118.5926475,954.46,Small Bag,3.704481187,24,225.18,169.98,357.96,200.1,Nairobi,Uganda,South Korea,225855.75,24.46
BATCH01059,24-11-2022,Arabica,Road,South America,538.7020116,2114.29,Large Crate,13.49418734,6,130.32,54.34,134.45,118.5,Nairobi,Cameroon,Singapore,585854.87,29.4
BATCH01060,25-11-2022,Excelsa,Road,South America,584.5806967,3140.19,Large Crate,13.6623633,3,178.98,131.96,452.97,80.1,Ho Chi Minh,Peru,Qatar,551106.5,32.7
BATCH01061,26-11-2022,Excelsa,Sea,South America,565.3025363,3256.21,Large Crate,14.14965168,11,273.98,161.73,466.72,123.1,Mumbai,Cameroon,Bangladesh,627259.44,44.38
BATCH01062,27-11-2022,Excelsa,Sea,South America,354.014364,3308.11,Small Bag,7.803457337,21,151.04,156.79,473.35,153.6,Mumbai,Liberia,Netherlands,411719.12,10.84
BATCH01063,28-11-2022,Liberica,Sea,Central America,381.5135608,948.34,Large Crate,10.15640677,20,288.39,100.5,113.64,183.4,Nairobi,India,South Africa,220770.17,14.55
BATCH01064,29-11-2022,Liberica,Air,South America,418.0377433,860.32,Small Bag,11.6777382,2,136.02,105.86,323.53,70.6,Tema,Colombia,Australia,140129.16,25.05
BATCH01065,30-11-2022,Arabica,Road,Asia,50,1498.05,Small Crate,1.96521928,4,241.35,84.59,133.83,55.4,Tema,India,USA,142668.05,12.22
BATCH01066,01-12-2022,Robusta,Sea,Asia,372.2810718,713.1,Small Bag,9.014357925,19,279.01,182.08,128.21,167,Tema,Ghana,Japan,129313.97,44.8
BATCH01067,02-12-2022,Robusta,Sea,South America,95.32203315,400,Small Bag,0.51446852,17,155.78,61.96,417.48,123.1,Mombasa,Brazil,Bangladesh,46993.68,9.47
BATCH01068,03-12-2022,Robusta,Sea,Africa,289.0030171,928.03,Big Bag,7.463491251,12,153.42,162.41,268.52,131.4,Mumbai,Kenya,Egypt,167146.9,12.84
BATCH01069,04-12-2022,Excelsa,Air,Central America,168.6751553,3027.88,Large Crate,2.322640224,3,107.51,50.91,161.77,99.9,Ho Chi Minh,Philippines,UAE,762212.42,18.53
BATCH01070,05-12-2022,Excelsa,Sea,Central America,185.4337907,3010.4,Small Crate,2.743843889,7,211.11,132.61,420.42,98.3,Ho Chi Minh,Guatemala,Qatar,500941.48,19.9
BATCH01071,06-12-2022,Robusta,Road,Central America,232.4935401,1046.65,Big Bag,5.4757135,10,119.98,148.69,315.76,121.4,Nairobi,Mexico,Pakistan,178647.51,44.68
BATCH01072,07-12-2022,Excelsa,Road,Asia,375.2507642,3012.89,Small Crate,6.486557501,12,262.97,92.14,362.15,148.5,Nairobi,Liberia,Netherlands,683511.73,16.07
BATCH01073,08-12-2022,Arabica,Road,South America,416.95773,1201.77,Small Crate,9.347586368,11,210.16,142.54,465.11,117.4,Tema,Guatemala,Germany,206538.62,16.54
BATCH01074,09-12-2022,Excelsa,Sea,Africa,178.3067162,3259.41,Big Bag,1.116426277,18,143.31,131.57,394.44,132.9,Nairobi,Liberia,Thailand,390718.56,21.18
BATCH01075,10-12-2022,Excelsa,Sea,Central America,321.4961534,3403.18,Small Crate,7.555376419,23,237.75,143.29,229.92,144.7,Ho Chi Minh,Peru,Sweden,248561.56,15.82
BATCH01076,11-12-2022,Liberica,Road,Asia,207.7430952,1354.71,Big Bag,2.739376954,12,158.07,130.36,250.32,99.6,Nairobi,Cameroon,New Zealand,137054.65,7.44
BATCH01077,12-12-2022,Liberica,Air,South America,313.5035987,1580.94,Big Bag,8.609627625,3,251.08,96.45,190.25,74.1,Nairobi,Malaysia,Australia,292147.46,12.54
BATCH01078,13-12-2022,Arabica,Road,Asia,420.1450025,779.73,Big Bag,9.561069184,6,265.79,84.93,399,111.9,Hambantota,Liberia,Australia,165174.03,23.92
BATCH01079,14-12-2022,Liberica,Sea,Asia,340.2990351,1374.1,Big Bag,8.350638848,22,249.27,103.22,301.41,170.6,Hambantota,Papua New Guinea,France,207351.71,11.77
BATCH01080,15-12-2022,Liberica,Air,Africa,381.133803,1329.85,Big Bag,11.07443266,1,268.85,95.63,388.49,68.6,Mombasa,Malaysia,Poland,213443.4,12.61
BATCH01081,16-12-2022,Arabica,Sea,Africa,249.8858263,1581.18,Big Bag,5.034138664,14,119.99,72.92,434.43,128.5,Nairobi,Brazil,Qatar,252075.37,13.6
BATCH01082,17-12-2022,Robusta,Air,South America,429.6952647,511.6,Big Bag,11.47659887,3,236.13,181.07,166.13,84.3,Ho Chi Minh,Ethiopia,Australia,85604,16.07
BATCH01083,18-12-2022,Robusta,Road,South America,410.8986531,667.47,Small Crate,6.491506226,10,195.4,106.71,154.57,62.9,Mumbai,Vietnam,Netherlands,19571.24,7.85
BATCH01084,19-12-2022,Arabica,Air,South America,339.6527367,563.69,Large Crate,7.262767475,2,174.1,120.79,493.66,82.3,Ho Chi Minh,Honduras,Germany,122751.2,28.3
BATCH01085,20-12-2022,Robusta,Air,South America,470.6318306,845.94,Small Crate,9.721531909,3,195.9,149.79,484.27,103.5,Hambantota,Guatemala,China,206194.81,57.87
BATCH01086,21-12-2022,Excelsa,Road,South America,164.8256281,3324.11,Big Bag,0.27537576,11,130.22,116.12,357.56,110.5,Hambantota,Mexico,China,552750.5,32.38
BATCH01087,22-12-2022,Excelsa,Road,Central America,396.1864296,3256.26,Large Crate,9.809913321,5,294.2,70.78,402.76,124.3,Mumbai,Ivory Coast,Russia,872143.6,42.03
BATCH01088,23-12-2022,Excelsa,Air,Central America,356.1773569,3224.92,Large Crate,9.278777236,3,173.72,189.18,121.51,53.4,Nairobi,Ghana,China,387485.13,23.19
BATCH01089,24-12-2022,Arabica,Road,Africa,152.4198735,400,Large Crate,4.647706751,4,139,173.37,357.94,85.1,Mombasa,Papua New Guinea,USA,61740.59,40.48
BATCH01090,25-12-2022,Excelsa,Sea,Central America,95.06025067,3437.65,Small Crate,1.286914273,16,163.14,183.73,431.49,123.8,Mumbai,Guatemala,Italy,380539.87,13.22
BATCH01091,26-12-2022,Excelsa,Sea,South America,174.0586253,3173.61,Small Bag,1.364031749,16,258.11,135.3,167.85,128.3,Nairobi,India,South Korea,459166.9,19.22
BATCH01092,27-12-2022,Excelsa,Sea,South America,500.3441669,3088.73,Small Crate,13.8483562,15,178.88,71.19,476.31,102.9,Tema,Mexico,Thailand,269187.37,14.72
BATCH01093,28-12-2022,Excelsa,Road,Africa,428.9667108,2955.95,Big Bag,10.33918982,9,287.74,157.22,219.55,110.4,Nairobi,Indonesia,China,598514.31,34.41
BATCH01094,29-12-2022,Excelsa,Sea,Africa,55.68241863,2804.74,Big Bag,1.906539207,23,240.44,61.6,144.57,166.9,Mumbai,Honduras,Chile,343892.35,18.06
BATCH01095,30-12-2022,Arabica,Sea,South America,283.2011686,615.92,Small Bag,5.35084754,12,133.46,130.59,405.13,140.4,Hambantota,Peru,Russia,131244.14,43.13
BATCH01096,31-12-2022,Excelsa,Sea,Asia,421.4414251,2931.74,Big Bag,8.887244909,18,181.14,101.48,472.32,157.8,Ho Chi Minh,Brazil,Norway,502643.56,38.19
BATCH01097,01-01-2023,Excelsa,Road,Asia,387.2193528,3055.77,Small Bag,12.53357558,3,176.98,108.35,442.65,87.6,Tema,Malaysia,Pakistan,568596.76,43.63
BATCH01098,02-01-2023,Excelsa,Sea,South America,138.2256132,3213.49,Big Bag,0.654913931,15,135.63,132.24,143.21,119.7,Nairobi,Brazil,New Zealand,444762.16,25.05
BATCH01099,03-01-2023,Robusta,Air,Africa,273.6616418,451.52,Large Crate,3.549496972,4,295.4,87.89,338.15,91.7,Hambantota,Cameroon,Egypt,83359.64,29.99
BATCH01100,04-01-2023,Robusta,Air,Asia,584.3913781,1209.2,Small Bag,13.34623485,1,148.5,83.49,478.41,49.1,Ho Chi Minh,Mexico,Norway,159218.02,13.48
BATCH01101,05-01-2023,Robusta,Road,Asia,78.94954404,845.34,Big Bag,0.137483253,3,150.24,154.06,337.9,77.4,Mombasa,Tanzania,South Korea,145219.68,13.21
BATCH01102,06-01-2023,Liberica,Air,Central America,229.6261135,1009.23,Small Bag,3.020986542,4,176.67,95.27,317.69,56.3,Mumbai,Kenya,Pakistan,109259.5,12.34
BATCH01103,07-01-2023,Liberica,Air,Central America,603.0503702,1297.74,Big Bag,14.38536264,2,262.03,114.23,390.77,129.1,Mombasa,Liberia,UAE,416419.47,48.32
BATCH01104,08-01-2023,Liberica,Air,Africa,396.0999005,1140.84,Small Bag,9.201027698,2,100.18,64.91,237.41,58.9,Tema,Ghana,Spain,176197.96,28.47
BATCH01105,09-01-2023,Arabica,Air,Central America,282.0059944,1231.24,Big Bag,3.9250705,3,165.68,162.55,270.96,70.8,Nairobi,Guatemala,Germany,180247.78,12.45
BATCH01106,10-01-2023,Liberica,Road,Asia,128.3529098,1367.63,Small Bag,1.004866416,8,231.44,67.66,455.29,81.1,Mombasa,Ivory Coast,Canada,156551.59,24.97
BATCH01107,11-01-2023,Liberica,Road,South America,132.4018104,1629.28,Big Bag,0.422870107,6,133.62,158.02,194.76,130.8,Mombasa,Ghana,Egypt,486601.77,47.03
BATCH01108,12-01-2023,Excelsa,Air,Central America,179.0548245,3136.42,Big Bag,3.671176195,2,257.63,112.93,192.78,70,Mombasa,Colombia,Belgium,444738.96,28.9
BATCH01109,13-01-2023,Excelsa,Road,Central America,488.4386109,2957.82,Small Bag,13.22228729,3,140.47,106.88,307.02,84.9,Nairobi,Indonesia,South Africa,633398.22,33.58
BATCH01110,14-01-2023,Arabica,Sea,Asia,308.8469529,911.51,Small Bag,6.238704814,8,232.86,114.58,258.77,103.9,Nairobi,India,France,174026.65,42.07
BATCH01111,15-01-2023,Liberica,Road,Central America,389.3190499,1022.49,Big Bag,10.80500054,6,149.99,132.34,208.09,75.6,Nairobi,Peru,Saudi Arabia,147080.97,9.13
BATCH01112,16-01-2023,Liberica,Air,Africa,502.0489473,1161.56,Small Crate,13.77427553,2,249.77,127.24,186.43,44.5,Ho Chi Minh,Indonesia,Poland,108927,19.19
BATCH01113,17-01-2023,Robusta,Sea,Central America,321.6618918,957.77,Small Bag,6.120606924,23,183.09,188.2,145.39,160.3,Mumbai,Malaysia,Canada,117913.83,20.62
BATCH01114,18-01-2023,Arabica,Sea,Africa,288.7026936,400,Large Crate,2.869160566,12,226.7,134.49,216.37,136.2,Tema,Kenya,Qatar,90726.24,21.97
BATCH01115,19-01-2023,Excelsa,Air,South America,230.2311443,3086.01,Big Bag,7.756768963,3,107.28,84.82,395.93,100.8,Tema,Cameroon,Egypt,723043.13,18.19
BATCH01116,20-01-2023,Robusta,Air,Central America,607.4664925,970.07,Large Crate,13.62125531,3,196.51,155.85,445.37,83.4,Nairobi,Indonesia,Belgium,184907.41,28.49
BATCH01117,21-01-2023,Arabica,Air,Africa,448.9748981,1016.42,Large Crate,12.06561621,1,277.93,66.26,173.14,80.3,Nairobi,Indonesia,Sweden,190742.82,32.92
BATCH01118,22-01-2023,Liberica,Air,South America,177.868423,899.19,Big Bag,0.98744765,3,294.87,170.45,412.94,111.9,Tema,Philippines,Egypt,219744.04,16.77
BATCH01119,23-01-2023,Arabica,Sea,Asia,469.712395,2162.68,Large Crate,10.388592,21,122.47,127.97,337.12,185.7,Ho Chi Minh,Honduras,Japan,528629.07,30.55
BATCH01120,24-01-2023,Robusta,Air,Central America,435.5787238,1353.01,Small Crate,8.578462837,4,266.65,91.37,196.16,130.1,Hambantota,Uganda,Singapore,381663.38,19.73
BATCH01121,25-01-2023,Arabica,Sea,Asia,471.9603361,1536.14,Small Bag,13.61194765,9,217.64,72.24,375.97,131.4,Ho Chi Minh,Honduras,Germany,401794.68,56.83
BATCH01122,26-01-2023,Excelsa,Sea,Africa,143.8530722,3217.7,Big Bag,1.837221253,21,257.11,166.81,372.26,170.4,Nairobi,Ivory Coast,Qatar,637360.65,41.75
BATCH01123,27-01-2023,Liberica,Sea,Asia,337.636446,1124.61,Small Bag,8.010541698,15,182.75,192.68,429.97,140.7,Mumbai,Kenya,Australia,215789.66,42.83
BATCH01124,28-01-2023,Robusta,Air,Africa,477.88652,452.23,Big Bag,13.1919404,3,282.44,58.35,443.45,75.9,Nairobi,Honduras,UAE,84516.83,30.84
BATCH01125,29-01-2023,Arabica,Sea,South America,350.4487528,863.15,Large Crate,6.150356801,19,196.18,178.45,264.76,157.1,Tema,Tanzania,Netherlands,152861.88,40.14
BATCH01126,30-01-2023,Arabica,Road,Africa,313.0563279,570.49,Small Bag,7.229923766,3,121.52,182.81,144.45,78.3,Nairobi,Peru,New Zealand,101789.56,14.37
BATCH01127,31-01-2023,Arabica,Air,Central America,50.77992171,400,Small Crate,1.056910165,2,119.85,77.13,348.11,66.4,Hambantota,Ethiopia,USA,57292.51,14.73
BATCH01128,01-02-2023,Excelsa,Sea,Asia,193.5139471,3276.64,Big Bag,4.172154607,22,253.3,149.36,104.68,168.8,Mombasa,Ghana,Egypt,461723.69,29.9
BATCH01129,02-02-2023,Robusta,Road,Asia,167.1079908,875.9,Large Crate,4.867599738,12,262.07,184.91,121.16,109.5,Tema,Vietnam,Spain,113495.89,25.22
BATCH01130,03-02-2023,Excelsa,Air,Central America,513.8881626,3652.68,Small Crate,14.17683673,4,213.58,161.64,219.82,91.1,Mumbai,Ghana,Germany,622607.94,37.52
BATCH01131,04-02-2023,Robusta,Air,Central America,260.827796,1015.14,Small Bag,4.240010408,4,247.71,52.74,292.7,106.7,Mumbai,Liberia,Italy,245735,56.73
BATCH01132,05-02-2023,Robusta,Road,South America,274.6670973,577.67,Large Crate,6.913031029,11,294.3,50.97,439.47,100.9,Tema,Vietnam,USA,78659.61,8.92
BATCH01133,06-02-2023,Excelsa,Road,Central America,381.9353424,3622.86,Big Bag,10.06956635,12,217.94,146.51,248.16,133.5,Mombasa,Cameroon,Germany,709333.6,12.27
BATCH01134,07-02-2023,Robusta,Road,South America,159.244253,783.05,Small Crate,2.432750586,12,244.65,98.16,342.19,147,Tema,Philippines,Russia,185377,21.02
BATCH01135,08-02-2023,Arabica,Sea,South America,325.9361989,709.37,Small Bag,7.296635807,16,111.54,195.7,194.42,136.4,Mombasa,Cameroon,Netherlands,96715.76,11.58
BATCH01136,09-02-2023,Excelsa,Sea,Asia,458.1467067,3297.32,Big Bag,11.07808559,14,163.09,102.27,359.24,131.8,Hambantota,Liberia,Chile,508679.16,22.76
BATCH01137,10-02-2023,Robusta,Road,Africa,530.4476173,827.06,Big Bag,13.0028282,3,296.48,166.49,386.8,83.7,Mumbai,Uganda,China,177099.75,37.19
BATCH01138,11-02-2023,Liberica,Sea,Asia,494.5925227,1250.73,Large Crate,9.39388912,15,292.51,104.72,245.96,165.6,Ho Chi Minh,Guatemala,Argentina,274927.04,31.74
BATCH01139,12-02-2023,Robusta,Road,Africa,407.2488784,1018.56,Big Bag,10.03580273,3,282.77,121.88,315.38,64.8,Mumbai,Liberia,Canada,151387.79,24.31
BATCH01140,13-02-2023,Robusta,Air,Central America,193.6172154,581.62,Large Crate,1.894252089,4,201,169.32,131.84,68.9,Mombasa,Cameroon,South Africa,86647.98,28.1
BATCH01141,14-02-2023,Excelsa,Sea,Central America,446.2215864,3216.88,Small Bag,14.18664746,7,107.32,103.2,182,78.5,Mumbai,Tanzania,Turkey,363358.29,24.46
BATCH01142,15-02-2023,Excelsa,Road,Africa,140.6991856,3269.99,Small Bag,1.988611162,11,282.32,103.54,101.33,127,Nairobi,Colombia,New Zealand,705702.85,14.28
BATCH01143,16-02-2023,Liberica,Road,Africa,435.0819771,1135.57,Big Bag,11.62009406,3,275.04,59.63,445.54,66.9,Mombasa,Uganda,Qatar,150422.01,23.34
BATCH01144,17-02-2023,Liberica,Road,South America,168.3016004,1380.52,Big Bag,3.972244827,12,108.46,119.36,204.59,135.9,Mumbai,India,Singapore,282342.55,42.27
BATCH01145,18-02-2023,Excelsa,Sea,Central America,493.3172781,2863.69,Small Crate,14.00389716,10,200.75,181.13,477.87,132.5,Tema,Ghana,Thailand,668395.12,20.08
BATCH01146,19-02-2023,Robusta,Road,South America,418.6075568,1399.77,Big Bag,10.79939309,3,275.88,140.12,281.57,64.5,Nairobi,Philippines,Chile,190935.91,13.06
BATCH01147,20-02-2023,Liberica,Sea,Asia,413.9830021,828.67,Small Crate,11.30720569,18,123,131.08,187.21,143.7,Tema,Honduras,Turkey,134396.69,15.3
BATCH01148,21-02-2023,Robusta,Air,Africa,328.6683373,1008.28,Big Bag,3.285887596,3,122.04,109.87,463.6,78,Tema,Philippines,USA,185557.31,22.38
BATCH01149,22-02-2023,Robusta,Road,South America,324.9817566,907.76,Small Bag,6.64559965,10,284.96,178.09,177.68,121.4,Ho Chi Minh,Brazil,Turkey,204481.4,24.9
BATCH01150,23-02-2023,Robusta,Road,Africa,478.0670745,703.88,Small Bag,9.267197919,7,265.4,56.72,347.87,124.1,Nairobi,Brazil,Bangladesh,153903.82,36.06
BATCH01151,24-02-2023,Liberica,Air,Asia,521.1206871,1217.51,Big Bag,11.54960427,1,184.51,104.96,204.73,35.6,Nairobi,Brazil,France,111237.95,6.7
BATCH01152,25-02-2023,Arabica,Sea,Asia,114.8194125,1493.6,Small Crate,1.559390639,16,244.95,71.1,372.62,141.5,Mumbai,Ethiopia,Argentina,250243.95,12.69
BATCH01153,26-02-2023,Robusta,Road,South America,534.9424158,923.97,Big Bag,14.43547975,9,110.91,177.35,284.78,111.6,Hambantota,Uganda,Italy,155207.04,18.98
BATCH01154,27-02-2023,Excelsa,Air,Asia,478.8580707,3417.34,Small Crate,13.35331006,1,287.15,69.11,113.54,81.8,Nairobi,Brazil,Turkey,760558.64,38.28
BATCH01155,28-02-2023,Arabica,Road,Africa,213.5657278,546.15,Small Crate,4.055228857,5,285.06,108.71,345.53,78.4,Mombasa,Honduras,Singapore,76953.59,29.1
BATCH01156,01-03-2023,Liberica,Road,Africa,421.4204259,1211.16,Small Crate,12.34140365,7,135.37,174.55,438.09,104.3,Nairobi,Cameroon,Russia,194992.94,32.81
BATCH01157,02-03-2023,Liberica,Road,Africa,311.1689989,1195.37,Large Crate,7.774858846,10,185.73,124.27,179.93,115.4,Mumbai,Uganda,Chile,213078.81,40.58
BATCH01158,03-03-2023,Arabica,Air,South America,325.7888608,1319.85,Small Crate,6.927097223,4,255.77,88.65,282.84,98.6,Hambantota,Philippines,Germany,262081.9,47.12
BATCH01159,04-03-2023,Excelsa,Sea,Central America,258.1514505,3617.54,Large Crate,4.716511587,13,120.23,105.83,258.53,160.7,Tema,Cameroon,Thailand,853311.14,32.48
BATCH01160,05-03-2023,Liberica,Sea,South America,374.1060472,1084.44,Large Crate,8.714528799,21,207.29,129.33,399.13,180.6,Tema,Honduras,Egypt,201310.01,15.8
BATCH01161,06-03-2023,Arabica,Air,Africa,425.4663617,992.52,Small Crate,10.94833677,1,121.9,132.56,222.08,63.8,Ho Chi Minh,Honduras,South Africa,174539.93,16.13
BATCH01162,07-03-2023,Arabica,Air,Central America,327.9569285,400,Big Bag,6.163993574,1,266.65,61.18,237.21,55.7,Mombasa,Papua New Guinea,Singapore,61571.26,25.35
BATCH01163,08-03-2023,Arabica,Sea,Central America,370.2964855,1543.51,Big Bag,9.438287895,17,239.6,182.57,123.26,166.3,Tema,Vietnam,New Zealand,321372.88,15.48
BATCH01164,09-03-2023,Liberica,Sea,Central America,484.2684315,1244.18,Big Bag,10.48969382,14,246.48,176.17,200.65,166.6,Ho Chi Minh,Ghana,Norway,371790.91,24.5
BATCH01165,10-03-2023,Liberica,Sea,South America,327.6249398,1260.27,Large Crate,10.66682726,20,276.2,179.53,277.48,174.1,Tema,Philippines,Argentina,235670.14,13.81
BATCH01166,11-03-2023,Excelsa,Road,Asia,156.2252954,3015.9,Small Crate,0.779491472,9,222.2,197.12,299.35,115.5,Hambantota,Ivory Coast,Egypt,523631.39,41.6
BATCH01167,12-03-2023,Liberica,Sea,South America,511.3050682,1090.21,Big Bag,12.89621709,17,195.22,124.26,419.63,152.8,Tema,Kenya,Saudi Arabia,196218.74,25.27
BATCH01168,13-03-2023,Arabica,Road,Asia,272.4856638,1144.08,Small Crate,6.873799721,7,140.05,130.43,107.5,67.7,Nairobi,Guatemala,USA,110541.23,7.73
BATCH01169,14-03-2023,Liberica,Sea,Africa,200.3256854,1448.17,Big Bag,3.936241225,9,243.1,115.51,184.28,113.4,Tema,Tanzania,Qatar,309715.03,29.24
BATCH01170,15-03-2023,Liberica,Air,South America,232.0335753,970.05,Large Crate,3.626467612,2,245.16,199.27,309.78,90.4,Mumbai,Brazil,Turkey,230530.86,27.54
BATCH01171,16-03-2023,Excelsa,Sea,Africa,363.1531131,3323.41,Big Bag,7.245211693,18,197.73,73.31,311.62,151.5,Mumbai,Ethiopia,South Korea,530678.34,30.32
BATCH01172,17-03-2023,Liberica,Air,Central America,411.6010343,1203.51,Large Crate,13.30247309,2,236.12,112.85,286.1,74.5,Nairobi,Guatemala,Sweden,216645.09,42.78
BATCH01173,18-03-2023,Arabica,Air,Central America,301.6687151,1111.37,Large Crate,5.675213725,2,205.41,122.24,420.69,43,Hambantota,India,Netherlands,95786.79,5.85
BATCH01174,19-03-2023,Excelsa,Air,Africa,414.4940268,2977.05,Small Crate,11.2458862,3,260.36,161.42,357.43,73.8,Nairobi,Philippines,Spain,530132.77,11.7
BATCH01175,20-03-2023,Robusta,Sea,Asia,199.8329177,607.49,Small Crate,1.452280965,25,124.45,184.77,217.04,194.9,Hambantota,Ivory Coast,Germany,129500.62,46.08
BATCH01176,21-03-2023,Excelsa,Sea,Asia,222.2617553,3461.45,Large Crate,7.140850532,10,261.98,83.77,431.64,120.5,Mumbai,Ivory Coast,China,723064.18,24.4
BATCH01177,22-03-2023,Arabica,Sea,Asia,668.5237114,400,Large Crate,14.87529211,19,171.61,195.42,477.31,167.3,Hambantota,Honduras,UAE,78036.36,27.55
BATCH01178,23-03-2023,Robusta,Sea,Asia,402.3900146,809.5,Big Bag,11.55656704,12,235.45,190.41,477.9,103.2,Hambantota,Uganda,Qatar,102738.62,11.83
BATCH01179,24-03-2023,Arabica,Sea,Central America,266.2358791,988.13,Large Crate,3.157927327,12,105.11,56.25,235.02,90.6,Hambantota,Ivory Coast,South Korea,81152.62,11.86
BATCH01180,25-03-2023,Arabica,Air,Africa,322.1894322,400,Small Bag,7.521622105,4,267.87,84.1,105.18,100.7,Ho Chi Minh,Mexico,Saudi Arabia,94130.15,36.29
BATCH01181,26-03-2023,Liberica,Sea,Central America,164.1978068,1150.2,Small Bag,3.504371455,17,177.57,80.45,270.45,133.6,Mumbai,Malaysia,Sweden,159583.75,24.5
BATCH01182,27-03-2023,Liberica,Road,South America,297.5581175,667.61,Small Bag,6.143413909,12,286.12,124.56,496.5,119.4,Hambantota,Tanzania,China,102079.5,21.75
BATCH01183,28-03-2023,Liberica,Air,Central America,502.4940829,1442.42,Big Bag,11.70126036,4,100.8,70.57,271.29,78.5,Nairobi,Kenya,Thailand,230121.38,33.21
BATCH01184,29-03-2023,Robusta,Air,South America,369.4159268,1302.51,Small Crate,11.56837223,2,206.23,99.28,438.8,89.5,Ho Chi Minh,Ethiopia,USA,268394.37,25.77
BATCH01185,30-03-2023,Liberica,Sea,Asia,237.7246125,1216.7,Big Bag,3.421505669,8,259.34,52.97,394.31,110.2,Mombasa,Tanzania,Canada,201325.59,15.02
BATCH01186,31-03-2023,Arabica,Air,Africa,514.3915682,1059.47,Large Crate,13.83334977,2,206.21,67.83,389.95,72.1,Ho Chi Minh,Peru,Singapore,174712.78,25.89
BATCH01187,01-04-2023,Excelsa,Air,Central America,395.5078864,3041.27,Small Crate,8.888522741,2,141.14,130.68,433.92,63.4,Mombasa,Cameroon,New Zealand,443134.18,34.29
BATCH01188,02-04-2023,Arabica,Sea,Asia,271.5146988,1434.76,Small Bag,5.698864364,12,119.21,197.66,234.51,148.8,Tema,Ivory Coast,Egypt,313569.98,52.65
BATCH01189,03-04-2023,Excelsa,Road,South America,297.2775694,3153.55,Small Crate,7.529033712,11,138.61,136.39,243.84,97.3,Hambantota,Ethiopia,Norway,386229.32,8.46
BATCH01190,04-04-2023,Arabica,Sea,South America,316.6259015,1441.68,Big Bag,9.076068802,20,114.62,82.77,141.03,178,Mombasa,Papua New Guinea,Spain,306850.24,36.61
BATCH01191,05-04-2023,Excelsa,Sea,Africa,385.5829949,3041.4,Large Crate,8.398357978,17,292.85,93.85,358.46,137.5,Tema,Guatemala,Spain,483460.85,21.47
BATCH01192,06-04-2023,Excelsa,Road,Africa,352.2458656,3067.67,Small Bag,7.296075533,7,188.32,161.39,443.4,115.1,Nairobi,Liberia,Italy,670727.48,31.85
BATCH01193,07-04-2023,Robusta,Sea,Asia,360.3333742,479.31,Large Crate,7.573992061,18,286.88,143.47,495.38,185.4,Mombasa,Mexico,Chile,105582.68,37.58
BATCH01194,08-04-2023,Excelsa,Air,Asia,200.7651757,2979.96,Small Crate,2.646178656,2,150.89,154.6,494.53,95.2,Tema,Kenya,Japan,693078.08,53.36
BATCH01195,09-04-2023,Arabica,Road,Asia,512.9647505,400,Small Crate,12.19099356,3,116.99,176.22,168.74,30.9,Mombasa,Tanzania,UK,16679.15,7
BATCH01196,10-04-2023,Liberica,Road,Central America,414.095608,1678.83,Small Bag,8.126404799,7,168.74,133.66,217.64,101.6,Hambantota,Liberia,Spain,323628.08,14.03
BATCH01197,11-04-2023,Liberica,Road,Central America,65.1650454,1417.9,Small Crate,1.966197926,3,178.22,51,212.53,78.9,Nairobi,Tanzania,Italy,259209.38,26.47
BATCH01198,12-04-2023,Robusta,Air,Asia,327.6808235,772.32,Large Crate,11.49235652,3,216.93,103.03,335.58,38.4,Mumbai,Malaysia,UAE,51716.03,4.84
BATCH01199,13-04-2023,Excelsa,Sea,Central America,605.4971583,3243.5,Large Crate,13.98665968,22,171.57,75.99,492.16,192.5,Hambantota,Uganda,Italy,676960.01,39.5
BATCH01200,14-04-2023,Arabica,Air,Africa,459.2357789,400,Big Bag,14.20960349,4,283.75,82.21,257.62,43.1,Tema,Honduras,Sweden,27977.32,9.24
BATCH01201,15-04-2023,Excelsa,Sea,South America,211.7458152,3260.28,Large Crate,5.535265986,11,122.1,169.57,337.04,145,Hambantota,Liberia,Argentina,811035.51,53.58
BATCH01202,16-04-2023,Excelsa,Air,South America,146.6018775,3438.71,Small Crate,2.032753103,4,138.16,154.66,316.61,101.3,Nairobi,Guatemala,Turkey,810034.96,32.55
BATCH01203,17-04-2023,Arabica,Air,Asia,250.581253,2534.18,Big Bag,7.775994399,1,170,50.87,359.31,47,Nairobi,Malaysia,Poland,336419,12.59
BATCH01204,18-04-2023,Robusta,Sea,South America,131.5948183,705.64,Large Crate,1.68913844,14,162.7,65.13,333.24,107.2,Tema,Indonesia,Argentina,81581.61,12.1
BATCH01205,19-04-2023,Robusta,Road,South America,472.8890711,806.66,Small Crate,14.00981128,11,299.84,69.7,295.21,103.6,Ho Chi Minh,Indonesia,Saudi Arabia,103774.23,19.24
BATCH01206,20-04-2023,Robusta,Road,Africa,170.9437888,920.22,Large Crate,2.75369441,10,246.28,101.79,187.93,109.4,Tema,Kenya,Egypt,136007.93,34.85
BATCH01207,21-04-2023,Liberica,Air,Asia,227.7367022,1172.96,Small Bag,3.791487899,4,136.91,151.33,384.86,109.7,Mumbai,Uganda,Singapore,262254.54,38.49
BATCH01208,22-04-2023,Robusta,Road,Central America,265.8095258,601.54,Small Crate,6.099547903,8,152.11,71.56,488.54,101.2,Mombasa,Cameroon,Argentina,115765.77,19.48
BATCH01209,23-04-2023,Excelsa,Sea,Central America,252.7216466,3212.6,Small Bag,5.747467028,24,186.96,109.41,451.66,199.2,Tema,Tanzania,France,652110.09,43.34
BATCH01210,24-04-2023,Robusta,Air,Africa,470.4980914,949.5,Small Bag,11.91994339,1,186.59,95.64,169.84,50.3,Nairobi,Vietnam,Saudi Arabia,112764.07,10.57
BATCH01211,25-04-2023,Liberica,Road,Africa,357.5571591,1141.28,Small Crate,6.844752308,8,296.47,157.82,499.72,112.3,Ho Chi Minh,Honduras,UAE,235474.94,16.65
BATCH01212,26-04-2023,Arabica,Sea,South America,256.9939343,1552.83,Small Crate,2.5615239,18,149.16,100.33,107.63,154.8,Nairobi,Colombia,Singapore,294649.89,14.52
BATCH01213,27-04-2023,Excelsa,Road,Africa,209.3175403,3143.5,Big Bag,4.008148432,4,244.83,187.5,480.89,69.5,Tema,Tanzania,Egypt,408773.02,20.27
BATCH01214,28-04-2023,Excelsa,Sea,Asia,420.3454809,3086,Big Bag,7.636700778,13,150.01,185.83,418.78,140.3,Hambantota,Cameroon,Spain,634266.57,20.78
BATCH01215,29-04-2023,Excelsa,Road,Central America,210.1896046,3108.19,Small Crate,2.211808761,9,111.88,167.16,370.61,116.4,Nairobi,Ivory Coast,Pakistan,554046.07,15.17
BATCH01216,30-04-2023,Liberica,Sea,Asia,313.6446313,1153.79,Small Crate,9.174835135,18,253.56,62.62,322.6,136.2,Nairobi,Indonesia,South Africa,166247.9,19.8
BATCH01217,01-05-2023,Robusta,Air,Central America,291.5258752,898.68,Large Crate,8.486209598,4,261.99,174.32,297.8,99.2,Nairobi,Honduras,France,215065.28,40.51
BATCH01218,02-05-2023,Liberica,Sea,Africa,392.7516498,1187.14,Large Crate,10.72053475,19,282.44,133.2,273.77,131.9,Nairobi,Guatemala,Norway,137896.31,15.09
BATCH01219,03-05-2023,Excelsa,Road,Africa,594.1972761,3217.23,Small Bag,14.06556923,4,196.08,60.31,415.09,73.1,Ho Chi Minh,Uganda,Sweden,454815.24,27.13
BATCH01220,04-05-2023,Excelsa,Road,Asia,485.4461867,3360.69,Large Crate,13.68381842,5,251.84,72.85,139.55,58.6,Mumbai,Mexico,Turkey,338235.18,22.32
BATCH01221,05-05-2023,Arabica,Road,Asia,431.1161869,880.59,Big Bag,14.19113427,4,122.22,160.41,117.67,78.8,Nairobi,Mexico,Norway,125516.35,15.83
BATCH01222,06-05-2023,Arabica,Sea,Asia,198.6778082,965.22,Large Crate,3.670733955,14,147.81,119.75,209.35,158.5,Hambantota,Tanzania,Pakistan,261325.73,25.6
BATCH01223,07-05-2023,Liberica,Air,Africa,60.17578961,1113.58,Small Bag,1.9734796,4,136.26,58.88,137.3,67.1,Hambantota,India,Russia,141214.33,18.91
BATCH01224,08-05-2023,Excelsa,Air,Central America,183.2752329,2922.35,Small Bag,4.534150507,4,246.38,57.53,440.16,67.1,Tema,Liberia,South Korea,357060.13,19.46
BATCH01225,09-05-2023,Liberica,Road,Central America,473.4369074,1180.3,Large Crate,13.42627759,8,297.54,157.52,243.23,74.2,Nairobi,Indonesia,UK,123017.72,11.37
BATCH01226,10-05-2023,Liberica,Road,Africa,544.9075091,1018.59,Big Bag,14.58080212,9,279.24,196.43,102.69,79.2,Nairobi,Uganda,Bangladesh,91076.95,7.35
BATCH01227,11-05-2023,Excelsa,Air,South America,537.9043443,2843.6,Large Crate,12.88987427,3,232.71,126.55,371.89,71.4,Ho Chi Minh,Ghana,Chile,416183.28,24.64
BATCH01228,12-05-2023,Excelsa,Road,South America,184.2147717,3554.91,Big Bag,1.650265817,4,289.14,100.91,223.06,76.4,Tema,Indonesia,Poland,567384.76,18.63
BATCH01229,13-05-2023,Robusta,Sea,Central America,467.3763592,952.17,Large Crate,14.21141997,18,266.06,150.51,109.04,181.2,Mombasa,Indonesia,Canada,256913.34,28.44
BATCH01230,14-05-2023,Robusta,Sea,Central America,271.9254992,469.35,Large Crate,6.35037041,18,169.36,140.26,388.75,148.5,Tema,Indonesia,New Zealand,86099.59,15.65
BATCH01231,15-05-2023,Liberica,Air,Asia,108.0084103,1015.14,Small Crate,0.139654361,4,119.9,146.04,473.05,94.4,Mumbai,Vietnam,Saudi Arabia,200570.71,26.66
BATCH01232,16-05-2023,Arabica,Air,Central America,285.9668271,400,Small Bag,6.635906111,3,117.78,56.7,260.2,48.6,Ho Chi Minh,Colombia,Australia,38492.72,10.94
BATCH01233,17-05-2023,Liberica,Air,Africa,107.2663651,1294.54,Small Bag,0.691037545,2,299,71.17,253.81,75.1,Mombasa,Indonesia,New Zealand,212796.83,27.22
BATCH01234,18-05-2023,Liberica,Road,Asia,258.6078983,1402.02,Small Bag,8.158168817,9,261.4,110.28,130.21,102,Ho Chi Minh,Guatemala,Russia,217830.46,17.69
BATCH01235,19-05-2023,Excelsa,Air,South America,194.7126048,3116.39,Small Crate,5.078310412,3,213.18,109.12,403.13,94.2,Tema,Malaysia,Canada,731407.12,16.26
BATCH01236,20-05-2023,Arabica,Sea,Africa,292.8987277,2200.24,Small Crate,7.101524004,13,108.49,183.1,362.78,133.1,Mumbai,Tanzania,Qatar,433737.69,38.27
BATCH01237,21-05-2023,Liberica,Sea,Asia,221.2653786,1200.57,Big Bag,9.197555411,12,258.07,147.35,402.63,141.3,Tema,Indonesia,Japan,288617.19,17.53
BATCH01238,22-05-2023,Arabica,Sea,South America,522.9927091,794.43,Large Crate,13.03201644,10,251.92,127.48,499.67,146.6,Hambantota,Philippines,Japan,231757.13,18.65
BATCH01239,23-05-2023,Arabica,Road,Africa,329.2217544,1101.81,Small Crate,9.928523647,8,161.59,124.15,296.11,83.8,Ho Chi Minh,Tanzania,Singapore,148938.77,24.13
BATCH01240,24-05-2023,Liberica,Air,Africa,329.6638975,1240.17,Small Crate,6.510733027,4,101.34,52.19,441.25,89,Mombasa,Philippines,Poland,264589.46,35.9
BATCH01241,25-05-2023,Excelsa,Sea,Africa,498.6883344,3071.39,Large Crate,12.29141781,13,163.4,154.18,302.45,96.5,Tema,Brazil,Spain,270180.17,7.13
BATCH01242,26-05-2023,Liberica,Road,Africa,480.3273098,1602.88,Large Crate,13.58373206,8,284.88,58.58,403.39,126.7,Mumbai,Honduras,Spain,402139.31,18.09
BATCH01243,27-05-2023,Excelsa,Sea,Africa,203.9194012,3252.69,Small Crate,1.796399496,14,160.59,51.72,184.88,119.8,Ho Chi Minh,Tanzania,Germany,447638.56,22.66
BATCH01244,28-05-2023,Excelsa,Sea,South America,376.5297071,3334.82,Small Crate,7.978994663,9,115.35,63.27,496.55,135,Ho Chi Minh,Kenya,Chile,949612.24,47.11
BATCH01245,29-05-2023,Arabica,Sea,Africa,212.5823083,1367.45,Big Bag,4.267679396,10,284.23,128.36,142.29,124.7,Mombasa,Indonesia,South Korea,288741.39,33.12
BATCH01246,30-05-2023,Excelsa,Air,Asia,100.0895583,2844.13,Large Crate,0.705917968,2,173.94,85.57,341.21,34.3,Mombasa,Uganda,Singapore,206701.71,11.45
BATCH01247,31-05-2023,Liberica,Sea,Central America,455.7076521,1266.55,Big Bag,10.02820043,11,147.71,52.59,368.18,124,Nairobi,Brazil,Chile,209047.84,13.16
BATCH01248,01-06-2023,Liberica,Sea,Central America,499.8475418,1238.45,Big Bag,12.94156166,24,296.61,81.72,474.19,154.5,Nairobi,Vietnam,Qatar,105809.39,19.73
BATCH01249,02-06-2023,Liberica,Road,South America,225.5410529,1001.88,Big Bag,2.443539817,10,168.32,96.36,453.12,96.8,Nairobi,Malaysia,Sweden,146101,11.74
BATCH01250,03-06-2023,Arabica,Air,Central America,346.1374422,465.48,Small Crate,12.18620486,3,159.84,129.24,180.02,91.5,Hambantota,Ivory Coast,UK,106267.74,20.2
BATCH01251,04-06-2023,Arabica,Road,Asia,488.9523349,946.97,Small Crate,12.800936,6,197.33,144.74,240.93,103.8,Hambantota,Ghana,Japan,206643.19,38.75
BATCH01252,05-06-2023,Arabica,Road,Africa,432.5827449,854.03,Large Crate,13.71510664,8,280.76,164.27,148.88,82,Ho Chi Minh,Honduras,Russia,84214.68,27.11
BATCH01253,06-06-2023,Robusta,Sea,South America,218.0888647,694.63,Big Bag,3.979276336,15,267.3,168.49,360.13,120.9,Nairobi,Ethiopia,Qatar,92608.54,21.14
BATCH01254,07-06-2023,Liberica,Road,South America,542.4698898,1306.14,Large Crate,13.55929598,8,296.87,69.69,487.03,85.9,Nairobi,Philippines,Japan,152936.39,23.44
BATCH01255,08-06-2023,Robusta,Sea,Africa,331.2552469,1048.94,Big Bag,4.809941321,15,258.05,179.06,325.39,90,Hambantota,Indonesia,Saudi Arabia,41629.58,9.31
BATCH01256,09-06-2023,Arabica,Road,Africa,301.6437696,815.56,Small Bag,8.285070202,7,232.16,53.41,163.27,128.9,Mombasa,Papua New Guinea,South Africa,183217.16,21.23
BATCH01257,10-06-2023,Arabica,Road,Central America,96.44312161,1110.85,Large Crate,0.757612062,9,108.68,62.55,134.66,130.8,Mumbai,Uganda,South Africa,279142.37,54.18
BATCH01258,11-06-2023,Excelsa,Road,South America,114.9698444,3384.44,Small Crate,0.658216326,12,232.09,116.71,470.15,138.6,Hambantota,Peru,UK,805959.76,50.5
BATCH01259,12-06-2023,Liberica,Sea,Central America,375.4413907,1239.58,Large Crate,10.80559819,18,206.12,170.16,160.99,129.6,Tema,Guatemala,Japan,153140.2,6.7
BATCH01260,13-06-2023,Liberica,Air,South America,348.9439765,1646.4,Small Bag,6.66719967,3,188.58,85.61,172.42,62.7,Tema,Papua New Guinea,Saudi Arabia,214148.41,26.57
BATCH01261,14-06-2023,Robusta,Road,South America,211.8268416,527.7,Small Bag,3.844385631,8,121.31,134.93,207.43,113.8,Tema,Philippines,France,99379.45,45.4
BATCH01262,15-06-2023,Excelsa,Road,South America,191.7839244,3142.19,Small Crate,2.85620244,9,183.34,126.15,152.6,83.1,Tema,Indonesia,Singapore,334663.58,17.07
BATCH01263,16-06-2023,Liberica,Road,Central America,432.4877272,1027.57,Big Bag,10.04930236,8,222.75,91.05,424.93,86.8,Mombasa,Uganda,Egypt,141842.94,26.54
BATCH01264,17-06-2023,Liberica,Air,Asia,96.59511899,1054.62,Small Bag,0.00602316,2,175.22,167.93,298.51,73.9,Ho Chi Minh,Mexico,Australia,205947.99,11.59
BATCH01265,18-06-2023,Arabica,Sea,Asia,421.7740697,685.84,Small Crate,12.08836754,10,152.41,72.84,286.86,138.5,Mombasa,Cameroon,Singapore,151091,23.26
BATCH01266,19-06-2023,Liberica,Sea,Central America,132.5113108,1220.71,Small Bag,1.188744092,7,223.2,145.42,299.55,105.5,Mombasa,India,Chile,211508.63,35.5
BATCH01267,20-06-2023,Excelsa,Sea,South America,143.3612587,3420.88,Small Bag,2.872344224,24,216.66,126.72,408.68,246.3,Mombasa,Brazil,Netherlands,1021535.58,40.49
BATCH01268,21-06-2023,Arabica,Sea,Central America,279.2054223,475.03,Small Crate,5.793545929,19,168.51,178.2,198.03,150.2,Hambantota,Philippines,Russia,77969.62,13.14
BATCH01269,22-06-2023,Robusta,Air,Africa,368.0333189,530.5,Large Crate,7.272881096,3,191.97,160.76,454.2,116.1,Mombasa,Brazil,UAE,134949.78,51.71
BATCH01270,23-06-2023,Arabica,Road,Asia,200.9988875,400,Large Crate,5.324926737,6,214.21,83.6,212.96,96,Nairobi,Cameroon,Italy,68033.23,33.84
BATCH01271,24-06-2023,Robusta,Road,Central America,167.7019242,805.36,Small Bag,4.810682475,9,114.62,72.92,319.04,125.4,Ho Chi Minh,Uganda,Bangladesh,156928.7,31.99
BATCH01272,25-06-2023,Excelsa,Road,Asia,536.2247022,3123.02,Small Crate,14.45874018,10,162.84,102.52,149.18,112.4,Tema,Colombia,Poland,532134.93,37.53
BATCH01273,26-06-2023,Liberica,Sea,Africa,350.3208757,1117.27,Small Crate,9.623695219,7,281.02,59.35,179.49,65.9,Ho Chi Minh,Papua New Guinea,Spain,106437.47,15.33
BATCH01274,27-06-2023,Liberica,Road,Asia,112.1320936,1274.24,Large Crate,0.351494331,7,177.87,82.09,343.74,128.3,Ho Chi Minh,Guatemala,Egypt,312336.7,52.4
BATCH01275,28-06-2023,Robusta,Air,Asia,309.5993348,551.87,Large Crate,6.452638627,4,210.45,63.32,125.21,75.8,Ho Chi Minh,India,New Zealand,87803.07,17.31
BATCH01276,29-06-2023,Robusta,Air,South America,386.5696034,1144.91,Big Bag,13.1251305,4,149.95,140.51,263.39,129.8,Mombasa,Uganda,South Africa,317785.7,63.41
BATCH01277,30-06-2023,Liberica,Sea,Central America,270.1477553,1295.03,Small Bag,4.521842796,14,297.9,186.93,394.57,130.3,Mumbai,Colombia,Germany,202024.45,24.29
BATCH01278,01-07-2023,Liberica,Road,Central America,84.06693,1056.68,Small Crate,1.418345172,10,230.83,154.06,448.53,113.9,Nairobi,Ivory Coast,UK,181362.43,23.15
BATCH01279,02-07-2023,Excelsa,Air,Asia,440.1557497,3095.42,Big Bag,11.37577157,4,105.81,105.35,135.08,107.9,Ho Chi Minh,Cameroon,Egypt,679764.66,55.4
BATCH01280,03-07-2023,Liberica,Road,Central America,339.7371076,1273.33,Large Crate,9.090207479,4,292.21,120.03,465.79,91.1,Nairobi,Uganda,Argentina,255543.22,46.18
BATCH01281,04-07-2023,Robusta,Road,Africa,329.0427778,839.17,Large Crate,8.554687617,6,126.69,146,413.46,74.4,Nairobi,Malaysia,Bangladesh,104806.9,17.67
BATCH01282,05-07-2023,Liberica,Air,Africa,208.8073488,1004.82,Big Bag,0.803648394,1,296.56,128.83,186.46,61.1,Mombasa,Uganda,France,145889.71,19.02
BATCH01283,06-07-2023,Liberica,Road,Asia,179.1879304,793.81,Small Bag,2.107485147,10,171.71,189.23,463.1,98,Hambantota,Ivory Coast,Turkey,89254.57,26.53
BATCH01284,07-07-2023,Arabica,Road,South America,425.3816484,400,Big Bag,9.338240943,7,206.02,97.45,233.24,84.5,Mumbai,Tanzania,Italy,60758.79,15.72
BATCH01285,08-07-2023,Liberica,Air,Africa,201.0677964,693.49,Big Bag,3.117357622,2,162.38,162.29,390.13,68.2,Tema,Peru,Saudi Arabia,117609.46,12.45
BATCH01286,09-07-2023,Excelsa,Air,Central America,357.8322146,3356.66,Small Bag,7.561051196,3,269.07,70.13,244.75,96.3,Mombasa,Kenya,Russia,845298.43,35.29
BATCH01287,10-07-2023,Excelsa,Air,Central America,366.0656768,3001.54,Small Bag,8.17322529,3,162.64,111.03,419.16,61.2,Nairobi,Liberia,Qatar,332056.41,9.97
BATCH01288,11-07-2023,Excelsa,Road,South America,240.3010429,3214.92,Small Crate,4.252607854,10,286.97,149.54,289.26,82.1,Nairobi,Malaysia,Norway,243429.5,14.14
BATCH01289,12-07-2023,Arabica,Air,Africa,582.1491155,1001.61,Big Bag,14.22637733,1,179.56,151.4,461.19,70.1,Tema,Malaysia,UK,186058.57,36.91
BATCH01290,13-07-2023,Excelsa,Sea,South America,486.9341208,2905.03,Small Bag,12.6369616,12,299.84,111.55,448.72,121.2,Hambantota,India,Bangladesh,413857.27,26.62
BATCH01291,14-07-2023,Robusta,Sea,South America,539.325507,529.48,Small Bag,10.83560261,11,122.95,83.43,224.42,103,Mombasa,Peru,Canada,77405.67,9.65
BATCH01292,15-07-2023,Arabica,Sea,Asia,183.1238185,777.44,Small Bag,1.169907996,15,230.47,94.3,332.07,145.8,Ho Chi Minh,Peru,Sweden,158822.03,22.01
BATCH01293,16-07-2023,Robusta,Sea,Africa,90.7814738,1118.78,Large Crate,1.59195029,13,159.62,66.25,205.53,112.7,Mombasa,Malaysia,Saudi Arabia,129312.43,11.51
BATCH01294,17-07-2023,Robusta,Road,Africa,312.9241202,606.7,Large Crate,7.391720188,5,272.96,174.75,463.52,79.9,Nairobi,Liberia,Norway,84498.97,23.38
BATCH01295,18-07-2023,Excelsa,Air,Africa,192.1748871,3022.29,Small Bag,2.410700238,3,159.84,136.72,450.49,74.1,Nairobi,Philippines,Pakistan,505261.99,27.33
BATCH01296,19-07-2023,Excelsa,Sea,Asia,542.4443004,3273.34,Small Crate,14.67398195,19,138.52,137.23,479.93,137.6,Tema,Ivory Coast,Germany,422087.35,18.96
BATCH01297,20-07-2023,Robusta,Air,South America,205.6777763,400,Small Crate,2.37780351,3,114.74,97.11,417.45,68.7,Ho Chi Minh,Uganda,France,64458,20.33
BATCH01298,21-07-2023,Excelsa,Air,Central America,359.2113612,3192.01,Small Bag,7.312017532,2,282.99,54.4,477.83,99.1,Hambantota,Honduras,Russia,757506.17,33.84
BATCH01299,22-07-2023,Excelsa,Sea,Asia,195.8751263,3228.83,Small Crate,5.461815853,11,229.46,101.71,329.94,115.6,Mombasa,Uganda,Norway,527524.34,27.35
BATCH01300,23-07-2023,Liberica,Sea,Central America,451.7777669,1045.42,Small Bag,9.590796322,24,285.39,76.81,238.7,227.7,Tema,Cameroon,Netherlands,291911.14,39.4
BATCH01301,24-07-2023,Arabica,Air,South America,133.2255107,1099.23,Big Bag,1.935546133,1,274.07,160.43,466.03,68.9,Ho Chi Minh,Kenya,Sweden,186340,24.16
BATCH01302,25-07-2023,Liberica,Air,Central America,263.8471673,1303.98,Large Crate,6.454746421,4,245.14,61.72,119.12,63.5,Ho Chi Minh,Brazil,Canada,165899,15.42
BATCH01303,26-07-2023,Excelsa,Road,Asia,193.6611451,3158.18,Large Crate,4.120575492,10,220.16,133.07,233.63,80.6,Mombasa,Kenya,Pakistan,263482.81,10.46
BATCH01304,27-07-2023,Liberica,Sea,Africa,539.9170064,1218.76,Small Crate,13.31627287,7,118.25,58.9,318.21,88.1,Nairobi,Cameroon,Egypt,167678.57,12.94
BATCH01305,28-07-2023,Excelsa,Road,Africa,104.9101856,3218.53,Small Crate,0.608785682,4,258.37,178.67,460.03,94.4,Nairobi,Brazil,France,733348.54,40.14
BATCH01306,29-07-2023,Arabica,Road,Asia,477.9997901,1651.92,Big Bag,13.70591241,6,185.44,84.4,128.44,98.7,Mumbai,Malaysia,USA,294569.22,36.49
BATCH01307,30-07-2023,Robusta,Road,Africa,453.6494045,1715.23,Big Bag,12.49491208,11,288.97,171.38,109.02,127,Ho Chi Minh,Philippines,Turkey,303927.85,17.34
BATCH01308,31-07-2023,Liberica,Sea,Asia,144.1722395,1438.22,Small Crate,4.463560747,18,240.15,141.82,243.74,132.9,Hambantota,Papua New Guinea,Singapore,163773.51,20.73
BATCH01309,01-08-2023,Excelsa,Air,Central America,413.0726064,3350.07,Large Crate,11.83935982,4,217.53,84.94,436.64,48.2,Mombasa,Malaysia,Italy,232243.8,4.75
BATCH01310,02-08-2023,Robusta,Road,Asia,52.06692472,701.89,Small Crate,0.468203405,6,286.82,152.36,219.89,88.5,Nairobi,Ghana,Bangladesh,121066.11,10.44
BATCH01311,03-08-2023,Excelsa,Air,South America,521.6310311,3541.96,Small Crate,14.50298325,2,157.6,145.37,425.68,58,Ho Chi Minh,Brazil,Thailand,407246.95,21.55
BATCH01312,04-08-2023,Excelsa,Road,Africa,370.1773877,2939.3,Large Crate,7.898924139,12,106.46,171.96,172.94,103.5,Ho Chi Minh,Tanzania,Pakistan,391548.04,28.94
BATCH01313,05-08-2023,Robusta,Sea,Central America,264.1702568,1073.05,Large Crate,4.549215391,22,123.35,110.38,250.8,194.6,Hambantota,Ethiopia,Canada,238375.08,23.89
BATCH01314,06-08-2023,Robusta,Road,Africa,325.9999705,732.31,Small Bag,5.438748189,12,210.56,99.18,196.8,143.4,Hambantota,Colombia,France,186644.41,26.74
BATCH01315,07-08-2023,Excelsa,Road,Africa,181.5811999,3002.94,Large Crate,0.996080302,9,188.49,140.93,245.48,100.2,Hambantota,India,Turkey,397154.8,22.09
BATCH01316,08-08-2023,Excelsa,Sea,Africa,518.7774456,3249.92,Small Bag,14.84024271,7,193.08,86.4,423.95,119,Tema,Kenya,Norway,654362.02,44.77
BATCH01317,09-08-2023,Arabica,Road,Africa,118.6349454,2326.02,Big Bag,0.589379177,9,232.99,118.72,371.72,111.9,Ho Chi Minh,Philippines,Netherlands,429688.25,34.84
BATCH01318,10-08-2023,Liberica,Road,South America,393.0804007,1480.15,Big Bag,9.823606847,12,201.21,160.73,469.54,131.4,Ho Chi Minh,Tanzania,Singapore,287903.32,45.66
BATCH01319,11-08-2023,Liberica,Sea,Central America,191.6785333,1180.35,Small Bag,6.641038916,19,280.38,55.88,299.29,173,Nairobi,Papua New Guinea,Australia,281532.1,31.87
BATCH01320,12-08-2023,Excelsa,Sea,Asia,466.1493213,3151.52,Small Crate,14.23374327,17,126.36,189.16,221.83,118,Tema,Malaysia,UK,290544.75,12.29
BATCH01321,13-08-2023,Excelsa,Air,Central America,202.3355493,3175.77,Large Crate,3.689996105,2,152.45,177.96,238.03,81.4,Nairobi,Indonesia,Turkey,702274.94,19
BATCH01322,14-08-2023,Robusta,Air,Central America,330.794249,1350.32,Large Crate,7.981302359,1,289.55,146.21,120.32,60.2,Nairobi,Kenya,Canada,220512.08,20.28
BATCH01323,15-08-2023,Robusta,Sea,South America,342.6765466,493.39,Small Bag,7.235343129,23,239.43,73.46,476.2,197.2,Tema,Brazil,Pakistan,103109.27,39.67
BATCH01324,16-08-2023,Liberica,Air,Asia,439.4719813,1365.95,Big Bag,10.54299666,2,271.05,126.81,233.06,71.2,Mombasa,Vietnam,South Africa,258445.69,39.14
BATCH01325,17-08-2023,Liberica,Road,South America,50,1692.26,Large Crate,1.020153479,3,226.33,166.05,366.87,75.6,Mombasa,Tanzania,Pakistan,248705.66,12.4
BATCH01326,18-08-2023,Liberica,Air,Asia,213.1349452,1391.92,Small Bag,2.90683695,2,204.83,162.99,419.02,65.8,Tema,Mexico,Belgium,239920.87,28.12
BATCH01327,19-08-2023,Liberica,Road,Central America,205.4835294,1190.85,Large Crate,3.218472301,8,214.59,145.06,224.06,70.6,Ho Chi Minh,Ethiopia,Bangladesh,94089.57,9.83
BATCH01328,20-08-2023,Arabica,Road,Asia,463.3364988,1169.09,Small Bag,11.07226132,6,126.94,109.12,318.35,71.1,Ho Chi Minh,Honduras,Germany,133913.56,22.53
BATCH01329,21-08-2023,Liberica,Air,South America,238.4556927,1460.18,Large Crate,2.837080445,1,104.21,145.52,381.06,47.9,Nairobi,India,China,168454.44,11.9
BATCH01330,22-08-2023,Liberica,Sea,Central America,350.9271451,1157.45,Large Crate,8.602376458,7,276.98,126.66,319.1,77,Nairobi,Philippines,Pakistan,151520.16,24.5
BATCH01331,23-08-2023,Liberica,Sea,Central America,259.1391311,1336.13,Large Crate,3.228657308,15,219.66,88.04,221.57,134.1,Ho Chi Minh,India,Italy,207278.28,11.37
BATCH01332,24-08-2023,Excelsa,Road,Central America,443.2612048,2998.67,Small Bag,12.92437425,12,224.72,184.51,304.2,145.8,Hambantota,Uganda,Bangladesh,668083.24,19.29
BATCH01333,25-08-2023,Robusta,Sea,Africa,476.6965485,400,Large Crate,14.13278182,17,139.78,87.36,202.16,147.4,Nairobi,India,Thailand,65983.3,41.21
BATCH01334,26-08-2023,Robusta,Air,Africa,354.7604482,628.58,Small Bag,7.777394624,1,174.98,133.38,307.62,75.5,Mumbai,Cameroon,Canada,104186.57,20.42
BATCH01335,27-08-2023,Arabica,Sea,Africa,240.1006206,1446.9,Big Bag,5.284633263,13,102.95,169.63,131.96,149.6,Tema,Brazil,Italy,354429.02,54.29
BATCH01336,28-08-2023,Arabica,Sea,Central America,218.407627,641.43,Large Crate,3.510866625,16,298.29,182.58,431.92,134,Mombasa,Vietnam,UAE,105173.59,33.3
BATCH01337,29-08-2023,Liberica,Sea,Africa,222.0505567,1460.07,Small Crate,0.746715023,10,297.27,159.11,110.34,101.3,Nairobi,Kenya,New Zealand,191579.03,19.83
BATCH01338,30-08-2023,Excelsa,Road,Central America,240.499788,3078.26,Small Bag,4.027501143,7,273.64,93.92,185.82,75.2,Mombasa,Honduras,South Africa,387108.65,11.69
BATCH01339,31-08-2023,Arabica,Road,Central America,405.0145779,1205.03,Big Bag,9.813536699,6,176.71,72.4,260.19,94.5,Mumbai,Ethiopia,Russia,217024.54,25.31
BATCH01340,01-09-2023,Excelsa,Air,Africa,296.6666002,3024.8,Small Crate,8.00425397,4,287.26,110,144.75,68.3,Hambantota,Ghana,France,364634.55,18.83
BATCH01341,02-09-2023,Liberica,Sea,South America,439.8195849,1135.61,Big Bag,14.16061917,13,105.4,182.49,142.58,120.8,Mombasa,Malaysia,Japan,172652.48,22.41
BATCH01342,03-09-2023,Excelsa,Road,South America,274.6974374,3466.07,Big Bag,5.944158937,3,111.6,81.14,366.72,64.5,Ho Chi Minh,Liberia,Sweden,514088.1,30.93
BATCH01343,04-09-2023,Liberica,Road,Central America,465.5820164,1251.92,Big Bag,10.40795013,6,240.27,73.27,411,72.6,Mumbai,Ghana,Russia,160975.59,25.01
BATCH01344,05-09-2023,Robusta,Air,South America,304.048336,617.9,Large Crate,7.339841212,2,225.9,87.33,375.53,86.8,Mombasa,India,Italy,133678.93,48.48
BATCH01345,06-09-2023,Arabica,Sea,Africa,350.7324221,1263.26,Small Crate,7.688643239,18,235.52,143.54,327.39,145.8,Tema,Indonesia,South Africa,208268.01,17.49
BATCH01346,07-09-2023,Robusta,Road,Central America,291.8233052,400,Large Crate,4.016614719,9,101.77,140.61,258.1,75.9,Mumbai,Honduras,Italy,29911.62,17.97
BATCH01347,08-09-2023,Excelsa,Road,South America,374.8036652,3268.1,Small Crate,6.824261653,3,114.8,147.59,448.42,84.9,Hambantota,Malaysia,Spain,600762.95,42.35
BATCH01348,09-09-2023,Robusta,Road,Africa,333.294043,570.34,Small Crate,7.061774955,6,187.72,81.44,351.64,75.3,Ho Chi Minh,Mexico,Russia,78535.57,15.08
BATCH01349,10-09-2023,Robusta,Sea,Africa,426.4944587,400,Small Crate,10.59963783,25,145.51,157.79,174.81,204.8,Nairobi,Ethiopia,Egypt,99333.09,33.06
BATCH01350,11-09-2023,Liberica,Sea,South America,447.3563472,1136.73,Large Crate,14.10959999,21,136.23,121.56,112.82,195.6,Hambantota,Guatemala,Poland,322128.44,22.43
BATCH01351,12-09-2023,Arabica,Road,Africa,216.6848427,1383.01,Small Bag,4.939819162,9,243.23,99.63,102.58,101.4,Mumbai,Vietnam,Turkey,236059.24,32.03
BATCH01352,13-09-2023,Liberica,Sea,Africa,104.9524205,1000.18,Small Crate,0.633007029,17,255.45,53.56,442.89,182.8,Tema,Tanzania,Germany,282737,50.31
BATCH01353,14-09-2023,Excelsa,Sea,Asia,280.7162259,3128.11,Small Crate,7.444426883,15,245.63,169.8,232.4,111.9,Mombasa,Philippines,Egypt,360911.83,6.17
BATCH01354,15-09-2023,Excelsa,Air,Central America,357.4302626,3403.69,Small Bag,8.166919982,3,196.63,159.99,112.19,35.1,Hambantota,Liberia,Singapore,197897.3,8.96
BATCH01355,16-09-2023,Excelsa,Road,Africa,271.3806572,3154.66,Small Bag,2.526608267,3,191.96,171.72,183.3,51.9,Hambantota,India,UK,333101.39,6.68
BATCH01356,17-09-2023,Liberica,Sea,Asia,518.0971525,1208.28,Large Crate,11.40696909,21,277.3,189.76,330.79,172.5,Hambantota,Mexico,Singapore,227393.96,33.29
BATCH01357,18-09-2023,Liberica,Air,South America,555.4120919,1101.67,Small Crate,14.77393663,1,104.51,75.27,128.74,22.7,Nairobi,Uganda,Qatar,52967.37,10.24
BATCH01358,19-09-2023,Excelsa,Sea,Africa,564.5703263,3122.33,Big Bag,14.18662076,22,148.49,130,215.09,161.9,Nairobi,Cameroon,South Korea,490892.71,32.68
BATCH01359,20-09-2023,Liberica,Air,South America,152.2675017,1052.04,Large Crate,2.956590582,1,136.76,188.47,290.1,58.4,Tema,Ivory Coast,Thailand,167863.74,19.13
BATCH01360,21-09-2023,Liberica,Air,Africa,567.1179255,981.83,Small Bag,13.1304486,1,170.12,158.55,261.29,23.6,Hambantota,Indonesia,Norway,45650.36,4.37
BATCH01361,22-09-2023,Excelsa,Air,South America,338.9238066,3421.3,Small Bag,10.56740455,4,292.38,128.28,261.03,88.1,Ho Chi Minh,Ethiopia,Qatar,605005.04,40.56
BATCH01362,23-09-2023,Arabica,Road,Africa,349.8723618,1159.85,Small Bag,6.807698457,3,159.77,149.8,118.19,103.5,Mombasa,Tanzania,Bangladesh,280036.12,50.51
BATCH01363,24-09-2023,Arabica,Air,Asia,368.054433,950.38,Small Crate,8.109164915,4,261.21,171.7,394.44,91.1,Ho Chi Minh,Peru,Russia,183777.65,31.26
BATCH01364,25-09-2023,Liberica,Air,Africa,444.5271094,1173.34,Big Bag,12.74400262,3,171.56,142.01,316.77,114.3,Nairobi,Tanzania,Pakistan,329374.45,48.45
BATCH01365,26-09-2023,Robusta,Air,South America,305.621385,692.33,Small Bag,7.202024095,1,240.11,150.12,206.49,73.4,Nairobi,Cameroon,UK,116139.43,38.39
BATCH01366,27-09-2023,Excelsa,Road,Central America,211.2306809,3212.72,Large Crate,5.598110537,5,181.19,173.94,180.84,91.9,Nairobi,Uganda,USA,594014.04,34.64
BATCH01367,28-09-2023,Liberica,Sea,Central America,267.3793695,1636.74,Small Crate,7.398712395,8,197,63.63,388.76,69.4,Nairobi,Uganda,France,122789.92,18.7
BATCH01368,29-09-2023,Robusta,Air,Central America,281.0557118,484.36,Big Bag,8.686947061,2,195.58,128.25,267.64,45.4,Nairobi,Liberia,Spain,51945.65,8.44
BATCH01369,30-09-2023,Arabica,Air,Africa,223.4606393,527.07,Small Bag,2.836164807,4,202.21,117.4,420.38,116.3,Tema,Guatemala,Egypt,124344.46,31.68
BATCH01370,01-10-2023,Liberica,Road,South America,565.6757271,997.35,Large Crate,13.51361595,10,137.52,110.59,257.61,116.3,Nairobi,Honduras,Turkey,153667.35,42.66
BATCH01371,02-10-2023,Excelsa,Air,Africa,295.2937338,3084.3,Small Crate,10.11280423,4,100.52,140.45,151.84,92.3,Nairobi,Tanzania,Japan,690799.21,46.47
BATCH01372,03-10-2023,Arabica,Sea,South America,476.8862886,823.39,Small Bag,9.49903376,15,296.82,191.86,360.73,123,Mumbai,Vietnam,Netherlands,121548.76,21.03
BATCH01373,04-10-2023,Liberica,Road,Asia,144.1728899,1181.74,Large Crate,1.492443393,6,187.06,187.98,114.09,93.6,Tema,Vietnam,Russia,222388.61,18.75
BATCH01374,05-10-2023,Arabica,Air,South America,386.3709324,1544.83,Small Crate,9.062609073,1,208.35,158.19,217.4,91.7,Nairobi,Indonesia,Singapore,383276.81,27.82
BATCH01375,06-10-2023,Liberica,Air,Africa,80.81165623,1608.06,Large Crate,1.814409934,4,102.84,100.62,134.97,100.1,Nairobi,Papua New Guinea,South Korea,364511.44,44.26
BATCH01376,07-10-2023,Excelsa,Sea,South America,201.4552413,3325.2,Small Bag,1.180465128,9,159.45,162.45,333.36,127.2,Hambantota,Brazil,Saudi Arabia,673435.8,19.93
BATCH01377,08-10-2023,Excelsa,Air,South America,347.3024077,3234.97,Large Crate,7.909663435,2,195.1,83.07,444.75,55.9,Mombasa,Mexico,Qatar,380332.97,25.79
BATCH01378,09-10-2023,Excelsa,Road,Africa,338.1948023,3208.98,Small Bag,6.041783011,4,174.18,59.52,396.64,76.1,Tema,Mexico,USA,515361.85,34.25
BATCH01379,10-10-2023,Arabica,Sea,South America,426.0075376,1468.79,Small Crate,8.832154052,14,281.69,61.03,245.82,114.7,Mombasa,Liberia,Qatar,200638.67,28.33
BATCH01380,11-10-2023,Arabica,Air,Central America,206.8936968,1414.56,Small Crate,1.338332521,3,228.66,78.34,215.07,103.5,Hambantota,Honduras,Netherlands,308173.89,42.49
BATCH01381,12-10-2023,Excelsa,Road,Africa,261.5283395,3510.04,Big Bag,6.464745943,9,132.51,131.62,104.04,111.9,Ho Chi Minh,Honduras,China,602229.2,44.14
BATCH01382,13-10-2023,Arabica,Sea,South America,168.2559214,1014.18,Small Bag,2.621800726,10,241.54,109.3,364.67,97.7,Ho Chi Minh,Malaysia,Japan,129803.51,11.74
BATCH01383,14-10-2023,Robusta,Sea,Africa,513.6099349,833.74,Small Bag,14.80650129,18,293.15,122.69,328.43,176.4,Nairobi,Vietnam,South Korea,171963.23,57.09
BATCH01384,15-10-2023,Robusta,Road,South America,397.2724187,681.56,Small Crate,8.417253187,7,271.43,106.64,262.28,65.3,Hambantota,Peru,Australia,55741.09,7.02
BATCH01385,16-10-2023,Excelsa,Road,Central America,425.9910489,2935.82,Big Bag,10.31155291,5,285.8,71.38,346.96,58.9,Tema,Ethiopia,USA,301127.78,22.26
BATCH01386,17-10-2023,Excelsa,Air,Central America,299.8954695,3259.23,Large Crate,4.88127421,4,261.93,130.78,366.92,78.2,Nairobi,Vietnam,Canada,486025.28,17.12
BATCH01387,18-10-2023,Excelsa,Road,Africa,198.2694518,3494.88,Big Bag,1.421083722,4,207.09,183.35,269.15,71.9,Mombasa,Ivory Coast,South Korea,549468.01,12.97
BATCH01388,19-10-2023,Arabica,Air,South America,452.7789137,1247.83,Small Crate,14.63806294,1,231.77,197.02,180.02,36.5,Ho Chi Minh,Ivory Coast,Turkey,119895.39,20.64
BATCH01389,20-10-2023,Liberica,Road,Asia,296.3550725,956.23,Small Bag,4.293885531,8,241.28,178.24,407.91,131.5,Tema,Papua New Guinea,Netherlands,211945.54,38.67
BATCH01390,21-10-2023,Robusta,Air,South America,338.2567312,521.42,Small Crate,6.357122778,4,100.62,190.51,438.74,125,Hambantota,Vietnam,Bangladesh,146966.83,69.26
BATCH01391,22-10-2023,Arabica,Air,South America,373.9775206,920.1,Large Crate,9.747958826,3,192.57,104.82,280.86,67.5,Hambantota,Mexico,New Zealand,118507.1,34.55
BATCH01392,23-10-2023,Excelsa,Sea,Africa,128.6034223,3406.23,Large Crate,0.370459465,13,292.96,144.86,191.48,162.5,Nairobi,Philippines,South Africa,785194.79,36.57
BATCH01393,24-10-2023,Liberica,Road,South America,458.4331302,1166.44,Small Crate,12.15388696,10,248.88,110.12,395.29,134.6,Ho Chi Minh,Kenya,Poland,249101.86,53.99
BATCH01394,25-10-2023,Excelsa,Road,Africa,372.2629694,3587.13,Big Bag,8.04867285,4,209.01,83.86,109.73,81.8,Mombasa,Philippines,Netherlands,620233.19,39.46
BATCH01395,26-10-2023,Robusta,Sea,South America,206.6279151,445.6,Small Crate,4.173257806,11,177.76,170.42,480.88,125.5,Mumbai,Philippines,New Zealand,78628.76,37.88
BATCH01396,27-10-2023,Excelsa,Air,Asia,151.6699554,3611.34,Small Crate,0.924119779,3,266.41,163.76,113.41,88.5,Mumbai,Ghana,Egypt,777973.56,18.17
BATCH01397,28-10-2023,Liberica,Air,Africa,176.4895522,1200.2,Large Crate,2.437476232,1,207.2,97.59,188.22,80.9,Tema,Malaysia,South Korea,278783.59,46.98
BATCH01398,29-10-2023,Liberica,Sea,South America,481.1555413,1233.15,Large Crate,13.42550788,15,244.8,53.82,331.11,158.4,Tema,Brazil,Sweden,266608.08,47.85
BATCH01399,30-10-2023,Robusta,Sea,Asia,418.217713,1089.02,Large Crate,10.29036336,21,209.06,57.05,401.84,160.2,Ho Chi Minh,Peru,Norway,157471.98,27.64
BATCH01400,31-10-2023,Robusta,Road,South America,347.7792534,400,Big Bag,3.748525825,7,274.08,183.31,166.88,126.2,Mombasa,Colombia,Spain,86801.53,59.53
BATCH01401,01-11-2023,Liberica,Sea,Africa,95.24351273,1210.86,Large Crate,0.984011474,13,278.6,93.74,284.42,124.4,Nairobi,Ivory Coast,Singapore,224584.77,29.09
BATCH01402,02-11-2023,Liberica,Road,Central America,398.279711,1194.83,Small Bag,10.35922969,4,111.76,182.71,404.22,118.1,Ho Chi Minh,Vietnam,Poland,276586.4,30.47
BATCH01403,03-11-2023,Arabica,Air,Central America,324.1778567,828.17,Big Bag,8.58611589,2,290.75,113.88,311.26,71.8,Ho Chi Minh,Honduras,Russia,125458.36,26.11
BATCH01404,04-11-2023,Robusta,Road,South America,253.8729667,400,Big Bag,6.067792867,5,136.95,189.21,301.23,86.5,Ho Chi Minh,Uganda,Argentina,68166.11,39.85
BATCH01405,05-11-2023,Robusta,Sea,Asia,304.4138698,400,Small Crate,5.454171738,16,103.19,163.75,364.55,150.5,Hambantota,Ghana,Saudi Arabia,68778.01,28.61
BATCH01406,06-11-2023,Liberica,Sea,Central America,233.3605471,1154.59,Large Crate,3.252214139,23,113.72,175.9,124.85,234.4,Tema,Guatemala,New Zealand,366971.68,70.83
BATCH01407,07-11-2023,Liberica,Road,South America,401.0318903,1412.54,Small Bag,10.04416885,4,261.31,182.33,201.4,70.7,Ho Chi Minh,India,Norway,190259.59,31.36
BATCH01408,08-11-2023,Robusta,Road,Asia,588.1154418,886.45,Small Bag,14.56002042,6,167.04,164.08,320.58,109.2,Mumbai,India,Singapore,212200.85,16.87
BATCH01409,09-11-2023,Liberica,Air,Africa,218.7440254,1305.21,Small Bag,2.635728688,2,272.17,124.92,282.51,83.2,Mumbai,Philippines,South Africa,241276.07,28.78
BATCH01410,10-11-2023,Robusta,Road,Central America,360.5857697,1389.94,Large Crate,8.9567493,8,215.56,131.38,102.34,91.6,Mombasa,Liberia,Italy,181152.16,9.87
BATCH01411,11-11-2023,Liberica,Sea,Africa,214.190038,1061.84,Large Crate,6.362775836,22,262.68,149.71,169.31,168.2,Mombasa,Colombia,Chile,145508.4,16.38
BATCH01412,12-11-2023,Excelsa,Air,South America,342.4990752,3237.08,Large Crate,6.700330826,1,165.62,195.09,166.79,77,Hambantota,India,Egypt,620914.65,25.75
BATCH01413,13-11-2023,Excelsa,Road,Africa,222.8495071,3407.61,Small Bag,3.812209202,5,222.32,53.8,115.67,86.8,Mumbai,Indonesia,Saudi Arabia,518977.1,31.85
BATCH01414,14-11-2023,Robusta,Road,Asia,472.4218672,400,Small Bag,12.37702313,7,224.21,177.7,227.23,107.6,Ho Chi Minh,Papua New Guinea,Turkey,82511.26,43.23
BATCH01415,15-11-2023,Excelsa,Sea,Asia,295.0626209,3411.55,Large Crate,7.278834062,22,256.83,83.52,426.88,173.9,Ho Chi Minh,Ethiopia,Turkey,609454.13,17.09
BATCH01416,16-11-2023,Robusta,Air,Africa,381.7650809,704.2,Large Crate,8.151087783,3,182.25,68.2,184.81,57.6,Tema,Peru,USA,94503.09,8.89
BATCH01417,17-11-2023,Robusta,Road,Central America,254.5672234,697.23,Small Bag,4.571413692,3,188.26,118.26,246.7,93.3,Nairobi,Indonesia,Qatar,128557.75,31.95
BATCH01418,18-11-2023,Excelsa,Road,Asia,169.9724074,3322.93,Large Crate,2.727126985,3,163.72,103.06,462.79,30.6,Mombasa,Ethiopia,USA,130562.07,8.86
BATCH01419,19-11-2023,Robusta,Air,South America,77.38694733,770.63,Small Bag,1.288655823,2,277.49,169.63,295.39,60.4,Mumbai,Brazil,Australia,109243.72,17.6
BATCH01420,20-11-2023,Robusta,Air,Africa,474.7500685,958.75,Large Crate,10.71178711,2,132.67,172.55,317.14,100.6,Mombasa,Papua New Guinea,Australia,242493.3,26.42
BATCH01421,21-11-2023,Arabica,Air,Asia,218.5506879,673.77,Small Bag,2.943514225,1,184.77,78.89,241.86,57.2,Mumbai,Kenya,Japan,90881.46,28.75
BATCH01422,22-11-2023,Excelsa,Road,Asia,423.3040544,3634.11,Small Bag,10.35113031,11,202.21,156.87,385.03,117.1,Nairobi,Honduras,Sweden,540765.95,17.72
BATCH01423,23-11-2023,Robusta,Sea,Asia,142.830701,626.07,Small Bag,5.855646691,24,171.39,115.49,299.81,187.5,Tema,Peru,USA,109100.34,28.34
BATCH01424,24-11-2023,Liberica,Air,Central America,285.2039476,1257.71,Large Crate,6.236622015,3,176.67,154.2,169.52,42.3,Hambantota,Papua New Guinea,Saudi Arabia,91018.77,12.16
BATCH01425,25-11-2023,Arabica,Air,Central America,299.0696881,735.48,Small Bag,7.037662441,4,265.27,51.25,105.29,77.6,Ho Chi Minh,Brazil,Belgium,105410.29,31.26
BATCH01426,26-11-2023,Robusta,Sea,South America,234.5440444,1071.15,Large Crate,5.515627622,18,241.87,73.44,103.7,177.9,Mombasa,Mexico,USA,285005.12,48.69
BATCH01427,27-11-2023,Robusta,Sea,Asia,182.9907537,1016.98,Big Bag,1.509299658,23,266.76,126.04,419.14,204.4,Nairobi,Colombia,Japan,241432.78,48.96
BATCH01428,28-11-2023,Excelsa,Road,Central America,275.0773162,2952.05,Small Bag,4.64447715,6,262.44,177.48,416.11,85.2,Nairobi,Liberia,Italy,487918.77,14.27
BATCH01429,29-11-2023,Liberica,Air,Central America,420.5216982,1100.02,Small Bag,9.95601541,4,102.78,94.17,270.17,99.5,Mombasa,Vietnam,Qatar,209317.32,25.49
BATCH01430,30-11-2023,Robusta,Air,South America,451.4975264,932.73,Large Crate,9.986766022,1,187.78,127.1,111.97,47,Nairobi,Tanzania,Chile,110521.29,7.9
BATCH01431,01-12-2023,Arabica,Air,Central America,177.6860126,724.27,Large Crate,4.293364609,3,180.75,163.28,382.91,77.7,Tema,India,USA,129375.7,37.97
BATCH01432,02-12-2023,Excelsa,Road,Central America,284.3634791,3161.53,Small Bag,6.901539398,7,214.06,124.96,418.76,88.7,Ho Chi Minh,Mexico,UK,531112.88,35.16
BATCH01433,03-12-2023,Arabica,Air,South America,190.7908658,400,Big Bag,2.90170842,4,162.58,80.2,252.31,76.4,Ho Chi Minh,Liberia,New Zealand,69364.51,12.06
BATCH01434,04-12-2023,Excelsa,Air,Africa,163.5673357,3090.59,Small Crate,3.155581223,4,220.74,153.86,161.28,65.6,Mombasa,Ivory Coast,China,389307.49,18.78
BATCH01435,05-12-2023,Excelsa,Sea,Asia,146.7296509,3162.97,Small Bag,0.345706326,12,111.94,191.19,145.24,130.2,Mombasa,Ethiopia,Argentina,635936.84,42.24
BATCH01436,06-12-2023,Liberica,Sea,Asia,477.4259051,1174.74,Big Bag,13.45119825,7,134.47,194.65,120.72,130.7,Mombasa,Guatemala,Russia,329193.06,63.57
BATCH01437,07-12-2023,Excelsa,Sea,Central America,259.7364995,3558.9,Large Crate,3.160599976,8,247.77,111.58,410.51,98.5,Hambantota,India,Singapore,512680.51,32.72
BATCH01438,08-12-2023,Arabica,Sea,South America,155.8322745,400,Small Bag,3.413008154,20,163.44,96.62,247.88,148.6,Tema,Kenya,UK,58311.46,15.95
BATCH01439,09-12-2023,Arabica,Air,Africa,332.4198272,591.36,Small Bag,4.19402149,3,264.94,134.04,362.75,84.9,Hambantota,Ivory Coast,Qatar,95603.79,34.26
BATCH01440,10-12-2023,Arabica,Road,Africa,258.7985,400,Small Bag,1.911121075,4,272.84,129.61,224.41,75.8,Ho Chi Minh,Brazil,South Korea,60305.34,36.72
BATCH01441,11-12-2023,Excelsa,Air,Africa,382.9306401,3329.77,Small Crate,9.588943248,2,112.68,59.53,464.58,45.1,Nairobi,Uganda,UK,287609.54,11.2
BATCH01442,12-12-2023,Excelsa,Air,Asia,191.1228515,3517.19,Large Crate,1.127144298,2,121.3,81.96,462.25,61.9,Nairobi,Ghana,Netherlands,486052.23,24.24
BATCH01443,13-12-2023,Excelsa,Air,South America,140.3696888,3104.05,Big Bag,2.013036395,3,172.72,143.47,132.42,65.7,Ho Chi Minh,Malaysia,Italy,424399.29,16.8
BATCH01444,14-12-2023,Liberica,Road,Central America,440.8048519,1162.86,Small Crate,9.671350899,5,106.17,186.88,312.43,112.9,Ho Chi Minh,Peru,Australia,268447.83,55.7
BATCH01445,15-12-2023,Liberica,Sea,Central America,244.0483626,1346.66,Large Crate,5.094909307,16,208.1,92.37,158.06,156.8,Ho Chi Minh,Tanzania,Netherlands,271733.26,45.62
BATCH01446,16-12-2023,Liberica,Road,Africa,354.3045271,1299.63,Small Crate,10.6192174,3,170.2,181.94,495.59,111,Tema,Philippines,Canada,298476.79,43.84
BATCH01447,17-12-2023,Arabica,Road,Africa,174.2002257,1592.32,Big Bag,8.36137117,7,280.67,180.18,457.61,88.4,Nairobi,Tanzania,Pakistan,222905.11,23.33
BATCH01448,18-12-2023,Liberica,Sea,South America,201.7738556,1534.1,Small Crate,3.840317596,23,160.76,93.46,388.53,182.2,Hambantota,Malaysia,Thailand,322194.63,40.72
BATCH01449,19-12-2023,Robusta,Sea,Africa,406.8257032,593.06,Small Crate,9.762419257,16,295.08,50.56,263.88,151.7,Hambantota,Peru,China,128222.97,27.76
BATCH01450,20-12-2023,Liberica,Air,Africa,218.8389774,1338.25,Small Bag,1.744105204,3,156.81,157.03,337.93,83.4,Mumbai,Guatemala,Thailand,246413.03,40.4
BATCH01451,21-12-2023,Robusta,Air,Africa,343.215924,1031.83,Big Bag,8.046155746,4,223.61,169.88,248.6,67.1,Hambantota,Peru,Bangladesh,117548.27,14.76
BATCH01452,22-12-2023,Liberica,Road,Africa,346.862154,1360.57,Small Crate,6.557221576,11,187.42,96.05,238.26,135.1,Ho Chi Minh,Indonesia,Netherlands,260899.48,34
BATCH01453,23-12-2023,Robusta,Road,Central America,197.8460349,1077.43,Small Crate,4.018103742,11,175.82,91.37,241.7,121.3,Mumbai,Ivory Coast,Netherlands,177953.55,39.67
BATCH01454,24-12-2023,Robusta,Air,Africa,354.9383005,400,Small Bag,9.060074966,4,116.84,63.12,243.76,55.7,Mombasa,Philippines,Italy,42360.58,9.06
BATCH01455,25-12-2023,Excelsa,Air,Asia,544.8019007,3354.43,Big Bag,13.07000389,3,111.85,91.93,487.17,78.3,Nairobi,Liberia,New Zealand,657469.74,23.64
BATCH01456,26-12-2023,Excelsa,Road,South America,426.2733907,3542.44,Small Crate,14.9835705,5,122.47,198.04,428.66,104.8,Ho Chi Minh,Papua New Guinea,USA,705863.33,46
BATCH01457,27-12-2023,Robusta,Sea,Asia,374.1424374,1386.38,Large Crate,9.116441531,11,132.55,129.24,104.39,131.5,Mombasa,Mexico,UK,289393.78,16.02
BATCH01458,28-12-2023,Robusta,Sea,Central America,262.119576,1026.86,Big Bag,6.070588115,16,165.83,181.6,470.82,126.2,Tema,India,Japan,144541.05,12.3
BATCH01459,29-12-2023,Liberica,Sea,Africa,269.3737553,1052.18,Large Crate,3.378106503,17,206.52,148.4,321.84,115.6,Nairobi,Mexico,Saudi Arabia,78626.01,7.45
BATCH01460,30-12-2023,Excelsa,Air,Central America,189.2809255,3473.22,Large Crate,3.856441341,4,152.84,166.32,393.03,101,Ho Chi Minh,Kenya,UAE,683757.71,17.24
BATCH01461,01-01-2020,Robusta,Road,South America,341.5839886,569.45,Large Crate,7.191824672,4,139.43,125.54,393.76,100.4,Ho Chi Minh,Ethiopia,Russia,122857.01,22.79
BATCH01462,02-01-2020,Excelsa,Air,Central America,311.350814,3459.38,Big Bag,5.509165519,3,294.3,136.53,170.07,70.2,Hambantota,Cameroon,Australia,565836.39,29.9
BATCH01463,03-01-2020,Liberica,Sea,Asia,436.5867355,1108.48,Small Crate,13.70721784,10,286.06,57.76,496.68,111.8,Tema,Vietnam,Pakistan,197708.84,40.77
BATCH01464,04-01-2020,Robusta,Road,Asia,258.764445,400,Small Bag,5.524432015,4,122.84,135.72,452.25,80.6,Tema,Ivory Coast,Poland,62232.59,17.95
BATCH01465,05-01-2020,Robusta,Sea,South America,246.4682443,455.09,Small Bag,5.601668867,14,223.81,173.2,299.08,125.2,Tema,Uganda,South Korea,60306.62,20.45
BATCH01466,06-01-2020,Arabica,Sea,Central America,319.9051929,1205.08,Small Bag,5.753017687,22,212.65,50.25,479.75,143.9,Hambantota,Uganda,Spain,112137.55,21.62
BATCH01467,07-01-2020,Arabica,Road,South America,510.2331867,400,Large Crate,12.54930316,7,185.47,85.07,242.57,93.5,Tema,Cameroon,Turkey,57113.39,13.49
BATCH01468,08-01-2020,Robusta,Air,South America,381.1946429,1142.58,Large Crate,9.761824813,1,151.67,92.85,169.24,80.6,Hambantota,Liberia,South Africa,221211.1,30.37
BATCH01469,09-01-2020,Arabica,Road,Asia,324.0055801,584.08,Small Bag,9.212532755,10,229.55,167.41,345.6,125.3,Mombasa,India,Turkey,116415.54,28.55
BATCH01470,10-01-2020,Arabica,Road,Central America,302.2716949,990.86,Small Bag,5.012145336,4,189.28,78.43,305.78,113.9,Ho Chi Minh,Colombia,South Africa,247423.84,24.7
BATCH01471,11-01-2020,Liberica,Sea,Central America,464.6742407,1133.91,Small Crate,12.26856265,7,250.76,92.18,431.88,62.9,Tema,Vietnam,Australia,77198.13,8.37
BATCH01472,12-01-2020,Robusta,Sea,Asia,50,1003.15,Small Bag,0.57545792,25,216.27,168.1,447.81,168.5,Ho Chi Minh,Mexico,Norway,113909.97,9.78
BATCH01473,13-01-2020,Liberica,Sea,Asia,415.2397076,1244.06,Small Crate,13.06195759,10,181.15,171.41,275.31,99.5,Mombasa,Malaysia,New Zealand,171699.63,17.28
BATCH01474,14-01-2020,Excelsa,Air,Central America,352.6191264,3141.77,Large Crate,7.691248497,1,238.74,93.18,112.26,38,Mumbai,Vietnam,USA,317464.89,14.55
BATCH01475,15-01-2020,Robusta,Sea,Asia,215.4222961,400,Small Crate,5.973753523,19,161.92,131.22,410.18,152.3,Hambantota,Indonesia,Singapore,56444.38,22.89
BATCH01476,16-01-2020,Liberica,Sea,South America,416.707651,985.16,Large Crate,7.457509211,16,298.79,65.65,157.99,112.7,Nairobi,Philippines,Bangladesh,90640.06,20.66
BATCH01477,17-01-2020,Excelsa,Sea,Africa,353.4834745,3356.87,Big Bag,10.01123296,7,266.23,59.79,179.12,136.1,Mombasa,Kenya,Chile,791245.54,52.86
BATCH01478,18-01-2020,Robusta,Road,South America,105.7264057,676.75,Large Crate,0.191481398,10,192.41,192.27,177.27,148.7,Ho Chi Minh,Mexico,Canada,159597.88,37.02
BATCH01479,19-01-2020,Arabica,Road,Central America,500.1539337,484.81,Large Crate,13.07327785,9,240.79,111.05,468.68,99.6,Mumbai,Papua New Guinea,Italy,77608.86,36.37
BATCH01480,20-01-2020,Liberica,Air,Asia,264.5638994,1430.94,Big Bag,6.70109288,3,161.48,165.89,210.12,69.3,Nairobi,Ivory Coast,UAE,211773.62,19.73
BATCH01481,21-01-2020,Robusta,Air,Central America,142.3435823,1056.35,Small Bag,5.144497796,3,101.21,95.77,180.65,79.2,Nairobi,Uganda,South Korea,207516.95,32.18
BATCH01482,22-01-2020,Arabica,Air,South America,171.7552594,400,Big Bag,2.073683485,1,160.43,94.77,284.55,62.9,Tema,Ivory Coast,Italy,60385.35,21.15
BATCH01483,23-01-2020,Arabica,Air,Central America,260.097419,400,Small Bag,6.591980615,4,107.4,194.92,363.72,77,Mombasa,Malaysia,Pakistan,67656.96,36.34
BATCH01484,24-01-2020,Robusta,Sea,Asia,329.1721685,931.16,Small Bag,7.444841569,8,223.48,192.67,199.75,91.6,Nairobi,India,UK,117810.91,22.05
BATCH01485,25-01-2020,Robusta,Road,Africa,275.5244599,999.26,Small Crate,6.054700417,12,124.79,127.8,436.52,146.4,Nairobi,Honduras,Spain,226515.91,48.84
BATCH01486,26-01-2020,Excelsa,Air,South America,418.5616046,3550.66,Small Bag,10.17990141,3,230.39,126.3,188.18,50.4,Mumbai,Ethiopia,Italy,384864.06,12.29
BATCH01487,27-01-2020,Robusta,Sea,Central America,367.496944,1362.17,Small Crate,6.313447931,18,161.44,90.33,297.34,185.1,Mombasa,Uganda,Singapore,357666.98,38.78
BATCH01488,28-01-2020,Liberica,Air,Africa,505.3287594,1098.2,Small Crate,14.42126367,1,248.39,140.53,392.68,88.4,Mombasa,Colombia,Italy,264741.13,31.95
BATCH01489,29-01-2020,Excelsa,Road,Africa,346.2326503,3136.66,Small Crate,8.989162767,12,138.07,120.43,271.92,106.5,Mombasa,Tanzania,New Zealand,417479.98,10.77
BATCH01490,30-01-2020,Robusta,Road,South America,380.0752059,867.11,Large Crate,12.11216903,7,200.61,140.23,379.1,84.2,Nairobi,Ghana,Egypt,132869.5,28.01
BATCH01491,31-01-2020,Excelsa,Air,Central America,139.4509588,3072.1,Large Crate,1.640338547,3,239.84,122.16,372.27,67.5,Hambantota,Guatemala,Poland,423915.91,22.54
BATCH01492,01-02-2020,Liberica,Sea,South America,299.2745813,1499.99,Large Crate,5.959369394,10,255.59,104.12,118.64,118.4,Ho Chi Minh,Vietnam,Singapore,262742.04,40.81
BATCH01493,02-02-2020,Excelsa,Road,Asia,227.4067218,3108.43,Large Crate,5.052715522,3,145.49,53.32,474.67,82.5,Hambantota,Kenya,Sweden,488822.33,16.09
BATCH01494,03-02-2020,Excelsa,Air,Central America,377.0885997,3318.49,Large Crate,8.542235822,3,136.89,189.52,318.71,108.9,Hambantota,Ethiopia,Chile,799035.98,19.94
BATCH01495,04-02-2020,Excelsa,Road,South America,478.6256578,3523.36,Big Bag,12.9167028,3,271.78,87.18,466.27,90,Nairobi,Guatemala,Bangladesh,765416.29,13.84
BATCH01496,05-02-2020,Arabica,Sea,South America,70.13888609,1353.16,Big Bag,1.175073266,10,273.93,71.61,133.97,112.1,Ho Chi Minh,Liberia,Spain,226293.09,35.86
BATCH01497,06-02-2020,Arabica,Sea,Central America,148.2579127,1141.04,Big Bag,1.088621971,17,211.58,82.83,269.18,114.4,Mombasa,Ivory Coast,UAE,98843.26,15.01
BATCH01498,07-02-2020,Excelsa,Road,South America,472.351362,3333.31,Big Bag,12.75476562,8,272.36,155.51,379.13,110.8,Hambantota,Brazil,Bangladesh,746411.37,24.27
BATCH01499,08-02-2020,Excelsa,Air,South America,201.9204298,3253.95,Small Bag,3.192751291,2,175.39,137.05,489.7,27.7,Mombasa,Colombia,Egypt,175794.6,8
BATCH01500,09-02-2020,Arabica,Sea,South America,372.5914703,1902.93,Big Bag,10.03129882,10,192.58,103.97,229.95,119,Mumbai,Ethiopia,Saudi Arabia,331987.13,16.81
BATCH01501,10-02-2020,Robusta,Air,Africa,311.5250334,966.72,Small Crate,8.143171985,4,198.55,169.09,268.14,103.7,Ho Chi Minh,Peru,Turkey,236608.96,53.65
BATCH01502,11-02-2020,Liberica,Sea,South America,482.6726581,1276.85,Small Crate,12.49340392,17,195.57,159.1,301.87,172.3,Mombasa,Kenya,Spain,326147.88,54.51
BATCH01503,12-02-2020,Excelsa,Sea,Asia,144.7600138,3264.37,Small Crate,1.876333648,25,261.03,171.09,188.28,139.7,Nairobi,Liberia,Poland,149596.83,8.58
BATCH01504,13-02-2020,Excelsa,Sea,Africa,244.616247,3149.63,Small Crate,1.946744486,14,233.58,177.88,473.39,156.1,Mombasa,Peru,New Zealand,776350.02,27.01
BATCH01505,14-02-2020,Arabica,Road,Central America,390.5047877,952.65,Small Bag,8.352275404,12,189.08,99.04,434.43,93.6,Hambantota,Honduras,New Zealand,94144.07,6.02
BATCH01506,15-02-2020,Liberica,Sea,Central America,553.120607,1004.59,Big Bag,14.1956798,8,260.25,196.85,232.88,92.5,Hambantota,Philippines,Pakistan,164473.33,31.25
BATCH01507,16-02-2020,Liberica,Air,Africa,277.8749512,1509.25,Small Bag,6.224966376,3,296.42,123.3,159.31,96,Tema,Colombia,Germany,292722.24,51.99
BATCH01508,17-02-2020,Excelsa,Road,Asia,145.8227727,3090.76,Small Bag,4.904131504,3,199.58,115.53,130.74,73.2,Tema,Indonesia,Egypt,551120.04,17.74
BATCH01509,18-02-2020,Excelsa,Sea,Central America,332.6304491,3013.35,Small Bag,9.100339848,20,117.28,133.93,387.9,199.9,Tema,Vietnam,Japan,801918.41,62.18
BATCH01510,19-02-2020,Robusta,Air,South America,486.3371976,738.46,Small Bag,13.95672901,1,247.03,194.25,144.24,96.5,Hambantota,Ivory Coast,Sweden,179501.15,26.09
BATCH01511,20-02-2020,Arabica,Sea,Asia,462.8683055,1485.69,Small Bag,12.55391749,22,166.12,114.79,274.42,200.6,Hambantota,Brazil,Pakistan,385107.81,50.42
BATCH01512,21-02-2020,Robusta,Road,Asia,546.2996499,826.03,Small Crate,14.93225416,11,289.3,195.95,319.37,134.2,Mumbai,Ghana,Germany,184423.41,15.01
BATCH01513,22-02-2020,Liberica,Air,Africa,142.9596107,1114.67,Big Bag,0.338528748,3,265.89,52.88,171.27,82.2,Mumbai,Ghana,UK,191686.23,27.23
BATCH01514,23-02-2020,Excelsa,Road,South America,164.4434432,3005.93,Big Bag,1.692872171,3,218.16,168.3,230.6,103.2,Ho Chi Minh,Papua New Guinea,Bangladesh,776973.1,25.62
BATCH01515,24-02-2020,Arabica,Sea,South America,432.2206531,575.35,Small Crate,9.14201645,13,179.02,114.65,119.96,148.4,Nairobi,India,UAE,125795.53,43.47
BATCH01516,25-02-2020,Excelsa,Road,South America,453.664299,3099.93,Small Crate,12.30864659,5,258.95,134.24,215.43,108.1,Tema,India,Russia,806443.34,15.84
BATCH01517,26-02-2020,Excelsa,Air,Africa,241.2181012,3477.25,Small Bag,4.278665135,3,241.71,168.36,303.3,55.8,Nairobi,Ethiopia,Turkey,396472.25,25.24
BATCH01518,27-02-2020,Excelsa,Air,South America,224.837201,3209.13,Small Crate,3.588166321,4,272.2,120.1,437.04,110.6,Ho Chi Minh,Mexico,Chile,687161.96,49.46
BATCH01519,28-02-2020,Liberica,Road,Africa,466.4254239,1406.3,Big Bag,11.80463699,11,178.41,94.46,237.51,134.8,Mumbai,Ghana,Russia,294875.3,38.8
BATCH01520,29-02-2020,Arabica,Road,Central America,189.4663466,2676.05,Large Crate,0.845727808,11,253.22,142.48,439.06,129.1,Mombasa,Guatemala,Canada,488165.14,21.14
BATCH01521,01-03-2020,Liberica,Road,South America,306.4109075,1355.1,Large Crate,5.540739714,4,167.57,67.52,382.06,86.6,Mombasa,Honduras,Norway,261019.98,29.86
BATCH01522,02-03-2020,Liberica,Sea,Central America,261.6439892,988.37,Big Bag,7.587138339,15,290.49,171.3,216.82,87.6,Tema,Philippines,Egypt,31612.83,3.9
BATCH01523,03-03-2020,Robusta,Road,Asia,346.4403485,976.73,Large Crate,8.405230115,4,190.13,164.05,299.24,120.2,Ho Chi Minh,Papua New Guinea,Spain,237372.06,44.29
BATCH01524,04-03-2020,Excelsa,Air,South America,427.1781364,3147.88,Small Bag,10.92922735,3,115.53,183.74,263.55,86.1,Nairobi,Vietnam,Norway,611110.33,29.74
BATCH01525,05-03-2020,Robusta,Air,Central America,367.2576287,1186.73,Small Crate,5.322685851,1,250.63,124.73,173.19,94.1,Hambantota,Vietnam,Norway,253127.16,54.63
BATCH01526,06-03-2020,Robusta,Sea,Asia,359.218396,805.89,Big Bag,9.19026517,11,121.24,123.11,448.94,178.3,Hambantota,Ghana,Russia,274041.04,47.37
BATCH01527,07-03-2020,Excelsa,Road,Asia,314.2947451,3115.43,Large Crate,8.780631342,7,267.21,145.21,286.38,56.6,Tema,Malaysia,China,201124.58,12.07
BATCH01528,08-03-2020,Excelsa,Sea,South America,368.3435168,2985.55,Small Bag,8.21424151,17,238.93,102.12,472.3,159.4,Tema,Malaysia,Qatar,695018.34,24.82
BATCH01529,09-03-2020,Arabica,Air,Africa,413.0667679,1849.72,Small Crate,9.607249397,4,218.23,185.64,413.89,80.3,Nairobi,Honduras,Spain,329998.12,37.58
BATCH01530,10-03-2020,Liberica,Air,Asia,213.0634838,1320.67,Large Crate,3.891737566,2,253.25,186.93,150.22,97,Mombasa,Uganda,Norway,301878.67,47.06
BATCH01531,11-03-2020,Robusta,Air,Africa,127.078889,400,Small Crate,1.269731304,3,209.33,191.45,160.21,94.5,Ho Chi Minh,Philippines,USA,87324.51,52.06
BATCH01532,12-03-2020,Robusta,Sea,Central America,201.1174502,618.15,Big Bag,1.789075081,20,162.73,133.9,125.37,157.6,Hambantota,Brazil,UK,94367.48,26.12
BATCH01533,13-03-2020,Robusta,Air,South America,158.3821645,700.71,Small Bag,3.36873574,2,150.32,90.66,378.96,113.2,Hambantota,Honduras,Thailand,184872.08,57.74
BATCH01534,14-03-2020,Liberica,Sea,Asia,308.0414038,1115.66,Small Bag,7.502969033,17,219.88,153.75,318.68,196,Mumbai,Kenya,Pakistan,312834.12,29.66
BATCH01535,15-03-2020,Robusta,Air,Africa,452.0917446,1100.52,Large Crate,12.60664126,3,262.73,112.37,277.05,66.3,Mumbai,Mexico,Singapore,163006.07,9.68
BATCH01536,16-03-2020,Liberica,Sea,South America,470.2767338,1428.75,Large Crate,10.51940013,11,110.2,128.15,170.29,145.9,Mombasa,India,Canada,367421.18,51.76
BATCH01537,17-03-2020,Liberica,Sea,Asia,469.3429821,1321.78,Big Bag,11.83560906,22,200.07,114.15,233.45,178.4,Ho Chi Minh,Papua New Guinea,USA,279544.83,31.87
BATCH01538,18-03-2020,Liberica,Air,South America,204.6893259,1065.67,Small Bag,5.264634359,2,192.01,70.65,380.86,64.9,Tema,Vietnam,Canada,176757.79,32.47
BATCH01539,19-03-2020,Robusta,Sea,Africa,233.8688641,1004.66,Big Bag,6.069806125,9,264.85,127.72,468.04,150.6,Tema,Ivory Coast,Japan,281901.59,20.89
BATCH01540,20-03-2020,Liberica,Sea,South America,370.8276049,1150.66,Large Crate,5.90522829,16,152.31,105.16,159.4,132.8,Nairobi,Honduras,Italy,147286.91,28.52
BATCH01541,21-03-2020,Arabica,Air,Asia,240.5038204,1493.64,Large Crate,2.878097766,1,188.7,133.77,408.55,43.1,Tema,India,Netherlands,137700.91,13.41
BATCH01542,22-03-2020,Robusta,Air,Central America,169.6250102,806.37,Large Crate,0.918249872,1,206.85,184.14,316.5,60.8,Mumbai,Kenya,Singapore,117719.17,25.31
BATCH01543,23-03-2020,Robusta,Air,Central America,366.5245888,786.7,Small Bag,8.863741392,4,245.54,199.79,476.73,74,Mombasa,Honduras,Poland,100960.91,31.32
BATCH01544,24-03-2020,Arabica,Road,Asia,620.5711695,667.81,Big Bag,14.83825025,3,283.25,169.48,218.21,34.2,Nairobi,Philippines,Australia,33914.03,11.07
BATCH01545,25-03-2020,Excelsa,Sea,Central America,119.9031279,3180.45,Small Bag,2.502445574,17,206.68,159.18,199.79,126.4,Mombasa,Tanzania,Netherlands,359208.13,18.7
BATCH01546,26-03-2020,Liberica,Road,South America,158.6565446,1293.31,Large Crate,0.700272298,8,282.35,51.47,283.76,88.9,Hambantota,Cameroon,UAE,193238.62,14.06
BATCH01547,27-03-2020,Liberica,Road,Asia,428.6255815,1338.82,Big Bag,11.69297523,4,132.47,137.56,407.58,57.2,Mombasa,Ghana,Belgium,145356.71,24.72
BATCH01548,28-03-2020,Excelsa,Air,Africa,201.219037,3191.95,Big Bag,3.7887901,1,119.68,148.64,261.03,50,Mombasa,Mexico,Saudi Arabia,411182.43,25.76
BATCH01549,29-03-2020,Arabica,Air,Central America,509.6291757,400,Small Crate,12.44465708,2,212.61,199.36,141.87,76,Mumbai,Ethiopia,China,61850.16,31.37
BATCH01550,30-03-2020,Robusta,Road,Central America,409.5936247,669.2,Large Crate,10.55905001,11,162.14,71.37,411.15,104.5,Hambantota,Brazil,USA,90898.01,29.69
BATCH01551,31-03-2020,Arabica,Sea,South America,503.8180987,400,Big Bag,14.18510306,15,287.67,73.19,198.12,151.8,Tema,Mexico,South Korea,80185.22,41
BATCH01552,01-04-2020,Robusta,Road,Central America,259.2593737,1197.03,Big Bag,6.133908536,5,226.55,153.57,209.06,92.2,Nairobi,India,Chile,251366.31,15.36
BATCH01553,02-04-2020,Liberica,Sea,Africa,298.5691405,1270.16,Small Crate,9.929547592,12,264.87,173.11,247.83,109.2,Mumbai,Guatemala,Turkey,186680.32,27.15
BATCH01554,03-04-2020,Excelsa,Sea,Asia,347.3448323,2941.54,Big Bag,6.972821712,20,122.62,120.99,165.78,143.8,Tema,Colombia,Turkey,338723.81,21.96
BATCH01555,04-04-2020,Liberica,Air,Asia,333.4334101,1044.72,Big Bag,9.45883046,2,121.73,186.96,168.29,74.8,Mumbai,Guatemala,Thailand,177719.12,43.12
BATCH01556,05-04-2020,Robusta,Road,South America,395.239978,565.77,Small Bag,6.74398359,5,238.13,61.27,329.33,83.8,Tema,Tanzania,Egypt,100198.51,22.8
BATCH01557,06-04-2020,Excelsa,Air,Asia,170.5038834,3584.61,Big Bag,2.829483696,4,107.67,185.98,238.97,80.3,Mombasa,Cameroon,Spain,568587.19,18.65
BATCH01558,07-04-2020,Robusta,Sea,Asia,394.0258271,859.65,Small Crate,7.61846124,8,146.87,179.86,495.79,144.1,Hambantota,Colombia,France,219775.19,46.61
BATCH01559,08-04-2020,Excelsa,Sea,South America,247.411339,3062.11,Small Crate,7.928763022,25,288.02,124.31,320,165.2,Ho Chi Minh,Peru,Spain,376599.17,13.24
BATCH01560,09-04-2020,Robusta,Road,Africa,501.3458828,1311.97,Small Bag,12.15905772,7,134.73,146.16,393.61,59,Ho Chi Minh,Mexico,Singapore,86381.35,12.88
BATCH01561,10-04-2020,Robusta,Sea,South America,480.4121042,521.25,Small Crate,11.03281059,10,268.85,155.14,162.92,107.6,Ho Chi Minh,Guatemala,Australia,76366.38,25.25
BATCH01562,11-04-2020,Arabica,Air,Africa,463.8844125,1999.5,Small Crate,9.956874359,3,176.27,94.93,215.9,84.9,Mombasa,Colombia,UAE,372134.23,41.52
BATCH01563,12-04-2020,Excelsa,Road,Central America,74.62225436,3234.32,Large Crate,1.700806433,6,200.25,179.97,178.99,100.8,Tema,Ethiopia,Netherlands,564181.71,14.96
BATCH01564,13-04-2020,Liberica,Road,Central America,389.1413989,846.18,Big Bag,10.80924436,10,268.62,181.28,368.2,123.2,Hambantota,Cameroon,South Korea,184879.02,47.88
BATCH01565,14-04-2020,Arabica,Air,South America,353.962818,1559.12,Large Crate,7.504577345,1,288.49,83.43,141.84,100.7,Hambantota,Brazil,Spain,422140.81,55.5
BATCH01566,15-04-2020,Robusta,Sea,Africa,509.7668902,991.28,Small Bag,13.41149304,13,108.33,123.85,139.02,122.3,Tema,Peru,USA,143400.85,9.69
BATCH01567,16-04-2020,Excelsa,Sea,Africa,528.6099025,3437.85,Large Crate,13.79806401,11,237.12,184.2,144.14,159.1,Mumbai,Ghana,Poland,882045.43,26.06
BATCH01568,17-04-2020,Liberica,Road,Central America,106.8061355,1479.15,Big Bag,0.827348859,6,148.35,113.56,170.17,78.9,Tema,Vietnam,Russia,209246.68,16.98
BATCH01569,18-04-2020,Robusta,Air,Central America,546.8286329,747,Small Bag,12.30962341,2,241.66,115.43,411.49,89.5,Mombasa,Malaysia,China,149587.97,32.91
BATCH01570,19-04-2020,Arabica,Road,Central America,247.3870981,1484.59,Large Crate,0.565460856,12,299.55,158.07,423.65,144.3,Tema,Ethiopia,Egypt,307679.52,36.68
BATCH01571,20-04-2020,Liberica,Air,Africa,270.4253278,948.56,Large Crate,5.507544385,3,175.59,83.97,113.07,87.9,Mombasa,Honduras,Saudi Arabia,204685.4,18.21
BATCH01572,21-04-2020,Robusta,Air,South America,366.7060513,949.62,Small Crate,8.134499634,3,230.8,142.33,178.49,66.6,Tema,Indonesia,UAE,131682.28,30.44
BATCH01573,22-04-2020,Robusta,Sea,Asia,169.4575467,1096.97,Large Crate,2.221511979,14,192.22,88.58,443.23,130,Nairobi,Papua New Guinea,Thailand,203181.75,11.68
BATCH01574,23-04-2020,Excelsa,Sea,Central America,500.0438856,2993.9,Small Crate,11.19470719,10,132.04,119.27,349.28,104,Ho Chi Minh,Colombia,UK,511251.92,23.26
BATCH01575,24-04-2020,Excelsa,Road,Central America,145.2154311,3211.18,Small Crate,0.125320563,4,215.33,185.81,217.17,33.8,Hambantota,Brazil,China,138199.42,8.5
BATCH01576,25-04-2020,Arabica,Road,South America,122.5505433,400,Big Bag,2.528985727,8,295.62,177.19,234.29,96.7,Nairobi,Philippines,USA,61944.2,11.2
BATCH01577,26-04-2020,Liberica,Road,Asia,330.7234729,1117.06,Large Crate,8.711952448,5,256.68,163.97,156.63,118.6,Hambantota,India,Argentina,316458.51,17
BATCH01578,27-04-2020,Excelsa,Sea,South America,371.0095633,2984.33,Small Crate,10.71581343,19,235.59,127.72,387.62,169.4,Tema,Indonesia,China,546764.31,18.48
BATCH01579,28-04-2020,Arabica,Road,Central America,647.2305128,726.83,Big Bag,13.74964654,11,248.98,188.34,226.61,124.3,Tema,Ethiopia,South Africa,136887.75,36.15
BATCH01580,29-04-2020,Arabica,Air,Central America,449.2390825,1739.99,Small Bag,10.58244978,3,241.96,171.63,404.69,83.1,Mumbai,Mexico,Chile,291382.59,30.17
BATCH01581,30-04-2020,Robusta,Sea,Africa,372.5163603,1034.24,Small Crate,10.07668905,20,265.39,102.32,178.68,180.1,Mumbai,Philippines,Netherlands,220186.42,15.52
BATCH01582,01-05-2020,Robusta,Sea,Asia,243.6759138,400,Small Bag,5.915117195,9,176.53,152.31,202.76,133.8,Mombasa,Brazil,USA,98790.6,50.83
BATCH01583,02-05-2020,Liberica,Air,South America,140.8395551,860.8,Big Bag,0.019266383,3,195.59,114.33,353.97,133.5,Hambantota,Vietnam,Italy,264414.24,65.13
BATCH01584,03-05-2020,Arabica,Road,Central America,199.3176739,1894.19,Small Bag,1.802388881,12,167.45,141.08,297.15,103.8,Mumbai,Kenya,Argentina,237125.18,24.91
BATCH01585,04-05-2020,Excelsa,Sea,South America,380.4549308,3457.34,Small Crate,8.018318171,12,183.1,154.66,436.75,135,Hambantota,Philippines,UK,647342.19,13.63
BATCH01586,05-05-2020,Liberica,Air,Asia,382.5305807,1450.26,Small Crate,10.12694829,2,185.99,183.81,282.29,57.1,Tema,Indonesia,Australia,192828.25,20
BATCH01587,06-05-2020,Excelsa,Air,South America,303.14391,3082.99,Small Crate,6.261724258,2,136.64,112.61,241.49,102.1,Mumbai,Ivory Coast,Australia,851238.67,27.94
BATCH01588,07-05-2020,Arabica,Air,Asia,434.3513101,1044.94,Small Crate,10.96018517,4,125.75,188.7,211.8,53.3,Mombasa,Mexico,Saudi Arabia,81771.88,11.54
BATCH01589,08-05-2020,Excelsa,Air,Asia,288.0250143,3328.27,Big Bag,7.82793443,2,255.41,121.2,198.89,134.8,Mombasa,Honduras,Netherlands,1190010.92,71.55
BATCH01590,09-05-2020,Robusta,Air,Central America,87.05459587,400,Large Crate,1.112642934,1,180.86,119.81,479.24,92.3,Mombasa,Ivory Coast,Belgium,100395.79,53.31
BATCH01591,10-05-2020,Liberica,Air,Asia,207.0055652,1348,Small Crate,2.880243765,2,170.7,178.74,289.25,64.9,Mombasa,India,Poland,171975.16,22.99
BATCH01592,11-05-2020,Robusta,Air,Asia,487.8217545,1086.91,Small Crate,12.59997335,1,194,174.31,394.34,48.8,Hambantota,Mexico,Russia,143595.56,27.49
BATCH01593,12-05-2020,Robusta,Air,Central America,453.8783215,497.4,Small Bag,10.8736912,3,204.66,148.23,136.85,107.1,Mombasa,Colombia,UAE,110875.44,51.68
BATCH01594,13-05-2020,Liberica,Air,South America,542.1940461,1218.16,Large Crate,13.42142981,3,299.55,86.31,393.36,57,Ho Chi Minh,Indonesia,New Zealand,132187.31,18.65
BATCH01595,14-05-2020,Robusta,Sea,Asia,227.8698932,933.82,Big Bag,1.763358737,15,222.37,52.09,426.77,128.7,Mombasa,Guatemala,South Korea,121192.17,11.78
BATCH01596,15-05-2020,Excelsa,Sea,Africa,506.8049213,3030.46,Big Bag,14.85333802,23,236.94,88.33,445.79,205.3,Tema,Uganda,USA,801732.26,36.28
BATCH01597,16-05-2020,Arabica,Road,Central America,225.7448312,515.34,Small Bag,3.141100709,3,228.65,105.22,477.48,87.6,Nairobi,Colombia,UK,97622.83,32.72
BATCH01598,17-05-2020,Robusta,Road,South America,142.7608852,1038.42,Big Bag,0.176698144,5,206.16,99.98,233.69,102.1,Tema,Liberia,Egypt,228868.85,15.99
BATCH01599,18-05-2020,Excelsa,Sea,South America,533.2338019,3164.05,Small Bag,14.96134409,23,242.54,83.19,381.93,159.4,Nairobi,Tanzania,Thailand,378439.41,21.88
BATCH01600,19-05-2020,Excelsa,Sea,Asia,232.5764076,3553.46,Big Bag,4.216108282,22,276.6,113.28,360.64,190.7,Ho Chi Minh,Colombia,UAE,706410.87,25.54
BATCH01601,20-05-2020,Arabica,Road,Africa,386.2808258,984.62,Small Bag,10.02029179,6,259.68,55.27,446.2,103.8,Tema,Liberia,Singapore,209863.77,32.66
BATCH01602,21-05-2020,Liberica,Road,South America,284.9365605,992.37,Big Bag,2.650234713,9,240.14,110.05,244.14,97.8,Tema,Kenya,Canada,137286.89,13.25
BATCH01603,22-05-2020,Excelsa,Air,Africa,366.345474,3564.1,Small Bag,8.703427983,1,232.5,51.64,283.25,51.5,Nairobi,Uganda,Poland,496572.41,17.77
BATCH01604,23-05-2020,Robusta,Sea,Central America,529.3909993,1060.19,Large Crate,13.5605248,14,142.84,59.83,258.19,146.8,Tema,Malaysia,Germany,200234.19,46.86
BATCH01605,24-05-2020,Arabica,Road,Asia,230.8823105,988.77,Large Crate,4.802717511,8,154.15,189.62,468.15,111.1,Nairobi,India,Sweden,212323.94,28.5
BATCH01606,25-05-2020,Excelsa,Road,Central America,377.6325609,3351.92,Small Crate,10.05380964,9,283.38,150.24,245.75,97.8,Tema,Colombia,Spain,494769.96,22.05
BATCH01607,26-05-2020,Excelsa,Sea,Asia,119.4564819,3402.36,Large Crate,2.818553832,18,200.59,159.67,278.89,183.6,Nairobi,Cameroon,Turkey,827176.02,46.43
BATCH01608,27-05-2020,Arabica,Road,Central America,436.1513607,400,Large Crate,9.371930981,3,286.66,111.3,114.63,92.4,Hambantota,Vietnam,China,96403.01,44.26
BATCH01609,28-05-2020,Robusta,Air,Africa,289.8245332,1043.55,Large Crate,5.046755277,2,185.95,128.55,213.61,26.5,Nairobi,Mexico,Argentina,43065.93,7.58
BATCH01610,29-05-2020,Arabica,Road,Asia,179.9888941,585.4,Small Bag,3.168123879,7,122,164.38,382.36,85.7,Nairobi,Colombia,Norway,82349.28,13.05
BATCH01611,30-05-2020,Robusta,Air,South America,195.9134277,595.79,Small Bag,4.697730761,1,180.91,190.92,261.18,68.6,Tema,Papua New Guinea,USA,88975.96,26.68
BATCH01612,31-05-2020,Liberica,Sea,Central America,189.4739071,1424.96,Small Crate,2.682616028,22,122.77,144.92,441.18,200.6,Nairobi,Malaysia,China,321844.89,18.09
BATCH01613,01-06-2020,Liberica,Air,Asia,480.9774082,968.09,Big Bag,13.52874162,2,232.94,90.75,173.4,88.9,Mumbai,Malaysia,Poland,213285.3,23.83
BATCH01614,02-06-2020,Arabica,Road,South America,267.6319704,1261.31,Large Crate,5.957803295,11,199.65,66.61,454.88,116.8,Mumbai,Malaysia,Italy,214821.51,13.18
BATCH01615,03-06-2020,Arabica,Road,South America,147.19769,845.29,Small Bag,3.679189575,3,192.01,190.29,420.58,98.7,Mombasa,Vietnam,Pakistan,171259.64,48.51
BATCH01616,04-06-2020,Liberica,Sea,Africa,312.6370075,1254.87,Big Bag,6.726117615,24,241.83,148.05,374.15,186.6,Nairobi,Tanzania,Germany,246985.84,14.91
BATCH01617,05-06-2020,Excelsa,Air,Central America,256.0914352,3332.53,Small Crate,4.808042502,3,152.28,98.54,307.65,69.9,Mombasa,Papua New Guinea,Sweden,578732.28,28.92
BATCH01618,06-06-2020,Excelsa,Air,Asia,489.7248084,3281.59,Small Crate,11.16628881,2,268.93,118.64,336.23,85.9,Mumbai,Liberia,France,596963.94,23.57
BATCH01619,07-06-2020,Arabica,Air,Africa,529.5118819,1528.68,Small Crate,14.56829868,2,114.62,175.02,268.73,108.1,Ho Chi Minh,Malaysia,Belgium,429227.74,60
BATCH01620,08-06-2020,Robusta,Sea,Africa,280.4370217,1719.82,Small Bag,6.57050485,19,208.67,81.52,481.91,119.3,Mombasa,Malaysia,South Africa,98015.53,14.15
BATCH01621,09-06-2020,Robusta,Sea,South America,409.6269867,944.6,Big Bag,12.915501,18,169.98,191.55,179.29,139.2,Tema,Philippines,Poland,124801.28,30.64
BATCH01622,10-06-2020,Arabica,Road,Central America,409.6864305,702.61,Big Bag,8.487946103,6,173.83,52.55,312.52,69.3,Mumbai,Cameroon,Bangladesh,85911.15,17.01
BATCH01623,11-06-2020,Excelsa,Road,Central America,215.3972051,3101.43,Large Crate,2.358534976,5,123.7,84.54,267.98,91,Mombasa,Mexico,New Zealand,517992.29,33.39
BATCH01624,12-06-2020,Arabica,Sea,Africa,412.217156,1129.55,Small Bag,10.35934113,12,197.56,177.57,405.85,148.8,Mombasa,Tanzania,Poland,303325.25,17.85
BATCH01625,13-06-2020,Robusta,Road,South America,264.583971,581.29,Small Bag,7.701517457,7,145.04,161.18,302.22,115.4,Mumbai,Cameroon,UK,109884.86,50.65
BATCH01626,14-06-2020,Excelsa,Sea,South America,332.0465839,3294.25,Small Crate,9.759097849,23,238.81,198.45,204.75,162.1,Mombasa,India,Qatar,392265.46,30.75
BATCH01627,15-06-2020,Liberica,Sea,Asia,473.0040392,1068.34,Small Bag,13.34531119,12,249.07,166.88,435.22,132.3,Mombasa,Malaysia,South Africa,189543.6,19.94
BATCH01628,16-06-2020,Excelsa,Sea,Central America,346.4568422,3331.22,Small Bag,6.60651856,20,191.87,146.63,222.74,182.2,Hambantota,Tanzania,Pakistan,829862.33,48.42
BATCH01629,17-06-2020,Arabica,Road,South America,520.0468122,1191.55,Small Bag,13.51766435,9,275.7,61.04,355.01,87.6,Ho Chi Minh,India,Poland,153193.12,13.27
BATCH01630,18-06-2020,Arabica,Road,South America,363.133197,627.8,Big Bag,11.26003521,3,155.26,109.58,476.14,100.8,Ho Chi Minh,Philippines,UAE,162548.56,31.23
BATCH01631,19-06-2020,Robusta,Air,South America,340.0828124,514.84,Small Crate,7.329073888,3,169.57,65.18,210.08,64.2,Mombasa,Brazil,Bangladesh,72104.25,24.42
BATCH01632,20-06-2020,Excelsa,Road,Central America,329.4926321,3472.38,Small Crate,9.048332035,6,191.57,123.34,297.04,121.8,Nairobi,Honduras,Canada,785552.38,47.41
BATCH01633,21-06-2020,Robusta,Air,Africa,220.4008983,1256.94,Large Crate,4.883716988,3,216.89,160.01,346.36,120,Hambantota,Peru,France,395093.42,51.61
BATCH01634,22-06-2020,Excelsa,Sea,Central America,591.2056855,2989.11,Small Bag,14.7539595,10,107.25,98.84,209.98,95.3,Nairobi,Indonesia,Australia,315437.42,8.15
BATCH01635,23-06-2020,Liberica,Sea,Africa,438.5832276,1212.99,Small Bag,10.01026745,9,133.97,125.23,369.26,83.7,Ho Chi Minh,Colombia,Chile,144810.23,12.96
BATCH01636,24-06-2020,Robusta,Sea,Asia,174.3860778,819.25,Small Bag,0.657702787,18,154.23,123.94,369.54,146.4,Tema,Ivory Coast,New Zealand,127041.67,18.13
BATCH01637,25-06-2020,Arabica,Road,Africa,245.8231816,1254.2,Big Bag,4.899328586,6,102.72,118.87,153.07,63.3,Ho Chi Minh,Colombia,France,103974.38,16.17
BATCH01638,26-06-2020,Liberica,Road,South America,424.6427231,966.25,Small Crate,9.349716506,8,113.51,110.71,411.7,127.3,Mombasa,Peru,New Zealand,224179.13,48.16
BATCH01639,27-06-2020,Arabica,Sea,Asia,96.04316182,1158.88,Small Crate,0.844999167,21,188.14,53.96,490.11,134.7,Nairobi,Philippines,South Korea,95505.9,18.02
BATCH01640,28-06-2020,Arabica,Air,Asia,97.86958936,2904.32,Small Bag,0.35826287,3,116.05,81.52,236.32,67.5,Ho Chi Minh,Indonesia,China,446763.19,29.97
BATCH01641,29-06-2020,Arabica,Sea,Asia,286.1962466,1660.76,Small Bag,6.750363593,17,107.51,108.18,205.17,152.8,Nairobi,Honduras,South Korea,273418.58,25.49
BATCH01642,30-06-2020,Excelsa,Road,Africa,250.9038318,3276.68,Small Crate,4.990352695,11,231.08,161.72,114.63,103.6,Tema,Colombia,Japan,429355.01,22.4
BATCH01643,01-07-2020,Excelsa,Sea,South America,232.9098193,2997.19,Small Bag,6.57447912,12,171.41,173.2,348.1,141,Nairobi,Mexico,USA,654651.71,39.05
BATCH01644,02-07-2020,Liberica,Road,Africa,206.9617443,1305.01,Small Bag,3.940399648,3,258.14,82.86,251.51,103.8,Hambantota,Papua New Guinea,Canada,273564.37,36.46
BATCH01645,03-07-2020,Excelsa,Road,Asia,246.7058512,3280.69,Small Bag,2.470766204,10,179.53,53.48,356.67,131,Nairobi,Mexico,Germany,663618.13,15.79
BATCH01646,04-07-2020,Arabica,Road,Africa,355.4881026,400,Big Bag,10.33715035,7,218.5,64.76,358.69,63.2,Ho Chi Minh,Peru,UAE,33134.85,10.35
BATCH01647,05-07-2020,Robusta,Sea,Africa,265.0909382,840.19,Big Bag,7.718566744,11,107.27,178.88,264.87,149.5,Mombasa,Guatemala,Japan,184561.39,28.2
BATCH01648,06-07-2020,Liberica,Road,Central America,127.6349787,1317.73,Small Crate,3.002313169,4,193.26,120.7,466.43,77.9,Tema,Malaysia,Singapore,212772.28,29.95
BATCH01649,07-07-2020,Excelsa,Air,South America,376.908214,3633.17,Large Crate,4.793841394,1,104.22,176.64,396.4,97.1,Nairobi,Malaysia,Saudi Arabia,824608.37,27.62
BATCH01650,08-07-2020,Liberica,Road,South America,389.5561575,1301.14,Small Crate,8.877118615,11,296.69,131.69,274.1,138.1,Mumbai,Honduras,New Zealand,269471.51,36.64
BATCH01651,09-07-2020,Liberica,Air,South America,118.9899375,1030.66,Small Bag,1.083440224,1,208.54,177.64,449.85,73.1,Ho Chi Minh,Philippines,Singapore,209655.26,42.77
BATCH01652,10-07-2020,Excelsa,Sea,Asia,169.7698748,3004,Big Bag,2.211795139,24,278.8,146.78,222.63,199.2,Tema,Philippines,Chile,657388.69,24.87
BATCH01653,11-07-2020,Excelsa,Sea,Asia,144.3424918,2672.09,Small Bag,1.098684062,13,200.76,144.42,150.12,129.5,Ho Chi Minh,Uganda,Italy,435994.12,16.76
BATCH01654,12-07-2020,Arabica,Air,Asia,433.5203009,2266.18,Large Crate,12.18475999,4,161.73,149.83,287.27,59.6,Ho Chi Minh,Philippines,USA,265572.98,12.35
BATCH01655,13-07-2020,Robusta,Sea,Central America,412.7233175,856.42,Large Crate,11.2861385,24,275.95,191.28,221.1,215.1,Tema,Colombia,UK,199996.23,52.21
BATCH01656,14-07-2020,Excelsa,Air,Asia,431.1066627,3361.98,Small Bag,11.29969398,2,204.42,53.04,393.41,46,Tema,Liberia,UAE,366430.94,15.55
BATCH01657,15-07-2020,Liberica,Sea,Central America,386.1086502,1228.55,Small Crate,10.74488015,15,133.26,105.97,253.87,133.8,Ho Chi Minh,Liberia,UK,175154.09,36.03
BATCH01658,16-07-2020,Arabica,Air,Central America,381.3767103,1048.27,Small Crate,10.04078136,2,240.71,60.38,243.46,61.3,Nairobi,Kenya,New Zealand,132041.88,17.49
BATCH01659,17-07-2020,Robusta,Sea,South America,332.3009408,1010.87,Small Crate,7.154878731,18,159.44,133.06,310.79,193.2,Tema,Honduras,Egypt,273918.21,40.95
BATCH01660,18-07-2020,Liberica,Air,South America,339.1675146,1311.66,Small Crate,9.634172453,4,218.24,123.79,432.08,88.7,Hambantota,Uganda,Italy,266467.34,20.44
BATCH01661,19-07-2020,Arabica,Sea,Central America,247.7601707,1332.62,Small Crate,0.575423322,20,175.9,143.03,452.44,180.7,Tema,Philippines,Germany,321674.91,29.23
BATCH01662,20-07-2020,Liberica,Air,South America,417.3168207,1095.94,Small Bag,9.32196634,2,160.8,160.49,168.28,82.6,Ho Chi Minh,Ethiopia,France,243428.57,16.07
BATCH01663,21-07-2020,Robusta,Road,Africa,386.5407306,687.48,Big Bag,11.66816558,6,181.25,51.61,270.68,112.5,Mumbai,Colombia,South Korea,158191.35,19.19
BATCH01664,22-07-2020,Liberica,Sea,Asia,201.2660867,1383.98,Small Crate,7.505375406,9,234.15,137.42,265.62,98.1,Mumbai,Mexico,Turkey,205035.04,34.52
BATCH01665,23-07-2020,Excelsa,Sea,South America,226.5058335,3003.41,Large Crate,5.362699926,20,198.21,140.85,323.12,172.3,Nairobi,Philippines,Turkey,672320.12,21.82
BATCH01666,24-07-2020,Arabica,Sea,Central America,259.0600631,1814.77,Small Bag,4.161401022,14,152.71,149.96,478.1,187.9,Nairobi,Ivory Coast,Spain,562464.29,36.5
BATCH01667,25-07-2020,Robusta,Sea,South America,413.7844173,650.56,Small Bag,9.642030752,15,136.09,118.87,226.68,172.8,Tema,India,South Korea,156286.67,42
BATCH01668,26-07-2020,Robusta,Air,South America,406.2181139,1533.97,Large Crate,10.39201798,1,146.43,112.86,476.47,131.3,Ho Chi Minh,Mexico,Japan,541606.97,33.3
BATCH01669,27-07-2020,Excelsa,Sea,Central America,461.8632969,3282.86,Small Bag,13.064514,10,158.26,165.62,257.6,95.9,Hambantota,Honduras,New Zealand,426259.14,19.75
BATCH01670,28-07-2020,Excelsa,Sea,Africa,208.8437684,3033.3,Large Crate,5.135011237,16,130.22,136.9,308.88,136.4,Hambantota,Indonesia,Germany,415577.55,9.81
BATCH01671,29-07-2020,Arabica,Sea,Central America,426.2683848,690.36,Large Crate,11.54658461,25,299.15,124.98,312.75,194.9,Hambantota,Liberia,China,151879.56,22.83
BATCH01672,30-07-2020,Liberica,Sea,Central America,301.9911222,1098.94,Small Crate,8.420337363,20,285.75,134.97,490.99,195.7,Ho Chi Minh,Honduras,New Zealand,300375.07,49.2
BATCH01673,31-07-2020,Arabica,Sea,Africa,477.332533,1957.37,Large Crate,13.24254736,12,179.6,193.21,149.46,118.2,Ho Chi Minh,Papua New Guinea,Saudi Arabia,295548.7,36.16
BATCH01674,01-08-2020,Liberica,Sea,Africa,404.0629955,1329.67,Small Crate,7.917181624,18,229.06,138.56,141.05,188.1,Mombasa,Guatemala,South Korea,377579.64,53.69
BATCH01675,02-08-2020,Liberica,Air,Africa,294.3714328,991.23,Large Crate,7.764447426,1,265.72,116.8,354.98,53.9,Nairobi,Honduras,New Zealand,115539.74,28.19
BATCH01676,03-08-2020,Arabica,Sea,Africa,390.5887508,786.62,Small Bag,8.668156222,22,239.8,113.22,462.98,165.8,Tema,Liberia,France,107288.3,33.84
BATCH01677,04-08-2020,Excelsa,Sea,South America,475.3631005,2890.8,Big Bag,11.23973033,15,184.79,185.41,486.73,118.2,Mombasa,Mexico,Chile,302905.87,18.73
BATCH01678,05-08-2020,Arabica,Air,Asia,480.1306495,429.21,Small Crate,14.47035718,4,168.53,164.77,177.94,58.4,Mombasa,Tanzania,Bangladesh,51073.48,7.42
BATCH01679,06-08-2020,Liberica,Sea,Central America,90.93491567,901.83,Small Crate,1.103450313,20,262.09,102.43,360.01,172.6,Mombasa,Cameroon,Sweden,151873.62,36.55
BATCH01680,07-08-2020,Excelsa,Sea,Africa,177.4927429,3137.3,Large Crate,0.801519036,18,174.51,89.5,460.11,133.8,Nairobi,Mexico,Norway,360998.11,15.36
BATCH01681,08-08-2020,Excelsa,Road,South America,475.6094499,3094.09,Large Crate,14.06325506,4,270.81,136.1,299.76,77.6,Hambantota,Indonesia,Japan,456645.9,15.03
BATCH01682,09-08-2020,Excelsa,Road,South America,335.569744,3266.22,Small Crate,7.948134383,10,118.11,104.45,139.14,96.2,Mumbai,Honduras,South Africa,472360.13,28.07
BATCH01683,10-08-2020,Excelsa,Air,Africa,478.7055477,3494.93,Large Crate,9.223545219,2,197.96,123.1,379.55,77.5,Hambantota,Colombia,Germany,722673.37,39.77
BATCH01684,11-08-2020,Liberica,Air,Asia,366.0822336,1171.17,Small Bag,7.236354024,1,165.25,85.76,306.02,63.8,Mumbai,Malaysia,Belgium,210564.38,37.6
BATCH01685,12-08-2020,Arabica,Road,Africa,146.4073763,529.79,Small Crate,1.404861789,3,276.61,52.63,270.68,108.3,Hambantota,Ethiopia,Germany,134398.94,36.45
BATCH01686,13-08-2020,Liberica,Road,Africa,487.676749,1217.92,Large Crate,11.52134068,10,164,127.75,141.41,97.4,Hambantota,Kenya,UK,164960.72,15.5
BATCH01687,14-08-2020,Arabica,Air,Central America,433.454986,1852.47,Big Bag,11.20836968,4,254.09,136.83,319.73,106.4,Mombasa,Kenya,Thailand,500684.13,34.85
BATCH01688,15-08-2020,Arabica,Air,Central America,291.1780863,1410.13,Large Crate,4.675549822,2,208.27,169.61,159.18,49.6,Mombasa,Malaysia,Norway,166937.22,21.37
BATCH01689,16-08-2020,Excelsa,Air,Central America,135.4943888,3210.33,Small Bag,4.593588678,1,249.59,142.79,127.9,54.5,Mumbai,Vietnam,Sweden,481455.63,15.73
BATCH01690,17-08-2020,Excelsa,Road,South America,470.0653216,3331.45,Big Bag,12.56762071,7,242.7,129.07,329.81,116.6,Mumbai,Uganda,Egypt,678796.68,19.49
BATCH01691,18-08-2020,Arabica,Road,Asia,50,943.94,Large Crate,1.085358866,10,199.51,90.43,371.24,155.9,Hambantota,Uganda,Poland,259086.88,41.27
BATCH01692,19-08-2020,Arabica,Sea,Central America,504.5650762,881.03,Small Crate,13.21657723,13,167.82,189.72,395.57,90.2,Mombasa,Ethiopia,Spain,65762.93,7.65
BATCH01693,20-08-2020,Arabica,Road,South America,203.6888655,1152.63,Small Bag,3.849925348,5,297.61,65.4,478.71,91.6,Mumbai,Indonesia,Sweden,229361.38,30.33
BATCH01694,21-08-2020,Arabica,Air,Asia,434.8796288,489.36,Small Bag,8.894771216,2,269.8,59.2,343.79,93.7,Hambantota,Indonesia,South Africa,116650.68,18.01
BATCH01695,22-08-2020,Excelsa,Air,Africa,556.788749,3033.43,Large Crate,14.03991269,2,224.44,153.38,114.94,59.2,Hambantota,Cameroon,Canada,437233.09,17.43
BATCH01696,23-08-2020,Robusta,Air,South America,378.8507413,459.02,Big Bag,10.17183752,1,292.22,117.03,444.33,63.8,Ho Chi Minh,Cameroon,Turkey,64758.86,11.96
BATCH01697,24-08-2020,Robusta,Sea,Central America,266.1826028,844.78,Big Bag,6.216447187,20,281.29,96.26,242.72,157.3,Nairobi,Indonesia,Qatar,133145.13,25.23
BATCH01698,25-08-2020,Arabica,Road,Asia,429.3252205,1560.7,Big Bag,10.34301313,7,296.68,72.42,273.71,100.1,Tema,Cameroon,France,304062.02,34.49
BATCH01699,26-08-2020,Liberica,Sea,Central America,226.1628067,1080.67,Small Crate,5.159694545,17,295.7,74.39,337.94,116.2,Mumbai,Honduras,China,99202.25,14.91
BATCH01700,27-08-2020,Robusta,Sea,South America,223.147648,642.56,Large Crate,4.158876245,15,113.54,75.33,477.56,152.4,Hambantota,Vietnam,Germany,133462.57,47.95
BATCH01701,28-08-2020,Robusta,Road,Asia,614.3423783,808.84,Big Bag,14.95024917,11,190.71,148.87,233.72,118.3,Mombasa,Ghana,Japan,137547.77,15.02
BATCH01702,29-08-2020,Liberica,Road,Asia,396.3990949,818.2,Small Crate,11.26185347,6,119.05,120.42,346.95,94.8,Tema,Indonesia,Argentina,144239.18,13.54
BATCH01703,30-08-2020,Robusta,Sea,Africa,367.7402715,1452.98,Big Bag,9.670799661,9,293.28,103.3,246.9,105.6,Mombasa,Ghana,Argentina,254597.16,30.36
BATCH01704,31-08-2020,Robusta,Air,Asia,244.5087222,1029.06,Big Bag,5.329344648,1,174.71,155.03,154.82,52.4,Ho Chi Minh,Mexico,France,126283.83,10.09
BATCH01705,01-09-2020,Excelsa,Air,South America,280.0260444,3295.42,Big Bag,0.737412437,1,264.14,104.01,260.66,56,Nairobi,Indonesia,China,441889.7,18.51
BATCH01706,02-09-2020,Arabica,Air,Asia,144.3877273,1164.85,Small Crate,0.465853141,4,154.52,158.27,159.08,104,Ho Chi Minh,Honduras,Sweden,230996.2,45.78
BATCH01707,03-09-2020,Arabica,Sea,Central America,405.9849819,849.97,Big Bag,8.312718832,16,246.85,173.6,175.95,153.5,Tema,Vietnam,Turkey,153350.31,14.23
BATCH01708,04-09-2020,Robusta,Air,South America,481.3210101,1034.26,Small Bag,11.43049082,3,283.23,51.09,165.05,57.9,Ho Chi Minh,Mexico,Qatar,120720.32,14.17
BATCH01709,05-09-2020,Liberica,Road,Asia,383.590329,961.24,Small Crate,8.060687857,5,135.08,50.83,195.82,115.3,Ho Chi Minh,Ethiopia,South Korea,254115.52,42.63
BATCH01710,06-09-2020,Liberica,Road,Central America,502.0319592,1103.15,Large Crate,12.61177608,5,104.64,124.59,320.69,62.8,Ho Chi Minh,Papua New Guinea,South Africa,131434.35,8.85
BATCH01711,07-09-2020,Robusta,Air,South America,133.3053999,769.8,Small Crate,0.501397996,2,118.49,137.05,335.76,115.3,Mumbai,India,Germany,204645.76,66.65
BATCH01712,08-09-2020,Liberica,Road,Asia,192.5012017,1412.02,Small Crate,5.501281146,10,258.46,110.62,248.06,95,Ho Chi Minh,Liberia,New Zealand,164494.15,16.05
BATCH01713,09-09-2020,Robusta,Road,Central America,224.5749038,615.17,Big Bag,3.556055868,3,180.94,87.65,343.44,106.2,Tema,Vietnam,Japan,132060.14,17.58
BATCH01714,10-09-2020,Arabica,Air,Africa,295.8556561,400,Small Crate,6.709094522,1,285.52,92.77,362.45,77.3,Mumbai,Guatemala,Poland,79193.96,46.77
BATCH01715,11-09-2020,Robusta,Air,South America,159.8422221,860.32,Small Bag,1.085645898,3,183.86,194.61,139.56,100.8,Hambantota,Tanzania,Japan,193762.98,41.81
BATCH01716,12-09-2020,Excelsa,Road,Asia,525.8162804,3423.87,Big Bag,14.31197462,4,159.96,77.43,356.54,70.4,Tema,Liberia,Belgium,442247.75,12.39
BATCH01717,13-09-2020,Robusta,Sea,Africa,238.6231451,788.33,Big Bag,3.348831016,18,272.64,89.69,193.07,156.9,Hambantota,India,Spain,162780.41,44.39
BATCH01718,14-09-2020,Robusta,Road,Central America,562.0351275,1173.26,Small Bag,13.83461663,11,117.58,195.72,336.96,145.6,Tema,Kenya,Russia,279121.47,21.93
BATCH01719,15-09-2020,Excelsa,Air,South America,146.0439185,2866.67,Large Crate,6.388397326,4,133.73,130.7,100.83,95.6,Tema,Colombia,Turkey,628028.55,20.44
BATCH01720,16-09-2020,Liberica,Air,Central America,521.7912191,1233,Small Bag,14.782862,2,230.74,96.74,447.96,85,Mombasa,Mexico,Belgium,261151.84,16.97
BATCH01721,17-09-2020,Liberica,Air,Central America,256.4569273,1164.57,Big Bag,8.310875752,2,241.13,194.17,139.61,115,Ho Chi Minh,Ivory Coast,Egypt,333542.35,46.88
BATCH01722,18-09-2020,Excelsa,Air,Africa,530.8220166,3292.21,Small Bag,13.96249296,4,248.92,84.96,485.67,66.8,Mombasa,Vietnam,New Zealand,368894.87,15.04
BATCH01723,19-09-2020,Excelsa,Sea,Asia,87.37162602,3118.75,Big Bag,0.08023483,13,252.68,138.96,101.09,155.3,Ho Chi Minh,Ivory Coast,Poland,778509.2,18.57
BATCH01724,20-09-2020,Arabica,Road,South America,504.4988863,1140.51,Large Crate,11.22358209,3,195.07,91.34,491.47,85.5,Mombasa,Uganda,Argentina,213551.68,14.44
BATCH01725,21-09-2020,Excelsa,Road,Asia,516.735027,3132.25,Small Crate,13.5457598,7,141,90.28,345.01,56.3,Mumbai,Cameroon,Norway,161712.11,6.73
BATCH01726,22-09-2020,Robusta,Sea,Central America,138.5977563,400,Large Crate,2.095808505,10,223.19,177.8,448.51,143.9,Hambantota,Philippines,Egypt,104174.6,25.16
BATCH01727,23-09-2020,Robusta,Sea,Central America,190.1852103,978.81,Large Crate,1.441887776,24,221.46,188.93,342.5,162.9,Ho Chi Minh,Kenya,China,119458.54,9.07
BATCH01728,24-09-2020,Arabica,Road,Central America,275.1475503,1633.42,Small Bag,6.368589108,6,104.11,78.39,181.61,84.3,Nairobi,Liberia,USA,239027.05,32.84
BATCH01729,25-09-2020,Liberica,Road,Asia,495.25563,926.49,Small Bag,14.00518359,10,131.7,188.15,132.79,124.1,Ho Chi Minh,Uganda,Italy,173344.09,34.7
BATCH01730,26-09-2020,Excelsa,Road,Central America,363.7552228,3191.34,Large Crate,8.135798403,3,195.13,55.27,326.49,109.5,Mumbai,Guatemala,China,713056.38,59.18
BATCH01731,27-09-2020,Arabica,Air,South America,418.0039782,400,Small Crate,7.911846956,3,130.89,194.88,297.97,81,Mumbai,Tanzania,Turkey,82015.26,34.42
BATCH01732,28-09-2020,Arabica,Sea,South America,206.1843486,600.82,Large Crate,2.116891774,23,223.78,140.57,397.34,223.3,Mumbai,India,Spain,157347.86,44.91
BATCH01733,29-09-2020,Excelsa,Air,Africa,128.7018283,3034.65,Big Bag,0.011842666,3,148.25,184.63,244.01,96.6,Hambantota,Cameroon,Singapore,717445.62,38.73
BATCH01734,30-09-2020,Arabica,Air,South America,602.1104675,1145.36,Large Crate,12.15210136,2,156.3,79.84,323.53,69.1,Nairobi,Indonesia,France,168598.26,12.87
BATCH01735,01-10-2020,Robusta,Road,South America,102.7880515,1511.56,Big Bag,1.313618445,6,295.27,131.71,475.55,84.6,Nairobi,Honduras,Belgium,246607.01,34.29
BATCH01736,02-10-2020,Liberica,Sea,Africa,347.4965266,1275.2,Small Crate,9.507747281,8,237.21,148.84,400.41,143.8,Mumbai,Liberia,Pakistan,356457.1,44.08
BATCH01737,03-10-2020,Arabica,Air,Asia,518.8558786,1462.59,Small Crate,13.71924682,3,223.29,148.06,463.79,49.5,Nairobi,Ivory Coast,Italy,152175.67,22.66
BATCH01738,04-10-2020,Robusta,Sea,Asia,269.6446801,967.65,Large Crate,3.129778697,10,237.29,169.26,277.72,155.3,Ho Chi Minh,Liberia,Bangladesh,243704.59,28.78
BATCH01739,05-10-2020,Excelsa,Air,South America,352.2884775,3166.15,Small Bag,9.979092544,1,270.67,97.18,254.91,110.6,Ho Chi Minh,Ghana,Pakistan,980012.26,31.65
BATCH01740,06-10-2020,Robusta,Air,Central America,223.1429894,648.27,Large Crate,1.180478651,4,251.96,88.06,178.77,73.4,Mombasa,Vietnam,France,85951.4,18.28
BATCH01741,07-10-2020,Excelsa,Road,Central America,299.7336903,3092.56,Large Crate,9.056327158,6,155.78,108.29,268.53,119.1,Hambantota,Tanzania,South Africa,724955.5,22.96
BATCH01742,08-10-2020,Liberica,Air,Africa,167.7083719,1480.84,Small Bag,2.458975814,3,264.43,60.84,482.34,90.6,Mombasa,Philippines,Pakistan,290176.58,15.21
BATCH01743,09-10-2020,Arabica,Air,Asia,439.8523855,1031.12,Small Crate,11.03930341,3,286.4,182.19,160.82,72,Mombasa,Papua New Guinea,Australia,181497.55,34.78
BATCH01744,10-10-2020,Liberica,Air,Asia,191.4224868,943.65,Large Crate,4.518469422,2,220.74,70.56,163.46,106.6,Mumbai,Indonesia,UK,230369.65,52.5
BATCH01745,11-10-2020,Excelsa,Air,Africa,277.4642357,3361.32,Small Crate,6.950865132,1,245.58,124.27,338.45,123.8,Mombasa,Ethiopia,Qatar,984169.71,53.52
BATCH01746,12-10-2020,Robusta,Air,Central America,409.5752679,1096.73,Small Crate,8.99145813,4,251.51,59.55,370.5,89,Hambantota,Mexico,Saudi Arabia,185892.82,26.34
BATCH01747,13-10-2020,Robusta,Sea,Africa,249.1508219,916.05,Large Crate,2.56910116,14,194.12,156.76,128.2,141.1,Mombasa,Tanzania,Saudi Arabia,166550.59,37.81
BATCH01748,14-10-2020,Arabica,Air,Central America,328.0065003,1117.33,Big Bag,11.12456728,1,260.65,106.6,476.61,111.2,Mombasa,Guatemala,Saudi Arabia,279875.89,32.68
BATCH01749,15-10-2020,Arabica,Road,South America,245.1999726,599.09,Big Bag,4.53960511,12,183.53,199.68,287.89,156.3,Hambantota,Indonesia,Argentina,178018.51,44.21
BATCH01750,16-10-2020,Robusta,Sea,South America,392.4018918,1036.42,Big Bag,9.935577899,24,244.5,78.58,474.06,234,Mumbai,Vietnam,France,314040,45.6
BATCH01751,17-10-2020,Liberica,Air,Africa,176.5971906,995.65,Large Crate,2.37424576,4,243.72,109.89,291.33,59,Ho Chi Minh,Uganda,Egypt,120964.38,8.23
BATCH01752,18-10-2020,Excelsa,Sea,Africa,393.8146229,3143.02,Large Crate,10.32176489,19,110.16,142.6,306.07,194,Mumbai,Ivory Coast,USA,839377.24,33.75
BATCH01753,19-10-2020,Arabica,Air,Asia,93.16028429,575.42,Small Crate,1.922821092,4,282.78,132.72,487.63,97.4,Hambantota,Brazil,Germany,132611.37,30.68
BATCH01754,20-10-2020,Robusta,Road,South America,368.5252722,1360.22,Big Bag,6.380347444,5,223.55,160.02,201.53,106,Mombasa,Uganda,Singapore,300460.74,22.07
BATCH01755,21-10-2020,Excelsa,Sea,Africa,269.2092131,3026.52,Small Crate,3.708091106,21,127.83,160.35,232.99,137.4,Nairobi,Brazil,France,260832.7,21.05
BATCH01756,22-10-2020,Excelsa,Air,South America,431.5694028,3487.62,Big Bag,11.22562874,3,296.18,148.55,496.8,56.7,Ho Chi Minh,Ghana,Spain,381977.46,24.09
BATCH01757,23-10-2020,Excelsa,Sea,South America,193.5000914,3392.13,Large Crate,3.930525068,11,129.88,108.23,405.07,116.8,Hambantota,Guatemala,Saudi Arabia,565251.12,35.06
BATCH01758,24-10-2020,Arabica,Road,Central America,466.3007564,1383.61,Big Bag,13.2257596,7,123.08,57.46,369.28,112.1,Mumbai,Uganda,Italy,283808.83,23.4
BATCH01759,25-10-2020,Liberica,Sea,South America,372.0364339,1429.41,Big Bag,13.37730317,14,271.81,52.69,415.65,149.5,Tema,Colombia,Singapore,317297.63,34.39
BATCH01760,26-10-2020,Excelsa,Road,Africa,206.0895956,3115.08,Large Crate,2.946619728,9,129.97,178.3,104.29,94.5,Hambantota,Brazil,Egypt,426103.74,17.16
BATCH01761,27-10-2020,Robusta,Sea,Africa,415.2468548,533.79,Large Crate,9.207689175,19,299.85,87.83,318.18,188.6,Nairobi,Ghana,Australia,147327.57,37.93
BATCH01762,28-10-2020,Liberica,Road,Africa,146.3680446,1462.31,Small Crate,1.315764626,10,224.06,193.11,110.2,110.3,Nairobi,Ghana,Sweden,231562.38,25.02
BATCH01763,29-10-2020,Arabica,Road,Central America,271.8748731,400,Small Crate,5.873056494,9,156.89,197.6,497.07,105,Mombasa,Mexico,Belgium,69443.44,35.71
BATCH01764,30-10-2020,Robusta,Road,Asia,427.6639537,958.9,Small Crate,10.69982594,11,175.75,58.93,143.44,86.8,Mombasa,Ghana,Singapore,93046.78,18.88
BATCH01765,31-10-2020,Excelsa,Road,South America,354.079162,3182.02,Small Crate,9.891348703,10,256,159.86,117.43,154.7,Ho Chi Minh,Colombia,Chile,787785.89,50.1
BATCH01766,01-11-2020,Liberica,Sea,Central America,356.1375399,1355.86,Big Bag,9.370510041,14,226.29,121.65,397.9,110.2,Nairobi,Liberia,UAE,155393.8,25.36
BATCH01767,02-11-2020,Excelsa,Air,Africa,218.8267372,3205.88,Small Crate,4.238112955,2,183.05,170.09,462.77,80.8,Mombasa,Kenya,Australia,589241.24,29.9
BATCH01768,03-11-2020,Excelsa,Sea,South America,304.945056,3126.59,Large Crate,5.670374242,17,279.67,165.95,363.36,131.5,Mumbai,Philippines,South Africa,372217.79,11.88
BATCH01769,04-11-2020,Excelsa,Air,Asia,215.2686838,3425.64,Small Bag,1.544192171,2,134.82,53.82,126.33,62.8,Tema,Colombia,China,463865.54,27.9
BATCH01770,05-11-2020,Robusta,Sea,Africa,412.102877,1160.7,Large Crate,10.78534231,9,154.74,155.38,499.28,85.5,Tema,Papua New Guinea,Turkey,129161.23,24.34
BATCH01771,06-11-2020,Liberica,Air,Central America,274.5106817,1231.66,Large Crate,7.558331952,1,276.16,99.54,292.81,50,Ho Chi Minh,Guatemala,South Korea,132301.07,17.82
BATCH01772,07-11-2020,Arabica,Sea,Africa,420.7268741,947.31,Large Crate,10.63148449,19,121.94,154.09,279.46,146.6,Ho Chi Minh,Indonesia,Japan,147571.46,12.43
BATCH01773,08-11-2020,Robusta,Sea,Central America,312.5991418,1369.06,Large Crate,3.734152872,23,163.52,63.82,311.4,233.5,Ho Chi Minh,Brazil,Germany,475111.82,67.68
BATCH01774,09-11-2020,Arabica,Road,South America,198.1068811,400,Small Bag,4.86657343,5,237.89,159.39,154.49,108.7,Nairobi,Liberia,South Korea,96431.53,29.57
BATCH01775,10-11-2020,Liberica,Sea,South America,294.6889391,1017.59,Big Bag,5.013230059,20,199.87,157.44,476.27,112.6,Mumbai,Peru,Japan,37518.8,5.19
BATCH01776,11-11-2020,Arabica,Road,South America,178.3821122,1135.59,Small Crate,0.386136146,5,278.96,116.67,202.93,127,Hambantota,Honduras,Pakistan,300433.87,38.87
BATCH01777,12-11-2020,Liberica,Sea,South America,235.4707998,1345.32,Small Bag,5.115718092,14,293.24,155.98,303.21,94.9,Hambantota,Guatemala,France,99648.02,6.84
BATCH01778,13-11-2020,Arabica,Air,Asia,426.4508292,1710.56,Big Bag,12.0495686,3,268.71,136.83,190.82,38.7,Mombasa,India,Bangladesh,118282.92,5.87
BATCH01779,14-11-2020,Robusta,Road,Africa,532.5321572,819.24,Small Bag,13.45947744,8,195.16,118.04,178.44,72.7,Tema,India,Turkey,69980.77,14.62
BATCH01780,15-11-2020,Liberica,Air,Africa,350.8590807,1347.64,Large Crate,7.773274735,4,234.22,185.29,477.88,98,Mumbai,India,Italy,314352.45,37.38
BATCH01781,16-11-2020,Liberica,Sea,Africa,339.7144714,1232.08,Small Crate,6.832525428,21,114.67,127.09,226.6,161.7,Mumbai,Liberia,Belgium,164703.4,37.17
BATCH01782,17-11-2020,Liberica,Road,Africa,217.55655,1058.99,Small Crate,0.46236928,7,140.81,185.55,311.34,85.7,Tema,Peru,Bangladesh,144242.19,25.88
BATCH01783,18-11-2020,Robusta,Air,South America,503.9942796,1029.32,Small Crate,13.18806506,1,241.89,126.01,336.89,45.5,Tema,Mexico,UK,102078.88,14.85
BATCH01784,19-11-2020,Robusta,Sea,South America,50,968.84,Small Bag,0.195153201,20,299.46,152.08,254.05,159.1,Ho Chi Minh,Liberia,Netherlands,159458.32,17.81
BATCH01785,20-11-2020,Arabica,Road,South America,528.4695362,2147.58,Big Bag,14.1712512,6,164.95,80.94,317.37,82.8,Nairobi,Indonesia,Netherlands,282834.42,34.65
BATCH01786,21-11-2020,Liberica,Road,Africa,332.2251516,1259.64,Big Bag,7.33824373,12,267.01,102.14,359.47,171.9,Mumbai,Cameroon,Chile,346786.14,43.68
BATCH01787,22-11-2020,Arabica,Air,Central America,317.228954,462.36,Small Bag,5.129017404,2,202.89,176.04,464.79,43.6,Nairobi,Tanzania,Turkey,38468.68,12.1
BATCH01788,23-11-2020,Liberica,Sea,Central America,506.0600759,1415.95,Small Bag,13.86327652,24,171.42,159.97,274.56,215.1,Mombasa,Philippines,Netherlands,335820.65,26.34
BATCH01789,24-11-2020,Robusta,Road,South America,90.52255521,487.8,Big Bag,0.365864897,4,190.92,195.36,150.8,108.2,Mombasa,Vietnam,UAE,115520.15,37.89
BATCH01790,25-11-2020,Excelsa,Air,Africa,293.0815029,2944.41,Small Bag,8.721373423,3,206.02,199.9,470.16,57.3,Ho Chi Minh,Indonesia,Argentina,360257.4,14.3
BATCH01791,26-11-2020,Arabica,Air,Asia,374.3902756,400,Big Bag,8.233987867,1,160.04,120.28,154.74,29,Hambantota,Indonesia,Argentina,27695.94,9.82
BATCH01792,27-11-2020,Arabica,Air,South America,366.1045398,1743.71,Big Bag,3.289806018,2,297.13,131.29,402.86,91.6,Hambantota,Tanzania,Sweden,383252.22,27.53
BATCH01793,28-11-2020,Robusta,Air,South America,281.8697949,459.01,Small Crate,6.43331147,2,163.49,72.4,285.88,92.8,Mumbai,Colombia,Sweden,98201.53,40.38
BATCH01794,29-11-2020,Robusta,Air,Asia,416.1165504,610.96,Large Crate,9.783960089,4,101.34,66.72,418.48,64.1,Nairobi,Ivory Coast,Egypt,79281.5,13.17
BATCH01795,30-11-2020,Robusta,Sea,Asia,399.8173959,988.75,Big Bag,10.90696795,8,119.65,75.61,148.65,103.3,Nairobi,Uganda,Argentina,195661.19,17.61
BATCH01796,01-12-2020,Liberica,Air,Asia,50,1111.09,Large Crate,0.010752881,2,229.43,101.13,152.5,97.6,Ho Chi Minh,Ethiopia,Italy,278435.93,54.37
BATCH01797,02-12-2020,Liberica,Sea,Africa,543.2958405,1471.58,Big Bag,14.05280145,25,164.7,127.09,366.21,154.1,Nairobi,Kenya,Spain,129084.55,13.2
BATCH01798,03-12-2020,Arabica,Air,Asia,175.4458317,879.45,Small Bag,2.467880586,4,191.75,139.97,314.54,105.2,Hambantota,Ivory Coast,Egypt,191567.72,52.2
BATCH01799,04-12-2020,Liberica,Road,Asia,85.83348825,1210.08,Large Crate,3.503706513,11,260.76,92.99,419.69,130.3,Ho Chi Minh,Ethiopia,Qatar,223855.96,27.31
BATCH01800,05-12-2020,Arabica,Air,Asia,299.0644863,819.04,Small Bag,3.952101685,2,177.77,177.98,452.09,70.3,Ho Chi Minh,Ethiopia,Belgium,139055.07,38.76
BATCH01801,06-12-2020,Excelsa,Road,Asia,137.8172803,3041.09,Big Bag,0.567302048,9,225.77,149.87,284.36,104.1,Tema,Honduras,Qatar,490493.9,18.69
BATCH01802,07-12-2020,Arabica,Road,Central America,159.0682331,556.12,Big Bag,1.845781854,3,124.56,177.11,412.98,94.8,Nairobi,Guatemala,Poland,126408.09,42.66
BATCH01803,08-12-2020,Robusta,Air,Asia,522.7586221,787.57,Small Crate,14.79524884,2,128.69,114.74,219,68.5,Mumbai,Papua New Guinea,UK,108508.42,17.95
BATCH01804,09-12-2020,Robusta,Air,Central America,262.1122373,827.43,Big Bag,4.728251061,4,223.6,154.89,484.66,61.4,Mombasa,Indonesia,Belgium,97275.22,18.34
BATCH01805,10-12-2020,Liberica,Air,Asia,174.4552883,1355.26,Big Bag,1.729516355,4,236.58,85.91,305.81,92.6,Nairobi,Brazil,Thailand,304294.53,24.01
BATCH01806,11-12-2020,Liberica,Sea,Africa,168.2121362,1208.23,Large Crate,1.604868918,11,119.25,56.89,383.34,133.6,Hambantota,Ivory Coast,Italy,243055.6,17.55
BATCH01807,12-12-2020,Arabica,Road,Africa,477.1566377,817.73,Big Bag,10.79189952,10,111.76,104.51,399.57,127.7,Hambantota,Peru,Canada,177161.31,31.96
BATCH01808,13-12-2020,Arabica,Sea,Central America,549.3194605,852.97,Big Bag,12.81852996,18,166.69,73.38,246.72,175.2,Mombasa,Colombia,Bangladesh,171331.03,50.08
BATCH01809,14-12-2020,Liberica,Air,Central America,315.908188,1476.83,Small Bag,3.854284493,4,287.5,160.43,280.08,107.9,Tema,Peru,South Korea,401585.5,52.71
BATCH01810,15-12-2020,Excelsa,Sea,Asia,67.56717143,2921.9,Small Bag,0.313642685,7,268.72,76.68,439.22,86.9,Tema,India,USA,418683.5,10.11
BATCH01811,16-12-2020,Robusta,Air,Africa,171.7194326,1034.51,Big Bag,3.346350277,1,227.37,184.13,362.74,94.4,Ho Chi Minh,Papua New Guinea,Bangladesh,236509.06,37.82
BATCH01812,17-12-2020,Excelsa,Air,South America,143.4911692,3370.83,Small Bag,0.847735362,1,130.35,109.25,231.99,47.9,Mumbai,Tanzania,Chile,399564.28,27.26
BATCH01813,18-12-2020,Robusta,Sea,Africa,107.5731785,1509.36,Large Crate,1.550924049,18,269.36,174.75,138.52,147.6,Mombasa,Guatemala,UK,265882.69,28.36
BATCH01814,19-12-2020,Excelsa,Road,South America,263.2779003,3235.79,Large Crate,6.472621798,4,257.31,87.1,367.49,98.3,Tema,Brazil,Italy,725495.29,51.48
BATCH01815,20-12-2020,Arabica,Air,Africa,227.224746,2069.58,Large Crate,3.448775563,4,206.41,196.66,277.88,109.1,Tema,India,USA,447915.46,16.91
BATCH01816,21-12-2020,Robusta,Air,Central America,377.2177631,1392.53,Small Crate,7.739188178,3,100.7,98.06,150.92,82.2,Mumbai,Tanzania,Japan,270943.52,21.88
BATCH01817,22-12-2020,Arabica,Air,South America,277.8685866,577.07,Small Bag,3.802406299,2,175.1,135.09,129.11,73.6,Hambantota,Papua New Guinea,Egypt,96134.97,29.11
BATCH01818,23-12-2020,Robusta,Sea,South America,513.6110648,647.94,Large Crate,14.10805952,24,183.72,97.13,364.17,189,Ho Chi Minh,Tanzania,Qatar,125838.4,20.51
BATCH01819,24-12-2020,Arabica,Sea,South America,530.8324337,1084.15,Large Crate,13.58915952,21,208.19,119.11,184.59,150.6,Nairobi,Uganda,Poland,141057.97,29.05
BATCH01820,25-12-2020,Arabica,Road,Africa,367.200634,737.86,Large Crate,8.502091575,11,286.78,117.92,299.03,161.5,Ho Chi Minh,Peru,Germany,182491.85,57.33
BATCH01821,26-12-2020,Liberica,Road,South America,260.3736687,998.08,Big Bag,5.31635988,3,252.94,58.01,149.98,95.1,Mumbai,India,Italy,244611.83,34.93
BATCH01822,27-12-2020,Robusta,Air,Africa,230.7156387,526.31,Large Crate,5.717203231,4,176.09,83.56,377.5,106.1,Nairobi,India,China,139732.93,40.62
BATCH01823,28-12-2020,Liberica,Sea,Asia,238.172973,1019.29,Small Crate,6.177784247,19,129.29,51.25,326.48,161.9,Ho Chi Minh,Philippines,Australia,201629.38,19.05
BATCH01824,29-12-2020,Excelsa,Road,Asia,460.744434,3504.71,Large Crate,10.91368983,8,234.16,148.97,333.1,101.5,Tema,Peru,Egypt,609877.57,32.88
BATCH01825,30-12-2020,Liberica,Air,South America,261.596579,1014.17,Large Crate,6.774584933,2,277.3,130.48,409.33,61.9,Mombasa,Philippines,Thailand,150008.54,16.09
BATCH01826,31-12-2020,Liberica,Air,Central America,396.6825347,1178.38,Small Bag,12.8509492,3,270.87,108.69,417.65,70.5,Mombasa,Peru,China,190971.99,12.25
BATCH01827,01-01-2021,Liberica,Air,Asia,523.2545875,1161.61,Big Bag,14.16142179,2,278.29,73.65,209.43,92.8,Mombasa,Brazil,Saudi Arabia,246210.25,20.78
BATCH01828,02-01-2021,Excelsa,Road,Central America,323.9377841,3364.6,Big Bag,5.039192301,6,150.97,77.93,453.83,106.2,Mombasa,Tanzania,China,605983.11,22.66
BATCH01829,03-01-2021,Arabica,Road,Asia,212.5699947,400,Big Bag,8.410417221,3,243.41,197.57,396.74,52.8,Mumbai,India,Germany,34893.48,18.17
BATCH01830,04-01-2021,Arabica,Sea,Africa,128.3589279,1380.59,Small Crate,1.425848052,21,121.8,162.43,328.72,183.3,Ho Chi Minh,Liberia,Thailand,273056.78,27.6
BATCH01831,05-01-2021,Liberica,Air,Asia,223.9718148,1004.21,Big Bag,3.007035716,4,233.52,111.4,450.49,121.4,Ho Chi Minh,Ethiopia,Sweden,287592.9,53.82
BATCH01832,06-01-2021,Robusta,Road,Asia,194.8847734,1072.81,Small Crate,6.201986501,11,265.77,70.85,225.71,127,Ho Chi Minh,Ivory Coast,Sweden,238762.76,36.44
BATCH01833,07-01-2021,Liberica,Sea,Africa,182.1245763,1218.44,Small Bag,3.093040739,19,163.58,160.72,169.91,185.9,Ho Chi Minh,India,Chile,298361.61,31.98
BATCH01834,08-01-2021,Excelsa,Air,Asia,437.4793586,3313.92,Large Crate,13.14840736,1,169.94,164.05,401.45,78.5,Hambantota,Guatemala,Australia,721786.65,19.19
BATCH01835,09-01-2021,Liberica,Road,Central America,120.8699095,1302.12,Small Bag,2.374293841,4,126.21,69.65,134.33,128.3,Tema,Papua New Guinea,South Africa,361492.39,62.61
BATCH01836,10-01-2021,Robusta,Road,Africa,284.9264593,1298.76,Big Bag,6.834912323,3,169.1,83.27,422.5,19.8,Hambantota,Liberia,Turkey,17176.24,2.56
BATCH01837,11-01-2021,Excelsa,Air,Central America,316.4072637,3329.17,Big Bag,9.085488607,2,197.03,189.37,487.86,40,Nairobi,Ivory Coast,Thailand,285394.23,10.55
BATCH01838,12-01-2021,Arabica,Road,Africa,351.0237235,452.32,Big Bag,10.37795862,11,230.34,144.48,153.35,113.2,Tema,Malaysia,Thailand,80088.11,38.28
BATCH01839,13-01-2021,Arabica,Road,Asia,269.4196288,1320.99,Small Bag,5.746040546,4,160.05,177.19,167.79,103.4,Mumbai,Vietnam,Egypt,307869.98,17.81
BATCH01840,14-01-2021,Arabica,Sea,Africa,602.451534,1226.33,Big Bag,13.03648603,12,272.61,144.63,258.51,139.8,Tema,Ivory Coast,Pakistan,292767.35,22.66
BATCH01841,15-01-2021,Excelsa,Air,Asia,393.6307839,3006.38,Large Crate,8.524787266,1,181.77,107.64,348.84,52.7,Hambantota,Philippines,Argentina,376940.51,19.29
BATCH01842,16-01-2021,Liberica,Road,Asia,348.3051396,861.04,Small Bag,6.592616707,8,189.66,175.91,126.45,106,Hambantota,Ghana,UAE,169887.49,24.38
BATCH01843,17-01-2021,Robusta,Sea,Asia,170.1214072,709.66,Small Bag,1.008609511,9,101.01,183.54,498.6,118.5,Ho Chi Minh,Indonesia,Saudi Arabia,160793.76,27.54
BATCH01844,18-01-2021,Arabica,Road,Africa,274.2345802,1586.52,Big Bag,6.970342027,8,123.89,197.52,278.5,107.8,Mumbai,Brazil,Saudi Arabia,336333.47,43.51
BATCH01845,19-01-2021,Liberica,Sea,Asia,484.8727398,1108.44,Big Bag,12.31103761,9,208,121.74,141.97,100.5,Ho Chi Minh,Ethiopia,Norway,159375.41,30.9
BATCH01846,20-01-2021,Excelsa,Sea,Central America,431.4281712,3339.94,Large Crate,9.218115273,16,247.62,158.13,323.64,134.6,Ho Chi Minh,Papua New Guinea,UAE,540138.98,9.14
BATCH01847,21-01-2021,Robusta,Road,Africa,515.8899776,613.94,Small Bag,12.48243681,5,276.44,59.08,298.96,97,Ho Chi Minh,Uganda,Japan,109777.43,45.27
BATCH01848,22-01-2021,Arabica,Road,South America,332.0328021,400,Small Crate,7.410175059,11,103.6,68.01,254.16,142.6,Nairobi,Cameroon,Pakistan,89367.63,45.29
BATCH01849,23-01-2021,Arabica,Road,South America,179.310092,400,Small Bag,1.776925576,10,273.33,62.24,262.39,118.1,Mombasa,Guatemala,Saudi Arabia,69199.94,28
BATCH01850,24-01-2021,Excelsa,Air,South America,229.2816289,3356.15,Big Bag,0.204597688,4,232.19,165.31,298.88,88.1,Hambantota,Brazil,Egypt,639167.06,16.35
BATCH01851,25-01-2021,Liberica,Road,Asia,278.4209569,1256.93,Big Bag,4.548293201,6,282.12,178.59,238.88,70.8,Mombasa,Ghana,France,130855.6,16.49
BATCH01852,26-01-2021,Arabica,Sea,South America,398.3377443,891.17,Big Bag,10.46985707,18,139.71,75.28,151.8,180.9,Ho Chi Minh,Brazil,Russia,193869.08,51.27
BATCH01853,27-01-2021,Arabica,Road,Africa,451.9151065,1521.07,Small Crate,11.85389856,7,184.54,194.78,290.36,70.7,Ho Chi Minh,Ivory Coast,Sweden,151305.31,12.1
BATCH01854,28-01-2021,Excelsa,Air,Asia,180.3812057,3239.66,Large Crate,4.436292519,1,261.3,167.69,424.12,78.2,Tema,Liberia,France,663070.36,45.34
BATCH01855,29-01-2021,Robusta,Road,Africa,440.3960618,1047.36,Small Crate,7.434808813,10,199.37,80.95,156.56,126.8,Tema,Peru,USA,254154.16,33.92
BATCH01856,30-01-2021,Arabica,Air,Asia,369.6969933,671.37,Small Bag,6.316783567,3,254.79,178.83,394.31,88.2,Mumbai,Indonesia,South Africa,121944.57,41.56
BATCH01857,31-01-2021,Robusta,Sea,South America,288.8959048,759.47,Big Bag,6.157841765,25,259.59,108.38,338.11,165.2,Ho Chi Minh,Papua New Guinea,Japan,84614.92,15.45
BATCH01858,01-02-2021,Arabica,Air,Asia,313.1479269,774.2,Large Crate,3.470230698,1,243.29,53.3,248.63,41.9,Tema,Uganda,Italy,84164.02,14.7
BATCH01859,02-02-2021,Excelsa,Sea,Central America,192.9869995,3191.15,Big Bag,2.045566575,14,173.43,97.66,208.98,127,Hambantota,Ethiopia,Canada,520827.33,17.86
BATCH01860,03-02-2021,Liberica,Road,Asia,166.9675303,636.59,Small Bag,2.950328373,9,276.55,167.32,203.86,128.1,Mumbai,Kenya,Russia,126185.94,41.02
BATCH01861,04-02-2021,Excelsa,Air,Africa,170.2222012,3314.5,Small Crate,0.829985807,2,290.89,118.48,335.32,64.3,Mombasa,Colombia,Russia,551121.83,28.82
BATCH01862,05-02-2021,Robusta,Sea,South America,209.0910074,540.58,Small Bag,2.971961127,15,287.17,85.42,307.7,140.7,Mumbai,Tanzania,Australia,92704.53,21.84
BATCH01863,06-02-2021,Arabica,Road,Africa,146.0332428,1151.71,Big Bag,0.138013464,12,270.16,108.2,433.61,147.9,Mumbai,Indonesia,Sweden,262251.2,24.16
BATCH01864,07-02-2021,Arabica,Air,South America,313.8116873,400,Big Bag,9.40887601,1,228.37,135.76,153.35,94.7,Tema,Ivory Coast,Qatar,84303.82,34.8
BATCH01865,08-02-2021,Excelsa,Road,Asia,201.8532255,3240.4,Large Crate,4.745631111,4,277.63,180.38,406.48,86.6,Nairobi,Papua New Guinea,Netherlands,646480.33,35.06
BATCH01866,09-02-2021,Robusta,Road,Central America,612.3386616,699.36,Small Crate,14.59717067,10,273.58,150.52,176.72,124.1,Tema,Colombia,Qatar,135740.33,14.9
BATCH01867,10-02-2021,Liberica,Air,Asia,271.8295474,1229.04,Large Crate,2.905755762,2,293.21,157.23,223.94,88.9,Hambantota,Brazil,Spain,277220.74,37.52
BATCH01868,11-02-2021,Robusta,Road,Central America,326.378493,747.43,Big Bag,5.187428555,5,105.71,141.51,193.84,120.1,Hambantota,Uganda,Norway,174772.11,19.76
BATCH01869,12-02-2021,Excelsa,Sea,Africa,371.9608666,2960.73,Big Bag,5.36761738,20,158.55,156.7,319.26,165.7,Ho Chi Minh,Ivory Coast,South Korea,576275,34.87
BATCH01870,13-02-2021,Liberica,Air,Central America,132.6715881,1200.09,Large Crate,0.126772441,1,186.41,143.28,124.95,82.7,Mombasa,India,South Korea,279202.65,45.1
BATCH01871,14-02-2021,Liberica,Road,Asia,502.997747,1179.36,Small Crate,12.5881193,10,111.05,141.6,401.45,95,Mumbai,Liberia,Thailand,165540.47,24.53
BATCH01872,15-02-2021,Liberica,Road,Africa,68.737162,1256.95,Small Crate,0.479916902,6,298.85,169.39,449.1,117,Nairobi,Kenya,France,279641.92,27.43
BATCH01873,16-02-2021,Arabica,Air,Africa,494.0543536,1604.13,Large Crate,14.10269752,2,156.29,94.82,266.89,45.4,Mumbai,Uganda,Russia,173581.38,12.35
BATCH01874,17-02-2021,Robusta,Road,Asia,402.0204119,1008.05,Big Bag,13.38111527,5,122.14,72.57,431.04,79.6,Ho Chi Minh,India,Belgium,157074.68,17.5
BATCH01875,18-02-2021,Excelsa,Air,Africa,324.9105616,3086.5,Small Bag,8.032828741,1,221.39,80.48,400.1,58.4,Hambantota,Brazil,Thailand,433263.11,32.97
BATCH01876,19-02-2021,Arabica,Sea,South America,241.6917043,457.24,Small Bag,8.153933624,16,202.18,67.03,249.03,155,Hambantota,Brazil,UK,82772.77,42.65
BATCH01877,20-02-2021,Robusta,Air,Central America,448.2483739,1191.11,Large Crate,9.806668844,3,189.12,81.5,212.23,60.9,Hambantota,Papua New Guinea,UK,152538.22,8.8
BATCH01878,21-02-2021,Arabica,Air,Central America,293.5924488,1273.29,Small Crate,5.805750179,3,251.53,188.52,179.11,76.2,Nairobi,Uganda,UK,225288.24,21.65
BATCH01879,22-02-2021,Excelsa,Air,Central America,289.9415652,3098.95,Small Crate,9.708334251,3,130.15,111.49,472.22,106.8,Mombasa,Liberia,South Korea,776768.23,40.78
BATCH01880,23-02-2021,Liberica,Air,Central America,110.6525903,1223.06,Large Crate,0.67152583,4,163.78,62.99,108.33,92.6,Nairobi,Papua New Guinea,Chile,257074.65,18.28
BATCH01881,24-02-2021,Robusta,Road,Asia,222.7042134,786.78,Small Bag,0.81071441,10,103.28,115.09,357.45,77.3,Mombasa,Tanzania,Netherlands,56624.35,14.97
BATCH01882,25-02-2021,Liberica,Air,Africa,299.4703813,994.17,Small Bag,6.858456294,3,179.36,137.37,414.42,84.6,Mombasa,Tanzania,Thailand,195235.26,34.47
BATCH01883,26-02-2021,Excelsa,Air,Africa,297.4114883,3422.71,Big Bag,8.244334517,3,272.28,73.45,195.97,110.7,Ho Chi Minh,India,Pakistan,938332.9,51.06
BATCH01884,27-02-2021,Robusta,Road,Africa,410.2428247,448.16,Large Crate,13.31726461,11,291.54,96.18,260.16,120.4,Mumbai,Malaysia,Argentina,89115.5,25.06
BATCH01885,28-02-2021,Arabica,Road,Central America,59.31495464,615.27,Small Bag,1.569909509,10,137.73,85.14,193.7,98.3,Tema,Honduras,UK,74769.22,17.15
BATCH01886,01-03-2021,Liberica,Air,Africa,496.9705656,753.65,Small Crate,12.33971891,4,285.26,179.37,242.45,98.6,Mumbai,Liberia,China,169006.9,42.8
BATCH01887,02-03-2021,Excelsa,Sea,South America,172.8276707,3200.87,Large Crate,3.150710059,24,174.25,66.34,209.45,212.4,Nairobi,Liberia,Russia,896477.88,24.42
BATCH01888,03-03-2021,Robusta,Air,South America,259.7879347,589.76,Small Crate,5.911254728,1,296.01,147.43,374.34,46.7,Mumbai,Tanzania,Qatar,70455.79,14.81
BATCH01889,04-03-2021,Liberica,Air,Asia,220.9837625,1391.02,Big Bag,4.749036522,1,110.63,86.65,167.07,63.8,Tema,Vietnam,Netherlands,236768.1,36.06
BATCH01890,05-03-2021,Liberica,Air,South America,273.0578753,1308.43,Small Crate,6.002329093,2,120.44,133.84,436.5,61.3,Hambantota,Guatemala,Bangladesh,187191.24,24.94
BATCH01891,06-03-2021,Liberica,Air,Asia,106.3648242,967.6,Small Crate,2.257432471,2,223.68,176.66,359.52,53.5,Hambantota,Honduras,UAE,115637.18,9.4
BATCH01892,07-03-2021,Robusta,Road,Africa,342.4117832,963.83,Small Crate,7.553551116,7,219.91,167.98,495.3,147.8,Ho Chi Minh,Ethiopia,Belgium,252648.09,65.24
BATCH01893,08-03-2021,Excelsa,Sea,Central America,389.6038532,3016.32,Large Crate,12.02463885,22,178.07,117.08,448.4,167,Hambantota,Mexico,South Korea,463301.02,31.31
BATCH01894,09-03-2021,Arabica,Sea,Central America,260.8981818,1351.61,Large Crate,6.623010156,20,113.47,155.5,444.22,143.2,Nairobi,Uganda,Canada,176258.36,27.86
BATCH01895,10-03-2021,Arabica,Sea,Asia,371.317494,1314.1,Big Bag,7.359203638,17,269.1,161.61,339.26,105.4,Mombasa,Malaysia,Singapore,67931.06,12.77
BATCH01896,11-03-2021,Liberica,Sea,South America,500.7556634,1080.33,Big Bag,12.73151378,10,176.83,84.3,350.59,142.1,Hambantota,Uganda,Chile,271209.12,51.82
BATCH01897,12-03-2021,Excelsa,Sea,South America,452.0102439,2824.97,Small Bag,10.59087172,14,160.16,70.51,232.12,157,Ho Chi Minh,Ghana,Bangladesh,630195.8,51.75
BATCH01898,13-03-2021,Arabica,Air,South America,428.2239035,1015.26,Small Bag,7.356816128,3,150.9,177.26,372.69,59.7,Mumbai,Malaysia,Saudi Arabia,126309,8.66
BATCH01899,14-03-2021,Excelsa,Road,Asia,212.9803412,3052.69,Small Bag,3.865434723,4,143.76,140.33,269.01,68,Tema,Guatemala,Sweden,419429.42,13.26
BATCH01900,15-03-2021,Excelsa,Air,South America,499.2900491,3041.11,Big Bag,13.2739012,2,153.16,67.47,246.78,121.6,Hambantota,India,Pakistan,893131.36,71.32
BATCH01901,16-03-2021,Excelsa,Road,South America,346.443133,3357.89,Big Bag,8.655306025,12,135.33,110.26,162.48,111,Nairobi,Peru,South Africa,524655.2,20.23
BATCH01902,17-03-2021,Arabica,Road,Central America,177.3457172,768.1,Small Bag,3.317214152,7,250.16,163.23,316.85,104.3,Mombasa,Ethiopia,Netherlands,158853.86,15.07
BATCH01903,18-03-2021,Liberica,Air,Africa,170.5743473,1018.44,Small Bag,4.03679629,2,154.96,121.29,221.55,82.9,Nairobi,Vietnam,Thailand,212251.91,38.23
BATCH01904,19-03-2021,Arabica,Air,Asia,465.6131306,1032.57,Small Bag,12.04699633,4,294.2,57.44,251.87,92.9,Nairobi,Ethiopia,Netherlands,192507.81,24.8
BATCH01905,20-03-2021,Liberica,Sea,Asia,137.6179333,1059.32,Large Crate,0.662183431,25,230.03,87.28,250.49,193.4,Mumbai,Brazil,Canada,202119.14,29.23
BATCH01906,21-03-2021,Robusta,Sea,South America,566.9800011,1167.43,Big Bag,14.88138281,23,260.45,101.69,139.34,180.7,Mombasa,Vietnam,South Africa,221748.03,17.02
BATCH01907,22-03-2021,Excelsa,Sea,South America,161.8764472,3243.94,Small Crate,1.955275196,10,293.55,136.05,190.9,123.8,Ho Chi Minh,Indonesia,Netherlands,749383.5,33.81
BATCH01908,23-03-2021,Liberica,Road,Central America,504.5393767,967.14,Small Crate,11.94102788,6,253.4,122.12,492.54,125.4,Hambantota,Ghana,Singapore,278876.53,55.47
BATCH01909,24-03-2021,Liberica,Road,Central America,279.1207271,1311.46,Large Crate,5.921629752,10,104.1,61.3,486.55,132.5,Ho Chi Minh,Ethiopia,France,251672.29,54.18
BATCH01910,25-03-2021,Liberica,Air,Africa,301.0321881,1228.14,Large Crate,7.383242749,1,233.01,159.46,191.87,85.7,Ho Chi Minh,Kenya,Turkey,276840.29,33.73
BATCH01911,26-03-2021,Liberica,Sea,Central America,449.9433508,1072.12,Big Bag,13.20975866,14,285.39,198.39,349.21,137.2,Tema,Malaysia,Saudi Arabia,181547.42,39.39
BATCH01912,27-03-2021,Liberica,Sea,South America,208.3612747,869.2,Small Bag,6.193667844,24,205.16,149.95,476.04,187.8,Mumbai,Malaysia,Germany,173812.52,33.19
BATCH01913,28-03-2021,Arabica,Air,South America,414.892948,407.91,Large Crate,8.062406305,2,299.42,77.39,165.52,82.9,Mombasa,Colombia,New Zealand,77682.04,35.96
BATCH01914,29-03-2021,Liberica,Sea,Central America,87.23211681,1187.89,Small Bag,0.739494936,12,276.93,73.3,178.99,144.9,Ho Chi Minh,Colombia,South Korea,258177.94,15.91
BATCH01915,30-03-2021,Liberica,Sea,Central America,54.77300608,1242.45,Small Bag,0.035212108,10,172.76,54.38,303.63,77,Nairobi,Ivory Coast,Norway,91085,10.51
BATCH01916,31-03-2021,Arabica,Air,South America,189.2830314,400,Large Crate,3.671998095,3,293.25,124.55,140.6,72.6,Hambantota,Ivory Coast,Qatar,60041,23.89
BATCH01917,01-04-2021,Excelsa,Air,Africa,392.3429525,3187.11,Large Crate,10.20874639,3,176.97,184.71,137.62,89.4,Mumbai,India,Japan,726581.22,27.48
BATCH01918,02-04-2021,Liberica,Sea,South America,236.4948238,1472.4,Small Crate,1.8189734,21,116.01,151.05,475.17,147.3,Mombasa,Liberia,Norway,171425.02,19.59
BATCH01919,03-04-2021,Excelsa,Road,South America,134.7855263,3361.84,Small Crate,1.706429382,3,208.9,101.77,416.09,72.6,Tema,Colombia,Pakistan,515578.79,23.28
BATCH01920,04-04-2021,Robusta,Air,Asia,416.6014519,426.73,Small Bag,6.164409121,1,140.19,165.2,430.67,81.8,Ho Chi Minh,Malaysia,South Korea,87669.14,25.14
BATCH01921,05-04-2021,Arabica,Sea,Africa,394.7115276,1155.82,Small Crate,9.717555579,17,118.56,117.1,307.53,139.3,Mumbai,Mexico,Spain,193877.51,22.43
BATCH01922,06-04-2021,Excelsa,Sea,Africa,523.283809,3561.67,Small Bag,10.68107988,21,244.22,173.52,342.41,171.9,Ho Chi Minh,Ethiopia,Thailand,570929.8,35.16
BATCH01923,07-04-2021,Arabica,Air,Asia,224.9992674,982.72,Small Crate,2.676760111,4,298.08,157.34,348.71,88.4,Mombasa,Tanzania,Australia,200761.41,25.86
BATCH01924,08-04-2021,Excelsa,Road,Africa,153.8665373,3451.47,Large Crate,1.193822211,4,255.17,184.46,308.11,119.6,Nairobi,India,Pakistan,973137.88,49.66
BATCH01925,09-04-2021,Excelsa,Sea,Central America,602.0710719,3213.39,Large Crate,14.10595551,14,180.52,103.16,186.63,127.6,Nairobi,Liberia,Sweden,511487.37,10.15
BATCH01926,10-04-2021,Arabica,Air,Asia,273.4113618,1040.17,Small Bag,3.909995738,3,250.23,190.15,192.56,104.7,Tema,Mexico,Belgium,235630.6,27.08
BATCH01927,11-04-2021,Robusta,Sea,Central America,515.7398781,1093.65,Big Bag,12.80019746,12,293.03,139.04,337.49,131.4,Mumbai,Mexico,Spain,189109.67,23.2
BATCH01928,12-04-2021,Robusta,Road,South America,604.4508532,1098.55,Large Crate,12.95237176,10,254.07,72.27,402.74,83.9,Ho Chi Minh,Ghana,Saudi Arabia,97254.92,5.74
BATCH01929,13-04-2021,Robusta,Road,Asia,422.7155307,997.05,Small Bag,11.58783888,8,156.66,132,130.17,128.2,Nairobi,Colombia,Bangladesh,225164.54,49.52
BATCH01930,14-04-2021,Excelsa,Air,Africa,126.2294392,3027.67,Small Bag,2.5325041,1,297.84,157.54,473.55,105.2,Hambantota,Cameroon,Germany,818072.28,35.06
BATCH01931,15-04-2021,Excelsa,Road,South America,435.9991196,3064.01,Large Crate,12.32702189,11,251.57,68.01,195.92,136.6,Mumbai,Liberia,Germany,716081.29,21.11
BATCH01932,16-04-2021,Arabica,Sea,Central America,533.7764112,400,Large Crate,11.53875839,17,203.84,195.92,458.22,157.9,Mumbai,Ghana,China,80632.12,19.29
BATCH01933,17-04-2021,Robusta,Sea,South America,441.0633466,417.07,Small Bag,8.950844852,10,121.45,169.19,229.74,114.5,Tema,Ghana,China,79171.41,22.4
BATCH01934,18-04-2021,Liberica,Sea,Africa,225.4778209,1301.67,Small Bag,5.058030528,13,106.33,82.44,289.33,111.2,Tema,Uganda,Saudi Arabia,185836.1,8.69
BATCH01935,19-04-2021,Robusta,Air,Asia,100.3963075,1046.51,Large Crate,3.937629064,4,235.25,178.53,305.65,68.6,Nairobi,Philippines,South Africa,121277.24,30.23
BATCH01936,20-04-2021,Excelsa,Air,Asia,144.5578936,3288.91,Big Bag,1.828338181,3,282.41,137.59,295.43,73.2,Mombasa,Tanzania,Canada,554314.31,35.07
BATCH01937,21-04-2021,Robusta,Sea,Asia,278.7274647,812.29,Small Crate,7.646356004,19,260.16,69.42,418.32,188.6,Tema,Kenya,Argentina,204344.76,20.79
BATCH01938,22-04-2021,Liberica,Sea,Central America,338.6705954,1522.7,Small Crate,8.778913133,21,126.82,57.84,414.55,165.9,Mumbai,Ivory Coast,UAE,261976.69,31.1
BATCH01939,23-04-2021,Arabica,Air,Africa,208.9820933,1684.62,Small Crate,5.390084858,1,194.68,157.19,259.96,104,Mombasa,Ethiopia,Japan,494055.92,38.97
BATCH01940,24-04-2021,Arabica,Sea,South America,233.4346766,962.28,Big Bag,7.130386015,19,124.74,109.57,317.86,193.4,Mumbai,Liberia,Qatar,264383.15,18.33
BATCH01941,25-04-2021,Excelsa,Road,Asia,357.7417242,3415.89,Small Bag,5.452716861,7,200.25,70.88,268.23,103.7,Tema,Cameroon,Saudi Arabia,687727.22,30.39
BATCH01942,26-04-2021,Arabica,Road,South America,354.2693156,400,Small Bag,9.61509086,9,183.28,74.25,206.08,76.8,Nairobi,Liberia,Pakistan,37619.59,11.7
BATCH01943,27-04-2021,Robusta,Road,Africa,576.2000337,754.49,Small Crate,13.51888812,7,186.63,137.64,469.92,128,Ho Chi Minh,Vietnam,Poland,216596.65,47
BATCH01944,28-04-2021,Liberica,Sea,South America,162.6955724,1052.43,Small Bag,2.458803931,7,296.73,100.82,199.82,112.1,Hambantota,Indonesia,Chile,210261.38,19.77
BATCH01945,29-04-2021,Robusta,Sea,South America,215.0937542,1250.34,Big Bag,5.721132149,22,151.45,147.5,291.05,141.5,Nairobi,Kenya,Thailand,116112.69,15.41
BATCH01946,30-04-2021,Liberica,Sea,Central America,188.8442913,1042.73,Small Bag,2.113029059,9,234.91,74.71,193.5,121.8,Hambantota,Ethiopia,France,188902.48,48.8
BATCH01947,01-05-2021,Excelsa,Sea,Africa,361.6718538,3115.67,Small Crate,9.374156556,16,168.29,84.08,233.83,157.4,Mombasa,Indonesia,Egypt,706737.63,26.06
BATCH01948,02-05-2021,Arabica,Road,Asia,417.636674,2536.9,Big Bag,10.93305764,7,191.93,83.81,120.34,108.8,Nairobi,Ivory Coast,UAE,554924.47,14.56
BATCH01949,03-05-2021,Excelsa,Road,Africa,526.6060264,3556.21,Large Crate,13.97869099,7,282.5,73.2,217.41,125,Nairobi,Mexico,Bangladesh,778111.66,58.16
BATCH01950,04-05-2021,Robusta,Road,Asia,184.881725,1058.03,Large Crate,4.183078894,5,109.73,121.63,276.03,96.4,Mumbai,Papua New Guinea,Argentina,203363.87,45.49
BATCH01951,05-05-2021,Arabica,Sea,Africa,446.5382249,1239.67,Large Crate,14.25316809,7,235.19,157.01,484.21,107.3,Hambantota,Honduras,Canada,223085.8,20.36
BATCH01952,06-05-2021,Arabica,Sea,Africa,125.9047216,1029.11,Large Crate,0.948940077,16,284.74,92.32,195.66,151.7,Hambantota,Ivory Coast,Sweden,218178.05,37.09
BATCH01953,07-05-2021,Arabica,Sea,Asia,419.5521236,1215.82,Small Bag,9.04520795,16,103.52,99.54,453.63,169.7,Hambantota,Ivory Coast,Turkey,257279.21,23.73
BATCH01954,08-05-2021,Robusta,Sea,Central America,80.63016076,1152.55,Small Crate,0.85699079,20,199.7,87.8,123.98,147.1,Mombasa,Honduras,Saudi Arabia,151439.34,15.92
BATCH01955,09-05-2021,Robusta,Air,Africa,509.8964978,647.19,Big Bag,13.40661282,4,151.92,116.18,270.37,71.3,Tema,Liberia,Russia,97886.56,14.75
BATCH01956,10-05-2021,Liberica,Road,Central America,413.6894331,1510.74,Small Bag,7.947135856,7,220.7,160.2,328.31,107,Mumbai,Colombia,Qatar,260239.69,24.75
BATCH01957,11-05-2021,Excelsa,Sea,Central America,396.7185135,3024.58,Small Bag,10.04022526,7,151.79,79.35,487.3,65.9,Hambantota,Guatemala,Australia,251556.71,6.04
BATCH01958,12-05-2021,Arabica,Road,South America,478.5129852,536.77,Small Bag,12.47360889,10,148.02,61.88,490.34,126.2,Mombasa,Vietnam,Netherlands,117789.38,16.92
BATCH01959,13-05-2021,Arabica,Sea,Africa,170.4003978,2246.89,Small Crate,2.254659337,15,176.78,113.78,385.41,107.1,Nairobi,Vietnam,Egypt,177125.47,16.03
BATCH01960,14-05-2021,Liberica,Air,South America,83.24898158,913.73,Large Crate,0.578873429,2,114.53,154.64,344.54,74.5,Hambantota,Uganda,Russia,170224.21,38.03
BATCH01961,15-05-2021,Excelsa,Road,South America,445.8287897,2936.62,Small Bag,13.18321719,3,155.71,83.26,376.12,95.4,Hambantota,Tanzania,China,707602.74,24.72
BATCH01962,16-05-2021,Robusta,Road,South America,192.2568339,619.86,Large Crate,4.723998412,5,126.23,60.04,345.35,52.6,Mumbai,Ghana,Germany,49029.66,12.83
BATCH01963,17-05-2021,Arabica,Sea,Central America,176.4496684,1476.6,Large Crate,1.934683619,8,139.92,133.98,460.8,113.8,Mumbai,Cameroon,UAE,340600.57,19.68
BATCH01964,18-05-2021,Arabica,Road,Asia,348.7011748,400,Large Crate,7.026918556,9,224.17,119.64,182.7,103.5,Mumbai,India,Poland,65669.99,22.01
BATCH01965,19-05-2021,Liberica,Sea,South America,409.491846,1272.4,Large Crate,8.974591135,14,168.61,90.03,151,141.1,Ho Chi Minh,Liberia,Egypt,231649.18,32.51
BATCH01966,20-05-2021,Liberica,Air,Central America,95.00962885,1459.83,Big Bag,0.464559051,4,130.42,95.48,489.37,71,Nairobi,Kenya,Norway,185342.45,33.04
BATCH01967,21-05-2021,Arabica,Air,Africa,278.3684733,400,Large Crate,4.123434874,3,168.94,66.66,392.57,78,Mombasa,Colombia,Qatar,59773.83,35.96
BATCH01968,22-05-2021,Liberica,Air,Africa,130.1281344,1175.61,Small Bag,0.491998114,2,242.16,71.44,191.08,68.5,Mumbai,Liberia,Australia,162190.6,36.52
BATCH01969,23-05-2021,Excelsa,Sea,South America,292.6880362,3078.72,Small Bag,6.305030838,20,160.28,84.01,204.43,162.1,Ho Chi Minh,Guatemala,Thailand,509225.11,38.04
BATCH01970,24-05-2021,Robusta,Sea,South America,335.8271799,1154.56,Big Bag,13.42650044,13,236.32,63.33,259.76,147.5,Mumbai,Mexico,Spain,221545.9,16.18
BATCH01971,25-05-2021,Excelsa,Air,South America,501.3231046,3216.08,Small Crate,14.73978617,3,216.27,148.88,404.87,75.9,Ho Chi Minh,Colombia,Pakistan,482273.03,18.73
BATCH01972,26-05-2021,Arabica,Road,South America,310.616504,473.97,Small Crate,9.555713303,12,275.74,165.6,104.94,137.7,Ho Chi Minh,Mexico,Thailand,97522.44,29.62
BATCH01973,27-05-2021,Excelsa,Road,South America,204.0906376,3210.59,Big Bag,2.424565407,8,275.48,186.37,425.22,110.5,Hambantota,Honduras,UAE,610139.04,15.5
BATCH01974,28-05-2021,Excelsa,Road,South America,512.3838921,3269.73,Big Bag,13.58774085,5,196.78,158.01,221.36,84.1,Ho Chi Minh,Mexico,Netherlands,482442.72,26.09
BATCH01975,29-05-2021,Liberica,Air,Asia,278.7122011,1467.63,Small Crate,7.743717348,3,199.02,156.09,442.27,49.8,Mombasa,Vietnam,South Korea,152373.56,18.5
BATCH01976,30-05-2021,Arabica,Air,Africa,184.4053184,1606.63,Large Crate,2.306239682,1,284.05,195.47,388.06,93.5,Nairobi,India,New Zealand,363984.91,21.6
BATCH01977,31-05-2021,Robusta,Sea,Africa,443.6023829,400,Small Crate,13.82590004,18,274.45,173.23,482.54,144.6,Hambantota,Ghana,Argentina,65901.18,10.98
BATCH01978,01-06-2021,Robusta,Sea,Asia,388.6729179,777.46,Large Crate,11.36203576,24,281.92,91.43,337.44,165,Tema,Guatemala,Poland,106413.07,16.04
BATCH01979,02-06-2021,Robusta,Sea,Central America,393.7563062,783.82,Large Crate,10.97557909,20,134.64,101.91,387.77,200.5,Hambantota,Tanzania,Qatar,193483.53,34.66
BATCH01980,03-06-2021,Liberica,Sea,South America,446.1381328,1325.57,Big Bag,10.63771056,22,108.93,182.94,173.38,185.3,Tema,Colombia,Canada,245560.95,30.69
BATCH01981,04-06-2021,Excelsa,Road,South America,260.1250035,3391.86,Large Crate,3.005097316,10,201.17,81.91,295.62,95.6,Hambantota,Papua New Guinea,Japan,375685.95,26.88
BATCH01982,05-06-2021,Arabica,Road,Central America,165.6525889,2015.24,Large Crate,3.165100376,9,142.42,161.9,251.48,109.2,Ho Chi Minh,Papua New Guinea,China,404721.39,33.06
BATCH01983,06-06-2021,Robusta,Air,South America,475.8547814,1216.43,Big Bag,10.32439498,3,230.93,169.55,437.67,98.7,Hambantota,Uganda,UAE,273964.37,20.24
BATCH01984,07-06-2021,Robusta,Air,Africa,201.2454151,869.8,Small Bag,3.295841252,3,263.56,97.63,388.8,78,Tema,Peru,Chile,152605.43,38.94
BATCH01985,08-06-2021,Arabica,Air,Central America,309.2091716,578.64,Small Bag,6.580075452,1,177.52,99.06,124.65,76.7,Mombasa,Honduras,China,103243.58,28.72
BATCH01986,09-06-2021,Liberica,Sea,Central America,448.7105936,838.02,Small Bag,11.73002738,25,161.66,159.41,389.23,176,Tema,Colombia,Singapore,101687.42,19.75
BATCH01987,10-06-2021,Liberica,Air,Central America,442.9129455,1075.6,Small Bag,11.75928777,1,242.76,187.77,339.01,61.7,Hambantota,Peru,Saudi Arabia,167898.75,35.03
BATCH01988,11-06-2021,Liberica,Road,Africa,325.9327995,1226,Small Bag,6.798926588,7,247.68,50,299.31,144.5,Ho Chi Minh,Peru,Singapore,348301.59,53.36
BATCH01989,12-06-2021,Excelsa,Sea,South America,493.5015315,2969.54,Small Bag,11.88284907,9,161.7,90.99,206,131.1,Mumbai,Indonesia,France,774965.35,14.97
BATCH01990,13-06-2021,Robusta,Road,South America,433.1492431,807.9,Large Crate,12.57932694,8,278.83,57.9,226.4,127.6,Tema,Kenya,Canada,204547.82,17.46
BATCH01991,14-06-2021,Arabica,Air,Asia,385.1840646,2399.89,Small Bag,9.821636269,3,250.75,149.16,476.15,120.9,Tema,Brazil,Sweden,668261.14,43
BATCH01992,15-06-2021,Liberica,Road,Central America,286.2553884,991.41,Big Bag,3.426387785,6,123.26,157.89,130.65,128.1,Tema,Ghana,Belgium,245844.21,34.7
BATCH01993,16-06-2021,Excelsa,Air,South America,232.1647339,3361.19,Big Bag,4.110176706,1,188,120.1,262.66,81.5,Mombasa,Guatemala,USA,676460.25,16.48
BATCH01994,17-06-2021,Liberica,Air,Asia,256.0132127,919.81,Big Bag,4.722617331,3,193.28,92.38,130.68,91.5,Tema,Indonesia,Italy,198861.9,40.25
BATCH01995,18-06-2021,Excelsa,Road,South America,210.9252754,3208.74,Small Crate,1.752061616,8,153.54,159.89,388.39,144.1,Tema,Kenya,Belgium,845363.07,43.12
BATCH01996,19-06-2021,Robusta,Air,South America,197.8596042,789.37,Small Bag,4.097394306,1,122.64,96.68,359.54,75.8,Nairobi,Honduras,China,167008.55,36.69
BATCH01997,20-06-2021,Liberica,Sea,South America,192.5856198,809.49,Big Bag,3.142788365,19,210.67,94.23,117.32,143.9,Mumbai,Indonesia,France,118186.32,19.06
BATCH01998,21-06-2021,Arabica,Road,South America,345.7401822,984.9,Big Bag,6.829931247,10,273.81,182.65,246.45,128,Mumbai,India,Netherlands,178421.22,37.24
BATCH01999,22-06-2021,Liberica,Air,Africa,570.7420081,1031.85,Small Bag,13.62656322,3,197.48,130.76,104.91,105.9,Tema,Ghana,UAE,296480.41,44.85
BATCH02000,23-06-2021,Excelsa,Sea,South America,50,2880.68,Small Bag,1.567204751,8,204.43,152.21,219.06,85.9,Mombasa,Papua New Guinea,Japan,369563.48,10.34
BATCH02001,24-06-2021,Robusta,Road,Central America,387.2871262,1383.96,Small Bag,10.80401886,3,165.34,114.39,443.38,99,Hambantota,Indonesia,South Korea,355685.56,14.8
BATCH02002,25-06-2021,Arabica,Sea,Africa,359.3590867,1488.3,Big Bag,10.30924507,15,205.68,117.15,373.2,182.4,Nairobi,Papua New Guinea,New Zealand,489307.44,28.18
BATCH02003,26-06-2021,Liberica,Sea,Central America,136.8981342,1230.23,Small Bag,1.43631298,18,201.31,58.89,468.03,125.4,Hambantota,Colombia,Spain,112376.94,21.54
BATCH02004,27-06-2021,Excelsa,Sea,South America,469.0239434,3297.75,Big Bag,13.83858607,21,260.47,111.66,417.61,147.9,Hambantota,Colombia,Australia,409335.68,24.96
BATCH02005,28-06-2021,Excelsa,Sea,Africa,389.0177659,3122.78,Small Bag,8.527083032,20,180.39,149.32,353.45,196,Mumbai,Peru,USA,748587.05,39.9
BATCH02006,29-06-2021,Arabica,Sea,Central America,272.2970016,1465.71,Large Crate,5.455882817,15,196.15,86.55,437.37,122.4,Nairobi,India,New Zealand,189054.63,10.93
BATCH02007,30-06-2021,Robusta,Air,Central America,484.901871,604.73,Small Crate,11.34807875,4,142.65,60.47,433.77,141.8,Nairobi,Tanzania,Australia,171086.92,51.47
BATCH02008,01-07-2021,Excelsa,Road,Asia,263.4648541,3022.57,Small Crate,3.860481876,9,113.32,84.13,251.22,150,Nairobi,Brazil,USA,803404.81,48.01
BATCH02009,02-07-2021,Excelsa,Air,Africa,446.0337276,3083.76,Large Crate,10.40264756,4,290.09,193.63,396.25,91.1,Tema,Uganda,France,649486.39,19.71
BATCH02010,03-07-2021,Arabica,Air,Asia,101.0805159,468.05,Small Bag,0.595668114,3,201.43,122.79,497.56,111,Mombasa,Ethiopia,Singapore,126375.8,33.02
BATCH02011,04-07-2021,Excelsa,Sea,Africa,482.9474939,3505.87,Small Bag,12.59112056,8,280.63,167.65,398.23,105.7,Tema,Ivory Coast,New Zealand,636309.25,26.91
BATCH02012,05-07-2021,Excelsa,Road,South America,278.6331859,3388.07,Big Bag,6.722562705,11,134.6,187.4,119.38,98.2,Mombasa,Cameroon,South Africa,355614.7,13.17
BATCH02013,06-07-2021,Arabica,Sea,Africa,318.2750458,2136.08,Large Crate,9.550393715,20,251.49,76.23,477.73,174.7,Tema,India,Belgium,392613.77,41.09
BATCH02014,07-07-2021,Liberica,Road,Central America,247.2464113,1264.98,Small Bag,3.318567297,4,118.07,150.44,447.38,62.9,Nairobi,India,Australia,138508.61,10.42
BATCH02015,08-07-2021,Robusta,Road,Africa,400.4799393,762.19,Big Bag,10.15610569,7,138.47,148.29,308.93,75.5,Mumbai,Honduras,Germany,92963.4,16.03
BATCH02016,09-07-2021,Liberica,Air,Asia,372.3775259,1153.86,Large Crate,11.58360414,3,248.33,53.31,100.43,83.4,Mombasa,Brazil,Saudi Arabia,202085.67,13.78
BATCH02017,10-07-2021,Arabica,Road,Asia,339.7934127,1251.78,Big Bag,7.098197803,7,275.31,90.04,393.24,114.2,Hambantota,Ivory Coast,Norway,246980.59,16.1
BATCH02018,11-07-2021,Robusta,Air,Central America,366.7796699,765.92,Small Bag,9.265903861,3,102.17,135.58,309.59,73.2,Ho Chi Minh,India,Spain,131623.49,35.6
BATCH02019,12-07-2021,Liberica,Air,South America,202.3564671,1366.6,Big Bag,6.844888857,1,110.95,55.92,182.81,67.1,Hambantota,Vietnam,Saudi Arabia,254181.4,14.09
BATCH02020,13-07-2021,Arabica,Air,Asia,433.6546525,641.46,Large Crate,13.41137054,1,198.14,82.38,396.74,91.4,Nairobi,Ivory Coast,Netherlands,169191.39,57.42
BATCH02021,14-07-2021,Arabica,Sea,Africa,289.0105733,400,Big Bag,7.468037708,17,178.47,119.21,239.35,135.7,Mombasa,Uganda,New Zealand,60167.27,15.14
BATCH02022,15-07-2021,Robusta,Air,Africa,489.339522,849.12,Small Crate,12.62713064,3,299.55,90.09,440.41,68.7,Nairobi,Tanzania,Italy,117655.39,19.46
BATCH02023,16-07-2021,Arabica,Air,Asia,500.0094255,1533.12,Large Crate,12.02028087,3,297.74,168.97,206.95,85.5,Ho Chi Minh,India,South Korea,319893.44,16.72
BATCH02024,17-07-2021,Robusta,Sea,Central America,322.4156161,996.95,Big Bag,6.15757232,15,116.37,120.09,270.07,98.7,Mumbai,India,Qatar,71065.75,6.77
BATCH02025,18-07-2021,Robusta,Road,Africa,233.6811691,1520.38,Big Bag,3.451267378,9,282.16,122.78,448.61,121.5,Nairobi,Mexico,Pakistan,320813.04,19.66
BATCH02026,19-07-2021,Liberica,Sea,Africa,281.0188411,1321.24,Big Bag,6.091231988,23,248.08,150.63,323.6,190.3,Ho Chi Minh,Brazil,Russia,290923.42,45.79
BATCH02027,20-07-2021,Arabica,Road,Africa,557.9094346,704.36,Small Crate,12.39326064,11,203.59,139.96,191.7,119.8,Hambantota,Kenya,South Korea,105843.61,14.49
BATCH02028,21-07-2021,Robusta,Road,Africa,237.4282033,740.2,Large Crate,3.414488037,10,120.09,172.66,245.49,112.7,Tema,Guatemala,Thailand,126204.69,27.19
BATCH02029,22-07-2021,Excelsa,Sea,Central America,347.1016241,3251.09,Large Crate,7.866545188,7,116.2,183.98,309.01,98.3,Hambantota,Ghana,Japan,561796.03,12.02
BATCH02030,23-07-2021,Liberica,Air,Asia,491.0729419,1099.19,Small Crate,12.09145122,4,274.66,184.63,221.3,75.5,Mombasa,Papua New Guinea,South Korea,153789.49,9.29
BATCH02031,24-07-2021,Liberica,Air,Africa,239.1131136,1662.5,Large Crate,5.302162127,4,242.74,125.32,287.93,59.6,Ho Chi Minh,Ghana,Turkey,168261.05,10.52
BATCH02032,25-07-2021,Arabica,Sea,Africa,386.1321566,1263.58,Small Bag,9.633144555,19,252.91,140.43,367.32,147.5,Tema,Colombia,UAE,206950.05,22.6
BATCH02033,26-07-2021,Robusta,Sea,Central America,106.4365063,818.49,Small Bag,3.684473611,8,112.64,177.37,227.75,82.9,Mumbai,Peru,Thailand,103569.03,8.11
BATCH02034,27-07-2021,Arabica,Road,Africa,129.8383673,1448.83,Big Bag,1.639191681,7,111.36,101.61,171.84,112.4,Hambantota,Honduras,Japan,276112.81,36.7
BATCH02035,28-07-2021,Robusta,Road,South America,545.4673021,1026.96,Small Bag,11.91576338,11,254.83,195.85,185.91,155.8,Hambantota,Malaysia,Belgium,244198.72,53.58
BATCH02036,29-07-2021,Excelsa,Sea,South America,151.9546444,3291.16,Small Crate,1.484529351,12,132.38,108.56,261.51,103.8,Hambantota,Ivory Coast,South Korea,345360.69,28.64
BATCH02037,30-07-2021,Excelsa,Air,Africa,227.4586167,3068.92,Large Crate,4.070720926,3,291.24,104.3,172.83,62.4,Nairobi,Uganda,Italy,367885.39,19.99
BATCH02038,31-07-2021,Robusta,Air,Central America,534.7294447,1011.56,Small Crate,12.82664133,4,131.43,123.19,364.79,107,Ho Chi Minh,Malaysia,Qatar,272091.12,42.96
BATCH02039,01-08-2021,Robusta,Sea,Africa,273.80245,1414.72,Small Bag,5.197039306,13,275.41,185.4,234.33,125.3,Hambantota,Colombia,Thailand,212448.48,14.41
BATCH02040,02-08-2021,Arabica,Road,Central America,498.5462171,1284.29,Small Bag,14.59568024,8,271.81,69.97,422.76,125.8,Hambantota,Indonesia,Belgium,296627.62,14.93
BATCH02041,03-08-2021,Arabica,Sea,South America,542.0633263,1751.23,Large Crate,14.69601502,19,222.82,143.41,306.62,141.5,Mombasa,Ghana,Canada,232624.47,22.12
BATCH02042,04-08-2021,Robusta,Air,Central America,163.963253,665.61,Small Bag,4.024140307,2,202.22,119.75,120.33,72.7,Mumbai,Papua New Guinea,France,126078.25,32.46
BATCH02043,05-08-2021,Arabica,Road,Asia,127.6208085,785.44,Small Crate,0.614673334,11,233.07,80.89,346.52,79,Hambantota,Kenya,South Korea,50157.2,14.05
BATCH02044,06-08-2021,Arabica,Road,Africa,375.3909803,1084.96,Small Bag,10.57594926,10,262.36,98.88,144.21,85.7,Mumbai,Kenya,Chile,101406.13,10.05
BATCH02045,07-08-2021,Arabica,Road,Central America,349.3586568,2060.5,Large Crate,6.76479754,4,207.99,156.25,436.11,36.8,Hambantota,Vietnam,Pakistan,99550.19,5.45
BATCH02046,08-08-2021,Liberica,Sea,South America,119.8267487,1361.85,Large Crate,1.511292659,17,152.98,145.13,447.77,133.3,Mombasa,Guatemala,Spain,192067.14,15.8
BATCH02047,09-08-2021,Liberica,Air,South America,377.1500731,988.81,Small Bag,10.61284228,2,146.82,167.96,340.7,54.7,Hambantota,Liberia,Turkey,124522.9,7.73
BATCH02048,10-08-2021,Liberica,Air,Asia,108.3871097,1477.3,Large Crate,0.467623637,1,103.98,117.25,312.01,63.8,Nairobi,Cameroon,Thailand,262894.29,29.99
BATCH02049,11-08-2021,Liberica,Air,South America,509.8581017,1147.54,Large Crate,13.05295036,1,268.23,82.16,291.87,66.8,Hambantota,Tanzania,Netherlands,219137.33,29.8
BATCH02050,12-08-2021,Excelsa,Road,Asia,102.0270383,3316.37,Big Bag,2.079787937,8,276.56,99.37,206.17,105.7,Ho Chi Minh,Colombia,UK,674757.95,38.36
BATCH02051,13-08-2021,Arabica,Sea,Central America,131.2270156,740.64,Large Crate,1.909678181,16,128.72,65.3,125.78,136.1,Mumbai,Colombia,South Korea,129733.57,18.82
BATCH02052,14-08-2021,Excelsa,Air,Asia,184.3106494,3391.93,Small Crate,2.63508447,2,143.27,133.08,311.24,76.6,Hambantota,India,Canada,692104.19,18.32
BATCH02053,15-08-2021,Robusta,Air,South America,599.0382888,434.38,Big Bag,14.40399538,4,136.19,142.97,456.01,92.3,Mombasa,Peru,Norway,88156.02,13.06
BATCH02054,16-08-2021,Excelsa,Air,Central America,285.4904239,3034.69,Large Crate,10.3975404,1,212.35,199.06,315.71,58.1,Mumbai,Uganda,UK,466526.97,27.47
BATCH02055,17-08-2021,Arabica,Sea,Asia,491.3753511,499.11,Large Crate,12.02057303,12,165.32,53.37,126.49,137.1,Nairobi,Papua New Guinea,New Zealand,108548.79,47.93
BATCH02056,18-08-2021,Arabica,Sea,Asia,259.7574654,1284.45,Large Crate,5.964524786,7,283.42,189.51,296.87,100.4,Mumbai,Cameroon,Pakistan,248337.86,39.92
BATCH02057,19-08-2021,Robusta,Sea,Central America,226.61021,670.28,Small Crate,5.044690913,17,213.6,72.18,387.28,150.1,Tema,Papua New Guinea,Poland,128628.13,21
BATCH02058,20-08-2021,Liberica,Air,South America,171.461455,1389.95,Large Crate,3.517260102,2,220.31,139.97,484.64,168.7,Ho Chi Minh,Ghana,Bangladesh,513685.32,100.51
BATCH02059,21-08-2021,Robusta,Sea,Central America,298.0968336,951.46,Small Bag,7.209720425,15,180.32,161.85,444.09,112.5,Hambantota,Ethiopia,Pakistan,109708,10.05
BATCH02060,22-08-2021,Robusta,Road,Central America,379.3637901,1309.83,Small Crate,8.277431003,4,161.72,121.01,281.37,82.7,Tema,Malaysia,Pakistan,221093.59,20.84
BATCH02061,23-08-2021,Liberica,Sea,Africa,357.4593561,1361.36,Small Crate,9.476622655,10,268.33,181.91,284.26,108.5,Hambantota,India,Chile,198256.48,13.21
BATCH02062,24-08-2021,Robusta,Road,Asia,298.6329276,858.82,Small Bag,3.85677756,4,262.1,161.65,252.48,104.9,Hambantota,Kenya,South Africa,203376.57,43.42
BATCH02063,25-08-2021,Robusta,Air,Central America,558.0876756,974.86,Large Crate,14.22981121,2,248.49,177.73,145.79,94,Hambantota,Ivory Coast,Chile,242267.93,42.87
BATCH02064,26-08-2021,Arabica,Sea,Africa,186.2899305,1586.36,Small Crate,2.546377473,7,272.48,98.52,197.48,59.9,Mombasa,Papua New Guinea,Pakistan,123139.04,5.22
BATCH02065,27-08-2021,Robusta,Sea,South America,526.2411228,747.53,Large Crate,14.48479762,8,243.89,163.02,223.92,81.4,Hambantota,Mexico,France,91099.56,27.09
BATCH02066,28-08-2021,Arabica,Road,Asia,166.1779653,894.63,Big Bag,0.222841838,8,160.34,131.41,391.23,141.1,Mumbai,Honduras,UAE,225293.17,28.72
BATCH02067,29-08-2021,Liberica,Air,Central America,383.3075457,1128.35,Large Crate,7.216885377,4,173.46,186.38,330.33,87.2,Tema,Indonesia,New Zealand,178675.26,20.06
BATCH02068,30-08-2021,Robusta,Air,Central America,191.9464198,1142.35,Small Bag,5.000517572,1,115.86,191.93,444.55,38.3,Ho Chi Minh,Ethiopia,New Zealand,105721.99,13.99
BATCH02069,31-08-2021,Liberica,Sea,Africa,267.010631,1353.83,Big Bag,6.736851209,19,171.3,108.81,286.65,192.5,Mumbai,India,Netherlands,351236.69,16.83
BATCH02070,01-09-2021,Excelsa,Sea,Asia,388.5305709,3315.4,Large Crate,8.559968685,20,104.04,102.49,349.45,146.8,Tema,Brazil,New Zealand,407887.59,14.6
BATCH02071,02-09-2021,Liberica,Air,Central America,342.8491683,850.99,Small Bag,6.53383737,3,114.26,161.12,440.99,64.2,Mombasa,Honduras,Egypt,102495.47,19.08
BATCH02072,03-09-2021,Arabica,Sea,South America,271.6640552,1314.63,Small Bag,6.222702755,14,178.53,76.59,394.4,114.1,Tema,Malaysia,Pakistan,167363.93,21.83
BATCH02073,04-09-2021,Robusta,Road,Asia,392.603294,497.92,Small Bag,10.99085123,10,251.49,99.39,104.54,74.6,Mumbai,Honduras,Saudi Arabia,28867.14,14.56
BATCH02074,05-09-2021,Liberica,Sea,Africa,412.5749551,1127.18,Small Crate,10.28814413,15,201.47,186.26,171.88,146.1,Mumbai,Colombia,Chile,207664.95,47.19
BATCH02075,06-09-2021,Arabica,Sea,Africa,548.8067485,1837.08,Large Crate,12.49906923,24,292.41,108.72,494.57,194.1,Ho Chi Minh,Mexico,France,429981.72,41.85
BATCH02076,07-09-2021,Robusta,Sea,Central America,214.5332546,415.34,Small Crate,3.749384719,11,198.12,78.34,472.79,89.8,Hambantota,Peru,Sweden,44931.71,8.62
BATCH02077,08-09-2021,Robusta,Air,Asia,311.0907909,769.64,Big Bag,9.142927646,3,199.07,158.35,158.81,49.2,Hambantota,Uganda,New Zealand,79276.73,22.41
BATCH02078,09-09-2021,Arabica,Sea,Africa,368.8168148,1252.41,Small Bag,8.777921781,14,217.91,87.19,225.58,108.1,Tema,India,Chile,139330.47,13.5
BATCH02079,10-09-2021,Excelsa,Sea,Africa,305.5194185,2922.4,Small Bag,5.546067163,11,287.98,95.97,219.77,88.9,Nairobi,Kenya,Chile,293213.36,18.75
BATCH02080,11-09-2021,Robusta,Road,Africa,313.6570283,464.58,Large Crate,7.290863129,7,254.92,119.14,413.42,85.4,Mombasa,Philippines,Spain,64689.12,26.98
BATCH02081,12-09-2021,Arabica,Sea,South America,304.1103051,777.93,Large Crate,4.70673215,18,110.25,135.98,337.48,152.7,Mumbai,Ivory Coast,Bangladesh,122830.59,26.21
BATCH02082,13-09-2021,Liberica,Sea,Central America,207.1224307,1340.84,Big Bag,2.127665964,14,185.92,148.18,268.48,121.9,Ho Chi Minh,Liberia,Bangladesh,194126.75,22.33
BATCH02083,14-09-2021,Robusta,Air,Africa,193.1225986,578.79,Big Bag,3.20701816,3,207.53,166.02,453.27,64.8,Tema,Brazil,UAE,88461.65,15.56
BATCH02084,15-09-2021,Robusta,Sea,South America,149.6383419,1493.84,Small Crate,1.582704696,24,158.02,194.02,138.55,189.3,Tema,Liberia,Russia,261579.12,33.05
BATCH02085,16-09-2021,Excelsa,Air,South America,315.2933236,3338.61,Small Crate,10.24604363,1,181.11,111.45,191.05,79.4,Mumbai,Guatemala,South Africa,736335.49,29.84
BATCH02086,17-09-2021,Excelsa,Air,Africa,457.8386631,3075.77,Small Bag,9.910910897,2,238,58.93,468.48,90.1,Mombasa,Ghana,Italy,647915.9,29.56
BATCH02087,18-09-2021,Excelsa,Air,Asia,511.2969998,3011.53,Large Crate,14.25909557,2,208.16,152.76,469.98,91,Ho Chi Minh,Mexico,France,568257.54,20.72
BATCH02088,19-09-2021,Excelsa,Sea,Africa,408.3574492,2952.71,Large Crate,10.9451762,15,159.1,191.34,406.82,130.8,Hambantota,Ethiopia,Turkey,487903.22,20.84
BATCH02089,20-09-2021,Excelsa,Air,Central America,95.92794711,3128.41,Large Crate,0.780687581,4,113.63,110.61,294.73,92,Nairobi,Kenya,Egypt,547486.23,29.69
BATCH02090,21-09-2021,Arabica,Air,Central America,520.7452064,400,Big Bag,13.26367761,1,258.58,128.52,124.93,53.9,Tema,Philippines,South Africa,54202.07,11.08
BATCH02091,22-09-2021,Robusta,Air,Central America,431.7691733,928.88,Big Bag,12.94012744,3,165.53,181.97,390.16,112.2,Nairobi,Malaysia,Thailand,221858.96,64.67
BATCH02092,23-09-2021,Robusta,Air,Asia,250.2855053,1120.35,Big Bag,6.649804812,2,260.02,101.16,211.19,99.7,Tema,Honduras,France,307512.72,55.37
BATCH02093,24-09-2021,Arabica,Sea,Asia,361.0121177,1348.13,Big Bag,8.787945758,24,209.71,187.66,462.38,189.3,Tema,Honduras,Italy,226285.32,26.87
BATCH02094,25-09-2021,Liberica,Air,South America,507.909583,1219.32,Small Bag,14.64117499,3,237.4,65.24,436.53,101.4,Ho Chi Minh,Colombia,Russia,318719.54,24.51
BATCH02095,26-09-2021,Arabica,Road,South America,356.2986424,1822.37,Small Crate,7.984565458,10,264.82,90.12,315.65,108.5,Mombasa,Ethiopia,Chile,262188.39,15.15
BATCH02096,27-09-2021,Excelsa,Road,Central America,477.9003588,3195.9,Small Bag,13.57982743,6,152.86,108.48,268.89,113.4,Mumbai,Indonesia,Poland,701240.81,29.3
BATCH02097,28-09-2021,Arabica,Sea,Asia,217.1192542,1220.76,Big Bag,1.245581367,25,283.01,129.29,448.16,169.1,Tema,Ivory Coast,France,144326.06,16.51
BATCH02098,29-09-2021,Liberica,Sea,Central America,220.6462163,1034.05,Big Bag,2.865778031,15,274.56,166.58,288.97,131.4,Tema,Guatemala,Saudi Arabia,179931.81,14.36
BATCH02099,30-09-2021,Liberica,Air,South America,332.3840352,1321.4,Small Bag,6.611324152,4,155.61,70.95,123.82,22.4,Mombasa,Ghana,Russia,9458.47,0.71
BATCH02100,01-10-2021,Robusta,Road,Central America,332.8924761,1079.04,Big Bag,8.771352125,4,156.6,117.19,297.88,67.7,Hambantota,India,Australia,128036.18,15.62
BATCH02101,02-10-2021,Arabica,Road,Central America,587.5865171,421.08,Big Bag,12.24341778,3,292.17,182.27,118.98,109.5,Nairobi,Uganda,Germany,93472.26,27.59
BATCH02102,03-10-2021,Arabica,Sea,South America,522.7674011,1540.07,Small Bag,14.82393173,15,272.62,123.82,463.58,133.2,Tema,Peru,South Africa,232049.92,12.4
BATCH02103,04-10-2021,Arabica,Sea,South America,239.2926595,400,Small Bag,5.832772447,23,166.24,55.07,198.44,161.8,Ho Chi Minh,Ivory Coast,Bangladesh,49338.45,26.87
BATCH02104,05-10-2021,Arabica,Air,South America,156.6741661,843.57,Small Crate,0.711234542,3,277.48,157.35,278.41,47.7,Ho Chi Minh,Ghana,Sweden,72798.36,7.09
BATCH02105,06-10-2021,Excelsa,Air,South America,470.2885831,3033.61,Large Crate,12.01757255,2,169.69,69.64,207.66,86.5,Tema,Liberia,Germany,718886.43,35.61
BATCH02106,07-10-2021,Excelsa,Sea,Asia,331.0521081,3298.79,Small Crate,9.065710786,13,148.29,155.51,106.6,108.2,Nairobi,Liberia,Singapore,355750.29,11.76
BATCH02107,08-10-2021,Excelsa,Road,Africa,299.1366446,3262.96,Small Bag,2.978142883,4,195.95,154.97,401.57,53.6,Nairobi,Peru,Turkey,309827.25,17.33
BATCH02108,09-10-2021,Arabica,Air,South America,371.4527804,989.87,Large Crate,7.422426849,4,263.15,165.83,346.09,77,Mumbai,Honduras,Spain,143966.17,16.49
BATCH02109,10-10-2021,Robusta,Air,Asia,434.2398756,766.91,Small Crate,11.13465368,3,107.92,149.69,416.13,71.7,Mombasa,Ghana,Spain,135503.18,20
BATCH02110,11-10-2021,Excelsa,Air,Asia,566.7408107,3293.05,Small Bag,11.55617681,1,265.47,53.17,420.79,44.3,Mumbai,Mexico,Poland,361583.63,19.11
BATCH02111,12-10-2021,Excelsa,Road,Africa,365.3672926,3033.35,Small Bag,7.49427618,12,256.16,99.35,481.67,102.6,Ho Chi Minh,Vietnam,Netherlands,395336.69,20.02
BATCH02112,13-10-2021,Liberica,Air,Africa,236.7514901,1447.87,Large Crate,4.578217952,2,104.94,160.41,228.73,91.3,Hambantota,Ivory Coast,UAE,313312.23,15.6
BATCH02113,14-10-2021,Liberica,Road,Central America,652.2560442,960.21,Small Crate,14.60613873,8,215.79,145.22,380.21,100.6,Hambantota,Kenya,Poland,148509.89,39.48
BATCH02114,15-10-2021,Arabica,Road,South America,431.4624116,862.26,Small Crate,9.950439164,3,264.16,90.57,400.72,75.6,Ho Chi Minh,Guatemala,Germany,133284.75,26.34
BATCH02115,16-10-2021,Liberica,Sea,Africa,314.4691468,1208.26,Large Crate,6.12356279,10,126.44,60.4,400.33,100.4,Nairobi,Kenya,Singapore,186061.8,14.3
BATCH02116,17-10-2021,Liberica,Road,South America,206.8910695,1329.31,Small Crate,4.206948363,3,204.07,183.39,120.4,84.6,Hambantota,India,Canada,258463.52,25.6
BATCH02117,18-10-2021,Robusta,Road,Africa,431.4670166,784.72,Small Bag,10.96654475,5,246.05,157.18,151.75,112.9,Ho Chi Minh,Kenya,Argentina,164877.4,43.7
BATCH02118,19-10-2021,Robusta,Sea,Central America,188.4479007,400,Large Crate,3.632751684,7,109.95,120.82,350.42,82.4,Mumbai,Ivory Coast,UAE,54952.41,30.76
BATCH02119,20-10-2021,Robusta,Air,Africa,249.2562823,1301.28,Large Crate,2.575649835,2,223.29,112.45,120.28,79,Mombasa,Cameroon,Sweden,238900.83,43.62
BATCH02120,21-10-2021,Liberica,Road,Africa,257.9545429,997.07,Big Bag,7.947508334,4,244.68,97.21,490.59,95.3,Hambantota,Tanzania,Belgium,199283.93,40.42
BATCH02121,22-10-2021,Liberica,Road,Central America,298.7878483,1332.26,Large Crate,4.34981089,4,292.45,52.26,240.89,69.2,Hambantota,India,Bangladesh,195986.44,19.63
BATCH02122,23-10-2021,Robusta,Road,South America,339.1401888,632.92,Small Bag,9.433577174,4,176.88,96.51,263.92,84.5,Mumbai,India,Russia,97354.67,42.03
BATCH02123,24-10-2021,Arabica,Road,Central America,150.1763435,840.14,Big Bag,1.769080123,11,201.4,192.03,316.73,115,Nairobi,Ethiopia,Belgium,147040.01,11.13
BATCH02124,25-10-2021,Arabica,Sea,Central America,379.9626777,400,Big Bag,9.824116569,20,132.7,81.19,324.53,157,Ho Chi Minh,Liberia,UAE,62384.58,17.75
BATCH02125,26-10-2021,Liberica,Sea,Central America,201.4758133,1303.72,Large Crate,4.24944792,22,284.19,154.75,449.51,157.4,Tema,Peru,Italy,182282.72,23.57
BATCH02126,27-10-2021,Liberica,Sea,Asia,134.5985279,1180.05,Small Crate,0.003644017,17,204.04,138.1,476.68,161.5,Tema,Ethiopia,Saudi Arabia,257805.01,25.77
BATCH02127,28-10-2021,Arabica,Road,Asia,156.8617653,1008.63,Large Crate,1.904040865,5,265.16,123.39,180.55,95.2,Tema,Philippines,Turkey,214113.59,12.23
BATCH02128,29-10-2021,Robusta,Sea,South America,486.741982,1281.16,Big Bag,14.00423067,18,255.45,96.46,466.06,170.7,Nairobi,India,Australia,267825.06,37.29
BATCH02129,30-10-2021,Liberica,Air,Asia,498.0093641,1371.27,Large Crate,13.01031959,4,134.05,182.22,303.55,110.6,Ho Chi Minh,Peru,Thailand,293296.87,15.57
BATCH02130,31-10-2021,Robusta,Road,South America,170.3197281,1064.33,Small Bag,3.504135481,6,159.39,135.86,239.59,155.4,Tema,Uganda,Italy,332976.4,29.16
BATCH02131,01-11-2021,Liberica,Air,Africa,423.3785821,1154.78,Big Bag,11.67557857,4,163.77,176.28,280.22,71.9,Hambantota,Mexico,Poland,157131.85,14.89
BATCH02132,02-11-2021,Robusta,Road,Asia,298.9940625,1269.72,Small Crate,9.128573898,10,200.94,58.43,131.34,103.1,Mombasa,Papua New Guinea,Qatar,181545.3,25.19
BATCH02133,03-11-2021,Robusta,Road,Asia,514.3916705,1049.16,Small Crate,14.56357067,8,256.57,90.38,176.94,121.9,Mombasa,Peru,China,234219.89,18.34
BATCH02134,04-11-2021,Excelsa,Road,Asia,292.8327731,3053.05,Large Crate,5.604084893,7,200.8,99.68,323.04,111.2,Nairobi,Colombia,New Zealand,666174.51,35.81
BATCH02135,05-11-2021,Robusta,Air,Central America,408.5135215,556.57,Big Bag,10.22190919,2,216.62,156.56,202.75,52.6,Mombasa,Brazil,Egypt,57065.56,25.23
BATCH02136,06-11-2021,Robusta,Sea,Central America,219.3442585,712.87,Small Crate,0.953035836,20,169.71,56.18,245.32,156.7,Hambantota,Vietnam,Japan,112547.64,18.09
BATCH02137,07-11-2021,Robusta,Road,Asia,408.9521798,400,Small Bag,5.943710202,5,239.95,110.38,324.51,47.8,Nairobi,Ethiopia,Thailand,25421.36,6.72
BATCH02138,08-11-2021,Excelsa,Road,Asia,510.5070277,3179.77,Big Bag,14.45726492,8,189.86,65.61,113.73,86.2,Tema,Malaysia,Australia,425569.57,18.62
BATCH02139,09-11-2021,Liberica,Sea,Central America,300.8755056,1500.84,Large Crate,8.084713117,17,291.62,115.62,292.4,173.2,Mombasa,India,Egypt,413898.49,55.07
BATCH02140,10-11-2021,Robusta,Sea,Central America,286.0366038,543.22,Big Bag,4.31819255,8,156.65,108.86,286.8,144.4,Nairobi,Kenya,Turkey,173220.84,65.91
BATCH02141,11-11-2021,Liberica,Air,South America,170.8823455,1181.8,Small Crate,1.804064447,4,204.3,74.45,196.47,112.7,Ho Chi Minh,Honduras,Poland,258687.61,19.81
BATCH02142,12-11-2021,Excelsa,Air,South America,473.3814669,3309.32,Small Bag,10.5529251,1,103.71,72.11,401.56,110.6,Hambantota,Guatemala,UK,826376.03,19.74
BATCH02143,13-11-2021,Arabica,Sea,Central America,410.1267561,967.61,Small Bag,9.672840651,21,294.18,177.19,292.87,151.8,Ho Chi Minh,Tanzania,Germany,122861.19,17.72
BATCH02144,14-11-2021,Arabica,Air,Central America,258.5545288,1778.72,Large Crate,5.609080704,4,298.92,121.19,100.08,74,Hambantota,Ivory Coast,Poland,281155.74,23.99
BATCH02145,15-11-2021,Robusta,Road,Africa,518.4893559,704.11,Small Bag,14.26412028,6,287.63,130.54,329.95,94.8,Ho Chi Minh,Ghana,Germany,114743.29,27.16
BATCH02146,16-11-2021,Liberica,Air,Central America,131.6301048,1008.76,Small Crate,0.333042195,3,215.59,53.35,448.77,72.3,Tema,Ethiopia,Chile,157202.71,31.54
BATCH02147,17-11-2021,Excelsa,Road,Africa,226.1200384,3096.35,Small Crate,4.555857774,11,283.51,64.36,446.1,85.9,Nairobi,Kenya,Egypt,286151.81,11.54
BATCH02148,18-11-2021,Liberica,Air,Asia,575.456331,1739.51,Large Crate,13.81604229,4,165.07,183.4,456.08,81.5,Tema,Colombia,Sweden,298658.36,26.72
BATCH02149,19-11-2021,Arabica,Road,Asia,179.3040853,2265.8,Large Crate,4.814031575,4,202.46,123.81,215.63,83.9,Hambantota,Indonesia,Japan,414423.2,39.32
BATCH02150,20-11-2021,Liberica,Air,Asia,274.220957,1320.92,Small Bag,3.783792508,4,106.52,114.48,477.92,96.2,Mombasa,Peru,Argentina,301167.28,40.64
BATCH02151,21-11-2021,Robusta,Road,South America,246.7291471,1018.02,Small Crate,8.013306149,8,239.93,145.11,436.12,99.7,Nairobi,Ivory Coast,Australia,185457.83,37.44
BATCH02152,22-11-2021,Liberica,Air,Central America,477.9659018,1220.84,Small Bag,12.35702625,2,161.87,181.3,225.04,70.3,Ho Chi Minh,Ghana,USA,193218.22,27.35
BATCH02153,23-11-2021,Robusta,Sea,Central America,129.8639059,1093.17,Large Crate,1.547201413,17,203.45,121.54,113.87,151.9,Ho Chi Minh,Ivory Coast,Sweden,194429.97,24.1
BATCH02154,24-11-2021,Liberica,Sea,Asia,448.5415342,1415.21,Big Bag,14.14531064,22,142.7,156.19,458.35,179,Nairobi,Indonesia,South Africa,305031.11,35.75
BATCH02155,25-11-2021,Arabica,Sea,South America,354.7818257,729.54,Big Bag,11.92609322,10,240.76,130.56,425.91,120.2,Mombasa,Guatemala,Russia,144188.54,33.85
BATCH02156,26-11-2021,Excelsa,Air,Central America,126.6868815,3592.54,Small Bag,2.718753833,3,279.12,82.19,412.39,78.9,Mombasa,Uganda,Japan,710792.89,19.25
BATCH02157,27-11-2021,Excelsa,Sea,Africa,422.6877989,3325.47,Small Bag,10.68011942,17,189.26,141.51,216.19,170.5,Nairobi,Uganda,Egypt,861743.97,14.99
BATCH02158,28-11-2021,Robusta,Road,Asia,243.1222187,1219.49,Small Bag,5.77438084,5,197.76,88.68,369.99,110.2,Mumbai,Honduras,Saudi Arabia,286691.36,39.04
BATCH02159,29-11-2021,Excelsa,Road,Africa,228.9851601,3493.45,Small Crate,6.034420171,4,159.73,159.06,493.95,82.4,Mumbai,Mexico,UAE,536815.92,15.49
BATCH02160,30-11-2021,Arabica,Sea,Central America,520.0945957,1930.41,Small Bag,11.74935139,16,288.65,117.95,495.4,95,Nairobi,Malaysia,Qatar,87801.66,9.7
BATCH02161,01-12-2021,Arabica,Sea,South America,471.6439297,1615.6,Big Bag,14.44177212,25,111.2,95.39,190.76,168.8,Mumbai,Brazil,Australia,195212.43,21.41
BATCH02162,02-12-2021,Excelsa,Air,Africa,190.9510094,3081.19,Big Bag,1.899838093,2,198.41,153.62,332.04,94,Ho Chi Minh,Colombia,Australia,723918.99,44.89
BATCH02163,03-12-2021,Excelsa,Air,Central America,244.8337562,3274.56,Small Bag,6.309453553,1,164.04,123.07,237.05,77.9,Mumbai,Papua New Guinea,Russia,667801.68,18.82
BATCH02164,04-12-2021,Liberica,Road,Asia,260.283427,886.27,Small Bag,7.214124121,10,183.78,133.47,380.08,110.3,Mumbai,Philippines,New Zealand,148829.68,36.23
BATCH02165,05-12-2021,Excelsa,Air,Africa,239.1483863,2810.39,Small Bag,5.644677254,3,199.67,80.39,353.74,76.5,Nairobi,Vietnam,Netherlands,529328.92,34.35
BATCH02166,06-12-2021,Excelsa,Road,Central America,294.430908,3450.18,Small Bag,5.447836856,7,297.5,196.7,403.02,63.2,Nairobi,Colombia,Australia,294168.03,17
BATCH02167,07-12-2021,Robusta,Road,South America,54.94761257,846.12,Small Crate,0.784030013,4,247.05,59.88,332.97,110,Tema,Honduras,Qatar,220086.86,59.6
BATCH02168,08-12-2021,Robusta,Air,South America,422.8651423,400,Big Bag,10.28307931,2,174.82,67.73,163.87,71.8,Hambantota,Vietnam,Germany,72033.78,17.51
BATCH02169,09-12-2021,Arabica,Air,South America,248.2584878,894.13,Small Crate,6.543216257,4,167.12,73.24,213.61,55.1,Tema,Ethiopia,Pakistan,89458.32,22.51
BATCH02170,10-12-2021,Liberica,Air,Africa,148.6188677,1355.68,Small Bag,2.92190704,1,132.35,163.67,157.74,62.3,Nairobi,Uganda,Spain,227347.38,29.26
BATCH02171,11-12-2021,Excelsa,Sea,Central America,487.2471555,3110.27,Small Bag,12.24050253,19,118.2,86.87,109.51,147.8,Ho Chi Minh,Colombia,Pakistan,519574.93,28.55
BATCH02172,12-12-2021,Liberica,Sea,Africa,569.8264782,1415.33,Small Bag,12.03841122,17,123.06,84.97,430.4,121,Hambantota,Ethiopia,Sweden,133413.89,20.34
BATCH02173,13-12-2021,Liberica,Air,South America,273.3253831,1171.59,Large Crate,7.295874421,4,279.48,71.33,317.67,67.7,Mumbai,Liberia,Argentina,152015.45,23.8
BATCH02174,14-12-2021,Excelsa,Road,Central America,270.2968267,3219.65,Big Bag,4.476759917,10,188.1,155.25,223.04,134.3,Mombasa,Ethiopia,Russia,677840.57,45.88
BATCH02175,15-12-2021,Excelsa,Road,Asia,371.5061077,3064.44,Small Crate,9.571390887,10,103.22,107.16,360.66,100.1,Hambantota,Papua New Guinea,Argentina,444561.39,27.66
BATCH02176,16-12-2021,Arabica,Air,Asia,205.9312884,1248.65,Small Bag,4.322282037,4,279.9,164.62,229.22,104.9,Hambantota,Liberia,Saudi Arabia,296050.18,48.23
BATCH02177,17-12-2021,Robusta,Sea,Central America,259.7723691,459.95,Small Bag,3.540118955,15,262.89,165.93,251.37,113.4,Nairobi,Kenya,Sweden,45716.6,6.69
BATCH02178,18-12-2021,Arabica,Road,South America,386.5554538,712.82,Small Bag,10.95771981,11,164.11,64.58,382.68,135.4,Hambantota,Indonesia,Argentina,140619.14,26.18
BATCH02179,19-12-2021,Arabica,Road,South America,60.44069653,1085.76,Large Crate,0.604878596,8,126.01,148.13,130.83,101.2,Nairobi,Guatemala,Germany,201054.84,34.49
BATCH02180,20-12-2021,Robusta,Sea,Central America,165.6546017,638.2,Large Crate,1.421527066,25,242.9,63.67,426.98,187.4,Ho Chi Minh,Philippines,Norway,95983.1,27.72
BATCH02181,21-12-2021,Robusta,Road,South America,182.7938681,711.94,Small Crate,0.10182261,8,186.63,126.36,157.61,104.5,Ho Chi Minh,Mexico,Turkey,138716.56,32.02
BATCH02182,22-12-2021,Liberica,Road,Africa,206.3241692,1303.81,Big Bag,2.294147797,11,271.1,58.49,339.01,128.2,Hambantota,Ethiopia,Saudi Arabia,263250.44,20.43
BATCH02183,23-12-2021,Liberica,Road,Central America,60.69463488,1183.77,Small Crate,1.034850131,6,267.94,85.86,189.5,111.9,Mombasa,Honduras,Argentina,232027.35,22.68
BATCH02184,24-12-2021,Excelsa,Road,Africa,517.3444133,3247.37,Small Bag,14.93703552,4,276.72,127.09,198.3,40.4,Ho Chi Minh,Malaysia,France,206929.08,5.12
BATCH02185,25-12-2021,Excelsa,Sea,South America,278.9443986,3383.48,Big Bag,4.332149549,16,259.9,122.99,485.62,173,Ho Chi Minh,Honduras,Italy,911482.55,56.77
BATCH02186,26-12-2021,Arabica,Road,Africa,246.2261166,2329.07,Small Bag,2.23902019,7,104.58,125.46,308.74,69.5,Tema,Kenya,Sweden,227058.65,17.67
BATCH02187,27-12-2021,Liberica,Road,South America,219.8838824,954.68,Small Bag,3.61494387,10,296.99,88.58,203.52,105.8,Mombasa,Cameroon,Russia,146688.74,18.59
BATCH02188,28-12-2021,Arabica,Air,South America,492.2978805,400,Large Crate,14.04188357,1,132.56,88.66,398.46,86.6,Nairobi,Philippines,Turkey,78717.72,43.89
BATCH02189,29-12-2021,Arabica,Road,Africa,416.3730423,914.02,Large Crate,7.802403345,10,268.16,116.35,337.12,143.3,Ho Chi Minh,Ethiopia,France,226544.31,26.74
BATCH02190,30-12-2021,Robusta,Air,Asia,260.4384641,1475.49,Large Crate,5.472271445,3,147.4,144.45,215.04,104.7,Ho Chi Minh,Colombia,China,339089.45,20.2
BATCH02191,31-12-2021,Excelsa,Road,Africa,462.7357274,3369.9,Small Crate,13.10087187,5,199.05,53.91,306.69,99.4,Hambantota,Colombia,UAE,759860.3,39.67
BATCH02192,01-01-2022,Excelsa,Air,Africa,238.9989948,3006.38,Small Crate,5.924854058,1,199.8,138.58,446.52,75.8,Tema,Guatemala,USA,552552.9,15.91
BATCH02193,02-01-2022,Arabica,Air,South America,191.0029391,1287.74,Small Bag,5.025128549,3,223.34,175.09,382.3,103.5,Nairobi,Papua New Guinea,Spain,303022,42.03
BATCH02194,03-01-2022,Liberica,Sea,Africa,334.9561566,1328.76,Small Crate,3.109237838,20,222.34,63.73,104.31,157.9,Tema,Vietnam,Argentina,217434.13,19.68
BATCH02195,04-01-2022,Robusta,Air,South America,341.056464,1048.71,Large Crate,5.666952359,2,144.21,80.17,163.02,52.9,Mumbai,Guatemala,Chile,137527.59,15.76
BATCH02196,05-01-2022,Excelsa,Sea,Central America,209.6932944,3171.09,Big Bag,4.75026534,17,234.41,150.93,371.32,118.9,Mombasa,Peru,USA,321624.37,7.44
BATCH02197,06-01-2022,Arabica,Sea,Central America,491.378078,1848.9,Big Bag,10.15955939,14,126.17,178.22,327.2,155.5,Nairobi,India,Italy,447109.4,37.26
BATCH02198,07-01-2022,Liberica,Sea,South America,256.9773258,1097.76,Small Crate,4.34374057,17,210.86,145.96,455.55,162.1,Hambantota,Tanzania,Belgium,207797.7,36.78
BATCH02199,08-01-2022,Robusta,Sea,Asia,383.445286,583.69,Small Crate,8.657996196,13,188.4,122.3,250.1,137.9,Nairobi,Indonesia,Qatar,126954.79,28.24
BATCH02200,09-01-2022,Arabica,Road,South America,93.75562276,1832.59,Large Crate,0.988382475,6,102.45,139.29,379.02,69.6,Hambantota,Peru,China,185574.32,9.35
BATCH02201,10-01-2022,Liberica,Road,Africa,160.3737616,1162.13,Large Crate,2.86933735,12,189.79,187.5,241.6,136.2,Nairobi,India,Saudi Arabia,250149.6,32.32
BATCH02202,11-01-2022,Liberica,Sea,South America,281.2111705,1010.87,Small Bag,6.111079074,13,122.16,102.03,109.53,165.2,Ho Chi Minh,Malaysia,Saudi Arabia,262853.94,58.26
BATCH02203,12-01-2022,Excelsa,Sea,Africa,423.3497145,2973.62,Small Bag,14.05423881,20,289.67,120.43,273.57,169,Ho Chi Minh,Tanzania,Belgium,580490.8,14.42
BATCH02204,13-01-2022,Excelsa,Sea,Africa,245.4223864,2946,Small Crate,5.658779786,17,189.16,96.74,261.45,141.4,Mumbai,Ethiopia,Germany,470082.65,27.55
BATCH02205,14-01-2022,Arabica,Air,Central America,399.0578361,935.42,Small Crate,9.961111818,2,253.55,124.23,272.01,130.6,Hambantota,Cameroon,Australia,303810.76,56.78
BATCH02206,15-01-2022,Arabica,Sea,Asia,280.2651954,826.81,Small Bag,3.826308336,20,213.99,73.14,217.18,147.7,Nairobi,Philippines,UK,111091.64,16.26
BATCH02207,16-01-2022,Liberica,Road,Africa,126.3377319,1076.12,Large Crate,1.90550364,9,140.7,165.53,132.06,130.2,Ho Chi Minh,Vietnam,Pakistan,250037.26,39.31
BATCH02208,17-01-2022,Robusta,Sea,Africa,166.9483756,448.34,Large Crate,0.878049001,14,234.9,193.1,394.02,94.6,Hambantota,Mexico,Singapore,33641.44,12.42
BATCH02209,18-01-2022,Liberica,Air,Africa,134.4113833,1343.25,Small Bag,4.581202478,2,122.82,101.94,477.55,40.3,Ho Chi Minh,Uganda,Egypt,115932.4,19.46
BATCH02210,19-01-2022,Arabica,Sea,Asia,229.2989708,400,Big Bag,2.364915402,23,222.8,57.15,262.58,224.8,Mombasa,Cameroon,Saudi Arabia,122208.67,28.21
BATCH02211,20-01-2022,Excelsa,Air,South America,133.2873533,3038.35,Small Bag,2.61015672,3,237.53,67.76,218.09,103.2,Ho Chi Minh,Kenya,Saudi Arabia,642531.17,28.09
BATCH02212,21-01-2022,Liberica,Road,Central America,448.8553372,1018.54,Big Bag,11.41138963,12,213.55,157.88,420.39,132.3,Hambantota,Colombia,Bangladesh,222450.88,12.14
BATCH02213,22-01-2022,Arabica,Road,Africa,127.4442879,917.78,Small Bag,0.237571064,9,271.75,115.52,248.17,100.8,Nairobi,Malaysia,Japan,139244.06,20.35
BATCH02214,23-01-2022,Liberica,Road,Africa,361.5235344,873.27,Small Crate,8.367151886,9,200.43,153.92,154.3,139.8,Nairobi,Mexico,Turkey,253229.23,28.19
BATCH02215,24-01-2022,Robusta,Road,Asia,265.4186333,1072.42,Large Crate,5.691920709,6,265.48,80.85,467.66,54.9,Mombasa,Philippines,Japan,64999.06,5.68
BATCH02216,25-01-2022,Arabica,Sea,Africa,265.8716857,400,Big Bag,7.598249999,16,147.16,67.51,230.41,138.8,Ho Chi Minh,Philippines,Russia,57432.12,32.14
BATCH02217,26-01-2022,Arabica,Sea,South America,308.7965608,1519.66,Small Crate,8.442453558,19,202.91,176.96,132.44,158.3,Tema,Colombia,Russia,268674.76,31.34
BATCH02218,27-01-2022,Robusta,Air,Africa,290.8370597,873.38,Large Crate,4.700515417,4,274.33,195.42,296.43,67.7,Nairobi,Indonesia,UAE,103316.71,15.39
BATCH02219,28-01-2022,Arabica,Road,Central America,202.9301141,986.18,Big Bag,4.426632903,6,123,100.76,229.41,64.8,Mumbai,Guatemala,Egypt,82991.59,14.74
BATCH02220,29-01-2022,Robusta,Road,South America,424.8660525,430.65,Big Bag,11.00102774,5,187.01,197.75,374.72,66.4,Hambantota,Vietnam,Italy,46718.34,19.94
BATCH02221,30-01-2022,Robusta,Air,Asia,417.4703318,482,Large Crate,13.06915482,1,282.29,183.17,372.77,69.5,Nairobi,Brazil,Sweden,74741.62,34.82
BATCH02222,31-01-2022,Robusta,Road,Central America,229.5904027,592.1,Big Bag,2.888724487,11,109.41,111.31,390.66,85.6,Mumbai,Mexico,Russia,52450.13,18.99
BATCH02223,01-02-2022,Excelsa,Road,Africa,77.95429023,3365.65,Large Crate,1.464281408,8,159.24,113.24,259.94,124.6,Hambantota,Brazil,Japan,815580.87,20.34
BATCH02224,02-02-2022,Excelsa,Air,Asia,549.8062533,3273.34,Big Bag,13.4669371,2,152.5,106.37,314.8,48.7,Ho Chi Minh,Honduras,Spain,375189.64,21.22
BATCH02225,03-02-2022,Liberica,Sea,South America,204.3173706,916.6,Big Bag,5.248431955,22,201.59,132.08,237.95,183.5,Mombasa,Uganda,Germany,210336.9,37.25
BATCH02226,04-02-2022,Excelsa,Sea,South America,398.8182273,3220.76,Small Crate,8.26976086,25,166.23,145.36,271.97,185,Hambantota,Liberia,New Zealand,463021.38,28.57
BATCH02227,05-02-2022,Arabica,Road,Africa,262.3040608,414.44,Big Bag,5.393147168,3,277.6,80.37,433.13,36.9,Hambantota,Colombia,Japan,25190.42,12.9
BATCH02228,06-02-2022,Liberica,Air,Africa,128.6731815,1014.35,Large Crate,1.887035045,2,138.76,102.86,472.06,78.1,Mumbai,Mexico,China,211044.27,44.57
BATCH02229,07-02-2022,Robusta,Road,Asia,445.219328,599.11,Small Crate,8.839974674,7,144.11,77.5,350.7,99.2,Hambantota,Papua New Guinea,Bangladesh,92921.94,31.11
BATCH02230,08-02-2022,Excelsa,Road,Asia,332.8706337,3486.41,Large Crate,7.877112777,10,113.36,93.29,209.67,124.7,Tema,Ghana,USA,615821,17
BATCH02231,09-02-2022,Liberica,Air,Asia,173.256487,1285.72,Big Bag,3.044903388,1,240.71,115.19,363.8,71.9,Mumbai,Papua New Guinea,Singapore,260119.68,31.03
BATCH02232,10-02-2022,Arabica,Sea,Africa,348.7969665,2066.11,Small Bag,6.77803567,21,190.51,148.67,344.49,147.9,Hambantota,Papua New Guinea,Egypt,217803.96,20.02
BATCH02233,11-02-2022,Arabica,Sea,South America,384.6035212,1426.85,Small Crate,11.95421256,9,122.2,149.05,185.37,102.9,Hambantota,Uganda,South Africa,250038.04,17.98
BATCH02234,12-02-2022,Excelsa,Road,Central America,239.3334662,3182.63,Small Crate,8.856391547,8,285.76,149.14,282.1,97,Mombasa,India,Germany,495039.24,11
BATCH02235,13-02-2022,Robusta,Air,South America,201.5117959,1123.44,Big Bag,1.453759906,2,232.05,166.63,319.98,68.2,Tema,Liberia,Russia,197545,31.16
BATCH02236,14-02-2022,Liberica,Road,Central America,304.7945698,1212.19,Small Bag,8.220322458,4,102.51,88.69,343.59,50.9,Mumbai,Brazil,Germany,116778.13,17.54
BATCH02237,15-02-2022,Liberica,Sea,Central America,459.4633559,1244.14,Small Bag,10.54107449,10,221.61,81.33,142.66,146,Tema,Guatemala,Netherlands,361702.26,42.51
BATCH02238,16-02-2022,Liberica,Road,Africa,459.0246512,1018.8,Large Crate,11.89055109,7,191.17,54.12,268.46,188.6,Mombasa,Ethiopia,South Korea,411382.5,84.24
BATCH02239,17-02-2022,Arabica,Air,South America,324.9034372,905.13,Small Bag,9.43676368,2,263.78,161.06,322.56,67,Ho Chi Minh,Mexico,Netherlands,128166.77,19.91
BATCH02240,18-02-2022,Liberica,Sea,South America,199.060295,1211.84,Large Crate,2.289872468,15,284.59,82.77,374.4,135.3,Mombasa,Liberia,Russia,208600.9,12.28
BATCH02241,19-02-2022,Excelsa,Sea,South America,399.0694605,2961.4,Large Crate,10.652599,7,197.94,50.1,269.3,129.8,Mumbai,Brazil,Canada,673130.09,16.25
BATCH02242,20-02-2022,Arabica,Sea,Asia,350.9368139,1494.05,Large Crate,10.16012769,25,172.37,119.47,448.56,177.5,Tema,Brazil,Belgium,237009.46,16.74
BATCH02243,21-02-2022,Excelsa,Road,Africa,58.42727871,3198.06,Small Crate,0.366403244,4,238.11,76.53,491.36,87.2,Mombasa,Honduras,Saudi Arabia,586527.36,26.55
BATCH02244,22-02-2022,Excelsa,Road,Asia,198.6445127,3114.17,Large Crate,6.176215014,7,251.29,53.79,205.52,80,Mumbai,Kenya,Norway,396466.35,27.48
BATCH02245,23-02-2022,Arabica,Road,South America,269.9788552,658.48,Large Crate,4.994253704,10,134.39,192.83,142.81,134.6,Nairobi,Cameroon,New Zealand,138663.27,19.75
BATCH02246,24-02-2022,Excelsa,Sea,Africa,354.4653917,3356.63,Big Bag,10.04118096,19,174.26,182.62,360.44,178.7,Mombasa,Kenya,South Korea,692113.89,36.3
BATCH02247,25-02-2022,Arabica,Road,Asia,195.5250092,549.72,Small Crate,3.242037185,10,191.4,183.66,387.45,128.6,Mombasa,Vietnam,China,118650.46,46.36
BATCH02248,26-02-2022,Liberica,Road,Africa,356.8062406,1063.59,Small Bag,8.863078845,10,295.72,126.55,188.49,136.1,Nairobi,Peru,Turkey,228189.94,37.25
BATCH02249,27-02-2022,Arabica,Air,Asia,463.8648488,1630.04,Small Bag,13.69808943,2,251.78,76.73,444.92,85.9,Hambantota,Ghana,Italy,378549.75,23.47
BATCH02250,28-02-2022,Liberica,Air,Africa,382.8660818,1529.29,Small Crate,11.96703558,1,225.96,60.79,319.3,80.3,Mombasa,Tanzania,Russia,310232.75,16.71
BATCH02251,01-03-2022,Liberica,Road,Asia,641.3415228,1225.58,Large Crate,13.82186604,12,263.93,189.36,379.48,182.1,Nairobi,Colombia,Poland,427961.42,33.25
BATCH02252,02-03-2022,Arabica,Air,South America,537.9010588,1042.72,Large Crate,14.6775895,1,187.53,138.42,269.49,34.1,Mombasa,Philippines,Pakistan,94445.39,7.01
BATCH02253,03-03-2022,Arabica,Sea,Asia,195.9707048,1559.61,Small Bag,0.160051905,15,126.98,114.63,399.94,137.4,Hambantota,India,Sweden,229543.94,29.91
BATCH02254,04-03-2022,Arabica,Air,Africa,438.4804136,2035.51,Small Bag,9.341119146,3,138.98,95.39,320.5,93.6,Nairobi,Ghana,Japan,383331.02,16.33
BATCH02255,05-03-2022,Arabica,Sea,South America,269.7194639,961.8,Small Crate,6.192590966,18,203.58,66.86,285.51,198.3,Tema,Cameroon,Bangladesh,266598.2,49.73
BATCH02256,06-03-2022,Liberica,Air,South America,495.9827525,999.8,Large Crate,12.89781736,2,224.4,67.85,404.1,69.1,Nairobi,Indonesia,Chile,184377.18,21.35
BATCH02257,07-03-2022,Arabica,Road,Asia,220.912405,650.95,Big Bag,3.77722053,9,175.72,109.72,401.37,138,Mumbai,Tanzania,China,142449.89,21.51
BATCH02258,08-03-2022,Arabica,Air,Asia,633.6733045,1003.3,Small Crate,14.71544234,1,287.92,194.43,266.73,107.3,Hambantota,Tanzania,Poland,242053.16,29.04
BATCH02259,09-03-2022,Excelsa,Sea,South America,417.6602709,3211.55,Large Crate,9.205619543,16,201.61,130.78,360.37,156.2,Mombasa,Ethiopia,Qatar,757784.15,13.12
BATCH02260,10-03-2022,Liberica,Sea,Central America,416.7281937,965.44,Large Crate,11.90306103,15,197.76,153.46,232.94,105.9,Tema,Colombia,Poland,72895.84,6.36
BATCH02261,11-03-2022,Arabica,Sea,Africa,156.1007406,1036.96,Small Crate,1.283993292,7,171.9,63.6,154.94,105.2,Ho Chi Minh,Indonesia,Japan,176637.79,22.51
BATCH02262,12-03-2022,Liberica,Road,Central America,222.7717652,970.98,Small Crate,2.751868271,10,179.78,108.11,253.24,157.7,Tema,Liberia,South Korea,288625.34,68.43
BATCH02263,13-03-2022,Robusta,Road,Central America,382.5157004,1457.73,Large Crate,11.3760551,7,232.57,154.55,127.83,75.5,Nairobi,Kenya,Sweden,180459.42,15.84
BATCH02264,14-03-2022,Liberica,Sea,Asia,134.6014022,1037.35,Small Bag,0.329797831,18,285.53,128.14,288.44,171,Mombasa,India,Netherlands,197987.1,47.56
BATCH02265,15-03-2022,Liberica,Road,Central America,534.8695415,1190.73,Small Crate,12.25316979,7,254.48,69.73,464.21,65,Mombasa,Vietnam,France,82497.48,18.18
BATCH02266,16-03-2022,Arabica,Sea,South America,63.40342583,917.93,Big Bag,0.20923528,23,264.06,199.78,155.84,144.7,Hambantota,Ivory Coast,UK,70118.18,10.19
BATCH02267,17-03-2022,Robusta,Air,South America,359.7375492,760.08,Large Crate,9.856782586,3,209.31,100,290.89,102.6,Mombasa,Honduras,Qatar,192389.13,42.64
BATCH02268,18-03-2022,Arabica,Air,Africa,322.3158894,400,Small Bag,5.476408803,4,186.45,195.15,269.6,54.5,Hambantota,Mexico,Germany,36554.3,19.32
BATCH02269,19-03-2022,Liberica,Road,Africa,357.4608681,1246.81,Big Bag,9.172422791,9,177.49,74.07,427.65,83.1,Nairobi,Honduras,Saudi Arabia,114829.05,19.06
BATCH02270,20-03-2022,Excelsa,Road,South America,364.1137125,3496.18,Large Crate,10.4404711,3,283.5,140.83,229.17,55.2,Ho Chi Minh,Malaysia,Egypt,444355.4,17.91
BATCH02271,21-03-2022,Excelsa,Air,Africa,298.2275008,3043.49,Small Crate,5.137128288,1,196.21,72.79,302.28,71.3,Hambantota,Mexico,Argentina,611433.32,40.48
BATCH02272,22-03-2022,Arabica,Sea,Africa,177.4258135,530.12,Large Crate,1.619436722,15,298.36,106.94,365.25,135.6,Nairobi,Ethiopia,Egypt,94398.25,22.29
BATCH02273,23-03-2022,Liberica,Air,Asia,136.0603359,1754.24,Large Crate,1.044688016,4,181.65,109.33,137.56,86,Mombasa,Uganda,France,285075.32,36.99
BATCH02274,24-03-2022,Robusta,Air,Asia,421.2503416,1039.5,Large Crate,8.834040338,4,142.53,58.69,152.7,78.5,Mumbai,Vietnam,Italy,141459.44,14.65
BATCH02275,25-03-2022,Liberica,Air,South America,394.0766713,1580.91,Large Crate,7.809830306,2,159.57,111.79,431.58,57.7,Mumbai,Uganda,Norway,233009.07,30.7
BATCH02276,26-03-2022,Arabica,Sea,Africa,429.8493087,1488.12,Small Crate,11.13301514,8,168.59,79.49,141.14,109.6,Mombasa,India,Norway,254981.99,39.09
BATCH02277,27-03-2022,Robusta,Air,South America,428.0972989,1166.62,Small Bag,7.64603265,1,180.33,178.69,298.34,88.7,Ho Chi Minh,Guatemala,Egypt,292192.51,19.09
BATCH02278,28-03-2022,Arabica,Air,South America,369.2701032,1380.27,Large Crate,6.33668685,2,108.37,154.12,184.97,90.7,Mombasa,Ivory Coast,Spain,303921.14,24.21
BATCH02279,29-03-2022,Arabica,Road,Africa,179.9243077,1955.67,Small Crate,5.971307674,4,189.96,63.51,195.17,87.2,Tema,Uganda,Thailand,328017.17,26.23
BATCH02280,30-03-2022,Arabica,Air,Africa,60.395235,456.65,Big Bag,0.396703539,4,141.56,108.84,244.83,106.7,Mumbai,Ghana,Italy,94417.32,23.59
BATCH02281,31-03-2022,Liberica,Sea,South America,138.2361498,1257.27,Small Crate,5.033358025,21,216.03,180.42,379.26,203.4,Mombasa,Liberia,Pakistan,333053.67,63.25
BATCH02282,01-04-2022,Arabica,Road,South America,522.9733211,1348.89,Small Crate,14.64030236,9,188.06,145.61,247.43,110.4,Mumbai,Vietnam,UAE,240435.84,13.53
BATCH02283,02-04-2022,Robusta,Sea,South America,432.5390994,1453.35,Big Bag,13.10333364,8,287.56,171.71,328.56,127.6,Ho Chi Minh,Ivory Coast,Netherlands,359806.93,42.9
BATCH02284,03-04-2022,Excelsa,Sea,South America,207.5042102,3421.79,Big Bag,4.940671006,17,256.21,121.84,297.42,141.4,Mumbai,Guatemala,Russia,488089.02,11.06
BATCH02285,04-04-2022,Robusta,Road,Africa,419.0363396,1321.57,Large Crate,8.816931076,9,178.12,199.99,491.94,138.9,Nairobi,Papua New Guinea,Saudi Arabia,329913.14,18.4
BATCH02286,05-04-2022,Liberica,Air,Asia,393.5420825,1462.39,Small Bag,12.70945118,1,178.45,198.85,427.63,68,Mumbai,Malaysia,Singapore,278590.53,14.93
BATCH02287,06-04-2022,Arabica,Sea,Asia,305.0602386,600.83,Small Crate,6.619115051,20,175.88,159.4,411.41,182.5,Mumbai,Honduras,UAE,152731.98,31.32
BATCH02288,07-04-2022,Liberica,Sea,Africa,114.2648608,1230.32,Small Bag,0.269367956,19,213.86,186.51,396.63,181.4,Nairobi,India,Norway,282487.14,40.07
BATCH02289,08-04-2022,Excelsa,Sea,South America,129.4102434,3212.92,Small Bag,1.117656927,15,107.84,149.06,259.27,144.3,Nairobi,Peru,Turkey,637617.63,27.71
BATCH02290,09-04-2022,Excelsa,Road,South America,336.2156587,3255.59,Small Bag,7.65589082,3,147.37,163.93,388.78,101.7,Nairobi,Guatemala,Poland,742481.33,57.76
BATCH02291,10-04-2022,Robusta,Sea,Central America,424.6336335,917.75,Large Crate,14.54159064,14,121.83,152.22,165.66,124.6,Ho Chi Minh,Papua New Guinea,Japan,154774.37,12.32
BATCH02292,11-04-2022,Robusta,Sea,South America,371.4665682,934.53,Small Bag,10.39814313,24,234.15,95.14,455.72,179.4,Tema,Kenya,Egypt,152616.59,28.07
BATCH02293,12-04-2022,Robusta,Sea,Asia,209.0623294,1698.86,Small Bag,1.063742872,21,191.29,136.6,368.97,190.8,Mumbai,Philippines,Australia,436398.73,54.48
BATCH02294,13-04-2022,Robusta,Road,Asia,125.3688398,906.61,Large Crate,2.840413137,8,283.41,64.84,133.12,105.4,Ho Chi Minh,Malaysia,Argentina,161478.94,32.02
BATCH02295,14-04-2022,Robusta,Road,Asia,530.4259551,417.15,Large Crate,11.56984715,9,231.31,170.82,461.48,123,Nairobi,Vietnam,Egypt,80357.66,20.6
BATCH02296,15-04-2022,Liberica,Sea,Africa,408.3067714,1039.34,Small Crate,12.6215964,8,162.49,114.46,219.06,126.1,Hambantota,Tanzania,Spain,243976.11,35.22
BATCH02297,16-04-2022,Robusta,Air,South America,301.6105322,1255.62,Small Bag,9.265418793,2,198.48,53.86,199.55,108.1,Hambantota,Liberia,Chile,381286.18,56.83
BATCH02298,17-04-2022,Robusta,Air,South America,342.4014855,662.3,Large Crate,9.666347544,2,103.07,87.41,150.18,82.9,Nairobi,Kenya,Chile,142813.05,39.38
BATCH02299,18-04-2022,Liberica,Sea,Central America,169.2060011,1243.25,Small Crate,0.425061756,24,194.89,118.47,216.95,198.9,Ho Chi Minh,Liberia,South Korea,280469.3,18.86
BATCH02300,19-04-2022,Arabica,Air,Africa,445.5325753,1159.88,Big Bag,12.42795389,4,261.01,65.43,298.8,77.6,Nairobi,Mexico,Germany,206405.85,28.2
BATCH02301,20-04-2022,Liberica,Sea,Africa,471.9941931,930.6,Small Crate,11.82412812,23,175.77,94.31,388.26,198.7,Mumbai,Ghana,Italy,183486.22,32.96
BATCH02302,21-04-2022,Robusta,Road,Asia,220.2476609,783.55,Large Crate,3.885527162,6,145.96,184.32,144.18,109.2,Mombasa,Colombia,Italy,152491.16,21.8
BATCH02303,22-04-2022,Arabica,Sea,South America,416.1814148,1589.53,Big Bag,10.6301508,8,264.62,87.43,329.02,88,Ho Chi Minh,Tanzania,Qatar,230667.09,23.73
BATCH02304,23-04-2022,Arabica,Sea,Africa,260.3904775,1249.79,Small Crate,3.222819096,13,185.75,119.41,175.81,135.2,Mumbai,Colombia,USA,262589.56,16.55
BATCH02305,24-04-2022,Robusta,Sea,Central America,156.7244695,740.98,Large Crate,0.604952416,8,220.34,181.48,390.95,84.7,Ho Chi Minh,Malaysia,Singapore,77511.21,25.88
BATCH02306,25-04-2022,Excelsa,Sea,Africa,133.3662843,2915.01,Small Crate,3.017048139,12,134.93,107.28,410.14,119.7,Hambantota,Liberia,Germany,544509.52,15.59
BATCH02307,26-04-2022,Liberica,Air,Central America,166.6044554,1469.38,Small Crate,2.679433151,1,212.96,149.41,190.24,55.4,Ho Chi Minh,Guatemala,Netherlands,216625.07,30
BATCH02308,27-04-2022,Liberica,Air,South America,339.1585895,934.73,Small Bag,5.066219951,3,118.93,113.19,173.47,83.1,Nairobi,Peru,South Korea,162892.92,14.66
BATCH02309,28-04-2022,Arabica,Road,Asia,304.2803632,475.16,Small Crate,6.276742458,11,165.24,103.45,420.7,120.7,Mombasa,Mexico,UAE,89722.76,32.3
BATCH02310,29-04-2022,Robusta,Sea,Africa,253.450203,1076.21,Big Bag,7.628083372,24,196.44,170.42,287.64,223.5,Hambantota,Cameroon,UK,281303.42,66.63
BATCH02311,30-04-2022,Excelsa,Air,Asia,242.6872989,3208.8,Large Crate,7.151308133,2,187.34,145.17,129.55,96.4,Tema,Guatemala,Saudi Arabia,849644.21,57.02
BATCH02312,01-05-2022,Arabica,Sea,Africa,266.3108381,892.32,Small Bag,4.060119089,17,135.42,60.18,386.02,155.8,Hambantota,Tanzania,Egypt,171944.28,16.65
BATCH02313,02-05-2022,Robusta,Road,Africa,148.2486667,454.1,Big Bag,0.437560029,12,207.75,142.82,480.53,151.8,Nairobi,Kenya,Pakistan,121298.13,22.93
BATCH02314,03-05-2022,Robusta,Sea,Africa,326.2274512,1302.33,Small Bag,9.076524334,16,139.72,184.71,436.6,122.6,Nairobi,Kenya,Poland,169252.69,23.53
BATCH02315,04-05-2022,Liberica,Air,South America,315.4666824,1424.12,Small Bag,5.936172448,3,156.36,56.16,157.19,93.9,Ho Chi Minh,Guatemala,Germany,295426.13,42.76
BATCH02316,05-05-2022,Liberica,Sea,Central America,314.3720777,816.06,Large Crate,4.480082361,25,233.6,181.17,296.21,194,Ho Chi Minh,Colombia,Bangladesh,169896.29,21.6
BATCH02317,06-05-2022,Arabica,Air,Central America,563.0164113,835.14,Large Crate,13.00411564,2,223.58,172.58,309.8,55,Ho Chi Minh,Vietnam,China,96950.1,20.02
BATCH02318,07-05-2022,Liberica,Air,Africa,516.2483904,1580.89,Small Bag,11.20114962,2,193.26,131.37,489.57,65.5,Nairobi,Tanzania,Singapore,206770.07,10.8
BATCH02319,08-05-2022,Excelsa,Road,Africa,513.7689355,3171.91,Small Bag,12.86648323,12,221.86,139.02,133.82,138.3,Ho Chi Minh,Malaysia,New Zealand,694775.61,35.42
BATCH02320,09-05-2022,Arabica,Air,South America,313.8592667,810.84,Small Bag,7.424741921,4,227.36,168.07,461.04,72.5,Mombasa,Brazil,China,105494.35,25.42
BATCH02321,10-05-2022,Excelsa,Air,Asia,138.7950594,3568.92,Big Bag,1.963968782,1,189.46,159.39,355.56,87.2,Nairobi,Vietnam,Singapore,771737.63,32.21
BATCH02322,11-05-2022,Robusta,Sea,Central America,412.4303018,901.03,Large Crate,10.44332154,13,128.5,99.06,296.15,124.7,Nairobi,Vietnam,Japan,132038,31.86
BATCH02323,12-05-2022,Liberica,Sea,Central America,148.9320357,1280.53,Small Crate,3.091106699,9,174.76,126.28,200.08,150,Mumbai,Vietnam,New Zealand,339970.62,30.11
BATCH02324,13-05-2022,Liberica,Road,Asia,280.5884149,1275.3,Large Crate,6.618445036,6,160.99,83.28,286.35,75.6,Hambantota,Indonesia,France,164162.26,28.52
BATCH02325,14-05-2022,Excelsa,Air,South America,193.0063424,3363.08,Large Crate,0.975011834,1,248.18,75.69,432.47,88.1,Ho Chi Minh,Ghana,Belgium,772361.19,46.49
BATCH02326,15-05-2022,Excelsa,Sea,South America,390.9352307,3180.49,Large Crate,12.37962604,13,234.33,140.05,307.46,127.7,Ho Chi Minh,Peru,Thailand,544262.05,39.34
BATCH02327,16-05-2022,Arabica,Sea,Asia,79.63980219,1305.34,Large Crate,1.889109616,13,196.32,187.93,252.55,128,Ho Chi Minh,Kenya,France,215790.33,41.8
BATCH02328,17-05-2022,Excelsa,Road,South America,547.9204084,3374.48,Small Bag,13.54646261,7,183.38,140.42,472.96,125.3,Mombasa,Malaysia,Spain,801494.45,39.66
BATCH02329,18-05-2022,Robusta,Sea,South America,471.3951248,1066.13,Large Crate,12.96345903,14,121.56,67.27,227.84,200.2,Nairobi,Mexico,UAE,351036.37,59.03
BATCH02330,19-05-2022,Arabica,Air,Africa,212.7800928,943.68,Small Crate,6.968741467,2,221.37,175.56,263.83,146.5,Ho Chi Minh,Guatemala,South Korea,325516.03,33.16
BATCH02331,20-05-2022,Excelsa,Road,Central America,431.8989841,3406.78,Large Crate,11.16552306,4,163.99,76.82,434.11,100.1,Ho Chi Minh,Tanzania,Turkey,854258.72,49.62
BATCH02332,21-05-2022,Excelsa,Sea,Africa,368.544204,3109.38,Big Bag,9.291676107,19,240.4,178.65,368.04,160.7,Mombasa,Uganda,Canada,611911.88,40.84
BATCH02333,22-05-2022,Arabica,Road,South America,439.8298152,1432.36,Small Crate,12.04613464,4,120.42,62.82,153.04,149,Nairobi,Philippines,Poland,547680.76,77.17
BATCH02334,23-05-2022,Liberica,Road,Africa,328.5975967,1354.32,Big Bag,6.477076512,7,252.79,181.3,379.07,147.2,Hambantota,Ivory Coast,South Africa,383991.58,33.57
BATCH02335,24-05-2022,Robusta,Sea,Central America,386.9540395,869.25,Big Bag,11.78712726,22,105.42,140.85,155.86,182.9,Tema,Papua New Guinea,Italy,176845.43,17.12
BATCH02336,25-05-2022,Liberica,Road,South America,308.7548384,1238.83,Big Bag,6.936852256,4,242.78,170.45,117.91,82.1,Mombasa,Cameroon,Singapore,243002.99,38.04
BATCH02337,26-05-2022,Liberica,Road,Africa,512.8859798,1547.08,Large Crate,14.11448682,4,174.41,100.24,326.7,101.9,Hambantota,Uganda,Singapore,396309.48,19.79
BATCH02338,27-05-2022,Robusta,Road,Asia,320.7587068,1478.99,Small Bag,7.295581512,8,232.44,175.67,311.95,67,Nairobi,Indonesia,Canada,100375.67,13.02
BATCH02339,28-05-2022,Excelsa,Sea,Asia,221.5693645,3693.2,Large Crate,6.939289079,16,296.61,125.72,282.66,161.6,Mombasa,Honduras,UK,742501.22,34.9
BATCH02340,29-05-2022,Robusta,Sea,Africa,427.1498933,993.27,Big Bag,11.77607792,21,171.57,155.61,396.57,185.1,Nairobi,Ethiopia,Japan,216557.62,33.52
BATCH02341,30-05-2022,Liberica,Road,Central America,470.6984208,978.33,Small Bag,12.32366538,8,107.17,139.3,464.2,121.3,Ho Chi Minh,Honduras,Japan,187409.27,45.33
BATCH02342,31-05-2022,Robusta,Sea,Asia,376.5780833,1026.48,Big Bag,8.317336715,10,287.02,184.61,425.87,67.7,Mombasa,Philippines,Netherlands,51724.2,6.13
BATCH02343,01-06-2022,Excelsa,Air,South America,273.2288413,3226.3,Big Bag,2.696967202,2,142.84,76.02,414.88,43.3,Ho Chi Minh,Peru,Australia,292980.46,8.35
BATCH02344,02-06-2022,Robusta,Road,Asia,350.7886234,810.83,Large Crate,7.016373464,12,270.6,129.75,360.37,143.4,Ho Chi Minh,Brazil,Italy,168153.01,40.6
BATCH02345,03-06-2022,Liberica,Air,Central America,558.6903863,1313.56,Small Bag,14.52108754,1,213.24,185.52,315.68,99.2,Tema,Tanzania,Russia,362150.22,20.05
BATCH02346,04-06-2022,Arabica,Sea,Asia,502.4175265,1133.44,Small Crate,11.2947929,11,263.3,172.37,376.82,157.3,Mombasa,Papua New Guinea,Norway,277312.52,45.59
BATCH02347,05-06-2022,Liberica,Air,Africa,449.8320494,1117.05,Big Bag,12.16743906,4,240.11,75.5,210.16,96.5,Nairobi,Philippines,Turkey,241498.09,29.78
BATCH02348,06-06-2022,Excelsa,Road,Central America,192.4678827,3190.13,Small Crate,0.492382482,11,195.96,102.3,306.24,87.4,Nairobi,Tanzania,USA,312834.04,21.32
BATCH02349,07-06-2022,Arabica,Air,Asia,366.5003977,400,Small Bag,7.01789194,3,296.94,67.4,255.14,96.6,Hambantota,Mexico,Australia,83059.92,48.23
BATCH02350,08-06-2022,Robusta,Air,Central America,368.6856206,575.69,Large Crate,9.699317005,4,112.52,70.22,260.82,118.4,Nairobi,Vietnam,Australia,161827.88,30.07
BATCH02351,09-06-2022,Liberica,Road,Asia,569.7124664,1077.11,Large Crate,12.45049025,5,119.85,141.58,223.56,92.5,Tema,Indonesia,Belgium,205420.66,42.8
BATCH02352,10-06-2022,Excelsa,Sea,Africa,144.5199099,3015.89,Large Crate,0.739104804,21,194.56,178.47,244.88,151.2,Ho Chi Minh,Peru,Japan,421877.66,19.17
BATCH02353,11-06-2022,Liberica,Air,Central America,593.2459473,772.3,Large Crate,12.78658328,2,247.51,145.76,355.46,44.2,Mombasa,Kenya,Sweden,79325.02,15.96
BATCH02354,12-06-2022,Robusta,Road,Africa,361.9395342,720.09,Small Crate,8.226014051,5,187.9,77.79,422.4,90.7,Mumbai,Kenya,Japan,136420.18,30.62
BATCH02355,13-06-2022,Arabica,Air,Central America,160.6947938,1062.79,Small Bag,2.959709559,2,250.17,58.54,119.53,42.7,Nairobi,Liberia,Russia,102630.15,12.63
BATCH02356,14-06-2022,Arabica,Road,Africa,204.3880152,1793.87,Large Crate,4.758828247,12,171.84,109.83,467.72,129,Mombasa,Liberia,Norway,320941.99,11.83
BATCH02357,15-06-2022,Excelsa,Road,Asia,209.0811256,3026.9,Small Bag,4.228943276,3,296.54,132.43,226.98,77.4,Mombasa,Colombia,Japan,597381.48,26.57
BATCH02358,16-06-2022,Arabica,Air,Asia,310.3218183,431.89,Large Crate,7.962885514,4,187.18,57.13,475.04,113,Mombasa,Cameroon,Egypt,96905.27,42.61
BATCH02359,17-06-2022,Liberica,Sea,Africa,186.8279838,1220.92,Small Bag,0.775285199,8,241.71,62.75,362.31,91.3,Ho Chi Minh,Cameroon,Pakistan,172527.37,24.7
BATCH02360,18-06-2022,Robusta,Road,Central America,169.8925591,904.94,Small Bag,2.378042377,11,231.46,117.4,309.39,129.7,Mombasa,Ethiopia,South Korea,192995.63,45.23
BATCH02361,19-06-2022,Excelsa,Air,South America,385.0107359,3317.04,Small Crate,12.19039565,1,165.84,189.7,117.58,36.8,Nairobi,Vietnam,Chile,294839.62,11.36
BATCH02362,20-06-2022,Arabica,Air,South America,170.3220116,942.96,Small Crate,1.989059861,1,141.63,116.02,178.79,98.9,Ho Chi Minh,Tanzania,Norway,259194.53,58.45
BATCH02363,21-06-2022,Excelsa,Road,Asia,211.3039734,3000.91,Small Bag,3.500944042,6,148.68,119.52,317.41,111,Mumbai,Guatemala,UAE,663704.35,41.71
BATCH02364,22-06-2022,Excelsa,Sea,Asia,280.5863915,2988.34,Small Bag,6.800559084,22,275.08,169.01,265.79,152.6,Tema,Uganda,Pakistan,300422.09,20.92
BATCH02365,23-06-2022,Robusta,Road,Asia,346.0840008,401.06,Small Bag,7.756813322,10,182.21,120.72,321.48,141.5,Tema,Vietnam,Norway,93422.93,32.53
BATCH02366,24-06-2022,Liberica,Sea,Africa,441.4192442,1113.2,Small Bag,11.45415719,8,102.15,68.78,460.18,98.2,Tema,Peru,Saudi Arabia,191475.81,27.58
BATCH02367,25-06-2022,Liberica,Sea,Africa,332.9878604,1234.25,Large Crate,6.7099864,23,230.01,102.5,347.41,227.8,Mumbai,Kenya,China,421404.55,47.6
BATCH02368,26-06-2022,Liberica,Air,South America,484.1880264,1010.45,Small Bag,11.84796932,1,268.06,159.23,476.66,115.4,Mumbai,Indonesia,Norway,270427.78,53.8
BATCH02369,27-06-2022,Arabica,Air,Africa,396.500981,1883.71,Big Bag,9.275194606,2,164.12,68.79,199.76,46,Mombasa,Ghana,New Zealand,180357.35,20.19
BATCH02370,28-06-2022,Excelsa,Sea,South America,85.95208755,3134.2,Small Bag,1.696496091,12,192.37,100.24,400.03,141.6,Tema,Ivory Coast,Belgium,740841.69,43.38
BATCH02371,29-06-2022,Liberica,Sea,South America,276.2999837,1392.54,Big Bag,2.344971576,25,108.67,62.62,482.92,179.6,Nairobi,Peru,Spain,239936.72,11.19
BATCH02372,30-06-2022,Robusta,Air,South America,218.8658913,860.97,Small Crate,6.555505882,4,109.41,192.96,394.08,59,Mumbai,Tanzania,New Zealand,101097.67,14.89
BATCH02373,01-07-2022,Robusta,Road,Asia,272.164768,959.01,Big Bag,5.953340896,9,112.67,169.56,411.12,126,Ho Chi Minh,Guatemala,China,221861.77,53.29
BATCH02374,02-07-2022,Liberica,Sea,Central America,379.8732538,1105.68,Small Bag,11.15316404,9,229.62,147.53,191.53,107.1,Mumbai,Brazil,UAE,187002.13,34.91
BATCH02375,03-07-2022,Liberica,Air,Asia,381.148621,1156.96,Large Crate,8.711057097,2,226,68.2,496.74,78.7,Ho Chi Minh,Guatemala,Russia,229631.17,33.49
BATCH02376,04-07-2022,Robusta,Road,Asia,281.5801727,437.77,Large Crate,5.821996215,10,275.94,106.51,393.54,118.4,Mumbai,Indonesia,Poland,86938.87,40.32
BATCH02377,05-07-2022,Excelsa,Sea,Central America,168.4038233,3062.26,Small Bag,2.561404252,21,119.59,108.46,480.34,204,Ho Chi Minh,Colombia,Russia,918685.61,23.32
BATCH02378,06-07-2022,Liberica,Road,Asia,277.9653352,1309.74,Small Crate,3.402556535,6,262.39,56.44,282.65,131.1,Mumbai,Indonesia,Turkey,347959.03,30.19
BATCH02379,07-07-2022,Excelsa,Sea,Africa,414.4002542,3166.81,Big Bag,8.632515277,17,238.75,161.43,215.48,135.4,Ho Chi Minh,Vietnam,Spain,472750.3,12.28
BATCH02380,08-07-2022,Liberica,Air,Asia,274.1916951,1078.82,Small Bag,6.351582073,3,141.03,70.46,207.44,90.9,Tema,India,South Africa,212385.32,38.21
BATCH02381,09-07-2022,Robusta,Sea,Asia,371.9241111,400,Big Bag,7.723912633,12,280.94,160.83,145.98,161.1,Hambantota,Brazil,France,113831.15,24.9
BATCH02382,10-07-2022,Excelsa,Road,Central America,255.0388588,2891.84,Small Crate,2.56016153,10,234.47,132.29,407.74,114.8,Mombasa,Ethiopia,Netherlands,523805.58,20.45
BATCH02383,11-07-2022,Excelsa,Road,Central America,453.3750655,3529.4,Big Bag,9.943593785,4,218.97,77.32,131.9,74.9,Mumbai,Guatemala,China,542036.69,34.26
BATCH02384,12-07-2022,Arabica,Sea,Africa,476.8315041,443.79,Small Crate,12.78808111,13,261.02,143.09,196.7,206.6,Hambantota,Ethiopia,USA,164674.3,59.99
BATCH02385,13-07-2022,Liberica,Sea,South America,136.557733,1112.04,Small Bag,3.869092602,12,276.6,133.2,383.65,123.6,Mumbai,Cameroon,Sweden,208902.35,23.73
BATCH02386,14-07-2022,Liberica,Road,Central America,337.4137969,1011.41,Big Bag,7.372713387,12,211.2,117.61,369.96,155.1,Tema,Brazil,Germany,239607.67,61.19
BATCH02387,15-07-2022,Liberica,Road,Africa,572.4178148,1062.35,Big Bag,14.63290994,4,273.75,62.09,429.79,80.6,Mombasa,Brazil,New Zealand,192289.13,39.94
BATCH02388,16-07-2022,Robusta,Sea,South America,211.4779382,1054.32,Big Bag,4.998626108,16,245.65,171.21,161.38,168.8,Tema,Liberia,Qatar,223950.02,41.89
BATCH02389,17-07-2022,Liberica,Sea,Central America,368.8981186,1578.34,Big Bag,8.925695174,12,224.19,53.36,392.55,116.4,Mumbai,Cameroon,Saudi Arabia,248464.97,34.23
BATCH02390,18-07-2022,Liberica,Sea,Central America,136.4436747,1358.53,Large Crate,1.352935503,17,110.26,72.13,420.99,211,Ho Chi Minh,Liberia,Sweden,455650.32,60.65
BATCH02391,19-07-2022,Liberica,Sea,Central America,442.0922829,1529.95,Big Bag,9.090225037,24,172.97,150.42,181.99,157.2,Nairobi,Honduras,Canada,166286.07,13.07
BATCH02392,20-07-2022,Arabica,Sea,Central America,233.0251068,1410.07,Small Crate,1.3444766,23,209.66,167.35,473.07,180.7,Mombasa,Indonesia,Thailand,218221.33,15.44
BATCH02393,21-07-2022,Arabica,Road,South America,590.4166694,967.3,Big Bag,14.38853153,4,257.6,150.35,105.85,110,Mombasa,Uganda,Sweden,225723.56,59.85
BATCH02394,22-07-2022,Robusta,Air,South America,417.7704093,960.31,Small Bag,10.73493978,1,272.24,170.61,258.8,93.5,Nairobi,India,Germany,225838.87,54.48
BATCH02395,23-07-2022,Robusta,Road,South America,512.057717,801.33,Big Bag,11.82239682,5,155.46,127.41,334.98,88,Hambantota,Brazil,Thailand,127186.47,15.56
BATCH02396,24-07-2022,Liberica,Road,Central America,449.2863726,1227.89,Big Bag,10.56156541,7,261.64,133.43,460.52,130.7,Hambantota,Malaysia,Egypt,351540.98,45.39
BATCH02397,25-07-2022,Liberica,Air,South America,361.6330874,1708.23,Large Crate,8.845935541,2,252.37,50.78,172.96,81.4,Nairobi,Ethiopia,Netherlands,340952.09,41.28
BATCH02398,26-07-2022,Liberica,Sea,South America,407.0802659,1245.26,Small Crate,6.748691716,16,164.79,147.95,121.22,178.4,Mumbai,Colombia,USA,313891.31,51.07
BATCH02399,27-07-2022,Arabica,Air,Africa,449.3670989,648.65,Large Crate,12.8756007,3,125.66,170.61,356.63,110.1,Ho Chi Minh,Ghana,France,165790.38,54.3
BATCH02400,28-07-2022,Robusta,Air,Asia,560.7714992,936.91,Big Bag,14.35253501,2,269.7,130.41,356.93,85.9,Mombasa,Cameroon,South Africa,191158.09,33.52
BATCH02401,29-07-2022,Robusta,Air,Asia,366.5443101,891.09,Large Crate,7.485542594,4,285.95,81.72,112.9,106.4,Mumbai,Vietnam,Argentina,235517.24,31.79
BATCH02402,30-07-2022,Robusta,Air,Central America,504.8158301,1195.73,Small Crate,13.97302574,3,299.29,71.28,267.35,45.3,Tema,Vietnam,Spain,97139.6,14.7
BATCH02403,31-07-2022,Liberica,Air,Central America,390.4567189,1291.37,Small Crate,8.74999365,4,130.13,59.33,405.02,92,Mombasa,Colombia,UAE,253455.32,40.68
BATCH02404,01-08-2022,Liberica,Road,Africa,389.5477466,1354.74,Small Bag,8.075762803,4,134.62,70.16,442.99,89,Hambantota,Peru,Qatar,279695.15,30.7
BATCH02405,02-08-2022,Excelsa,Air,South America,316.7489509,3407.48,Small Bag,6.817240994,3,246.69,121.89,289.02,90.3,Nairobi,Papua New Guinea,Germany,760449.9,40.81
BATCH02406,03-08-2022,Robusta,Road,South America,217.8042709,1249.93,Large Crate,3.139316423,6,101.38,119.44,150.72,90.9,Mombasa,Colombia,UK,235511.37,19.57
BATCH02407,04-08-2022,Liberica,Sea,Africa,106.9454035,1143.97,Big Bag,0.055794912,20,182.38,196.61,483.99,183.7,Mombasa,Indonesia,South Africa,225561.71,36.63
BATCH02408,05-08-2022,Excelsa,Sea,Asia,248.5538077,2997.74,Small Bag,3.622593403,24,291,157.6,141.39,162.9,Hambantota,Cameroon,South Africa,393629.99,24.65
BATCH02409,06-08-2022,Liberica,Sea,South America,317.9264938,1199.26,Large Crate,7.645847574,7,151.01,104.02,370.86,91.1,Hambantota,Vietnam,Saudi Arabia,165236.89,28.23
BATCH02410,07-08-2022,Liberica,Road,Central America,255.3920893,816.73,Large Crate,5.699399284,12,168.48,94.32,437.3,94.5,Mombasa,Liberia,UK,68709.5,20.02
BATCH02411,08-08-2022,Liberica,Sea,Asia,302.8463603,1302.42,Big Bag,6.72727842,8,209.88,130.82,103.84,95.8,Mumbai,Ethiopia,USA,210217.89,17.56
BATCH02412,09-08-2022,Arabica,Road,South America,600.4751425,916.91,Big Bag,14.70972329,5,118.66,132.34,351.31,83.8,Hambantota,Ethiopia,Spain,152071.01,36.42
BATCH02413,10-08-2022,Excelsa,Sea,Africa,170.2544094,2929.08,Big Bag,5.25408556,13,237.24,149.93,341.2,145.1,Ho Chi Minh,Tanzania,South Korea,742087.52,21.02
BATCH02414,11-08-2022,Arabica,Road,Africa,258.0138569,762.53,Small Bag,6.78274409,7,269.77,178.48,220.85,96.5,Hambantota,Guatemala,UK,110221.07,30.73
BATCH02415,12-08-2022,Excelsa,Air,Central America,273.8705005,3302.91,Large Crate,2.00273327,3,232.16,134.71,395.96,80.1,Tema,Honduras,France,572542.82,39.09
BATCH02416,13-08-2022,Robusta,Sea,Asia,135.3404004,1127.03,Big Bag,0.719365987,19,175.51,193.82,162.2,134.6,Tema,Ethiopia,Pakistan,137687.95,11.65
BATCH02417,14-08-2022,Arabica,Road,Asia,428.5824792,1191.14,Large Crate,11.63114272,3,243.83,90.79,288.91,114.3,Mumbai,Liberia,Saudi Arabia,326503.14,37.12
BATCH02418,15-08-2022,Liberica,Road,Asia,396.5500206,1400.28,Small Bag,8.560247626,6,172,192.33,169.45,96.6,Mombasa,Kenya,Germany,285363.44,26.18
BATCH02419,16-08-2022,Liberica,Sea,South America,403.0658127,1324.95,Small Crate,11.41057209,8,148.7,96.26,441.7,89.5,Hambantota,Liberia,Turkey,185048.63,11.78
BATCH02420,17-08-2022,Liberica,Air,Asia,62.29881389,1274.61,Large Crate,2.247941983,1,134.08,176.03,484.72,29.9,Hambantota,Uganda,Japan,89099.07,15.73
BATCH02421,18-08-2022,Arabica,Air,Asia,375.0629444,400,Small Crate,8.577431568,4,296.41,62.73,492.6,104,Mumbai,Indonesia,Japan,102084.26,14.43
BATCH02422,19-08-2022,Robusta,Sea,South America,177.5999218,714.43,Large Crate,3.804637115,7,245.5,150.25,480.86,72.5,Hambantota,Indonesia,Poland,72279.75,19.76
BATCH02423,20-08-2022,Excelsa,Air,Central America,207.6973065,3331.17,Small Crate,3.420927254,2,134.24,172.48,360.89,83.5,Tema,India,Chile,701127.08,29.37
BATCH02424,21-08-2022,Excelsa,Sea,Africa,121.6567458,2957.13,Small Bag,0.172890211,21,292.27,84.26,355.97,207.9,Mombasa,Ethiopia,South Korea,709065.87,67.04
BATCH02425,22-08-2022,Excelsa,Road,Africa,165.7591341,3324.42,Large Crate,1.955110854,7,255.52,179.06,230.19,124.4,Ho Chi Minh,Liberia,Turkey,811566.76,21.3
BATCH02426,23-08-2022,Arabica,Air,Africa,153.7208796,400,Small Crate,4.639021672,2,214.35,111.69,166.08,38.2,Mombasa,Vietnam,Netherlands,34061.68,8.4
BATCH02427,24-08-2022,Excelsa,Road,South America,153.9094844,3150.47,Small Crate,1.753181409,6,170.7,117.34,175.96,102.9,Ho Chi Minh,Kenya,Germany,673130.35,30.52
BATCH02428,25-08-2022,Liberica,Sea,Asia,565.8663953,1132.97,Small Bag,14.78787661,21,263.11,52.53,278.08,202.2,Nairobi,Colombia,Canada,307553.88,57.74
BATCH02429,26-08-2022,Arabica,Road,Asia,168.8817287,1751.01,Large Crate,4.629489728,4,280.34,94.53,460,56.3,Hambantota,Cameroon,Bangladesh,179200.46,11.51
BATCH02430,27-08-2022,Robusta,Air,South America,82.68709807,474.11,Small Crate,1.954859201,2,290.33,135.44,238.99,88.6,Nairobi,Mexico,Egypt,114768,23.55
BATCH02431,28-08-2022,Excelsa,Air,South America,136.1358115,3334.78,Large Crate,2.986234692,4,189.25,125.59,295.29,117.2,Mumbai,Cameroon,France,917671.86,49.72
BATCH02432,29-08-2022,Excelsa,Road,Asia,401.8046897,3127.39,Big Bag,8.815548425,3,129.9,194.05,329.77,99.9,Hambantota,Cameroon,Argentina,751539.78,47.23
BATCH02433,30-08-2022,Arabica,Sea,Central America,50,1153.99,Big Bag,0.960652858,13,175.43,197.67,258.99,148.4,Hambantota,Liberia,Singapore,243034.57,16.62
BATCH02434,31-08-2022,Excelsa,Sea,Central America,529.5840511,3408.87,Small Crate,12.93651195,9,283.33,54.65,307.2,102,Nairobi,Honduras,Qatar,569216.7,32.15
BATCH02435,01-09-2022,Excelsa,Sea,Africa,552.2776431,3348.3,Small Bag,14.42249519,8,186.69,165.39,462.36,70.3,Mumbai,Ghana,Russia,303476.12,14.82
BATCH02436,02-09-2022,Excelsa,Sea,South America,198.1612418,3168.43,Small Crate,3.70121131,15,193.98,119.69,367.58,129.3,Tema,Honduras,Canada,469448.57,25.9
BATCH02437,03-09-2022,Arabica,Air,South America,228.5113877,1153.23,Big Bag,6.751429029,3,248.61,57.42,326.82,70.2,Nairobi,Tanzania,Italy,156320.71,34.32
BATCH02438,04-09-2022,Arabica,Sea,Africa,70.13712572,1837.74,Large Crate,0.332016765,12,212.08,78.16,393.92,137.7,Hambantota,Uganda,New Zealand,356159.94,15.13
BATCH02439,05-09-2022,Robusta,Road,Central America,427.4148037,1095.05,Large Crate,9.610653371,8,227.94,61.5,279.64,100.3,Nairobi,Cameroon,Egypt,175415.01,22.99
BATCH02440,06-09-2022,Excelsa,Sea,Africa,349.1029862,3177.83,Large Crate,6.208890871,11,132.81,182.29,253.13,126.1,Ho Chi Minh,Philippines,China,707261.62,20.41
BATCH02441,07-09-2022,Excelsa,Sea,South America,169.9581689,3104.6,Small Bag,4.050876992,23,193.9,111.69,386.69,196.6,Mombasa,Papua New Guinea,Germany,640893.7,17.35
BATCH02442,08-09-2022,Robusta,Road,Asia,250.1698753,950.21,Large Crate,3.102556659,9,139.22,56.48,495.01,88.5,Hambantota,Indonesia,Poland,117712.3,27.92
BATCH02443,09-09-2022,Liberica,Sea,Central America,428.6041466,1127.47,Big Bag,9.810346165,25,184.03,173.62,286.76,202.1,Tema,India,France,262834.72,49.48
BATCH02444,10-09-2022,Excelsa,Sea,Central America,286.9558041,3397.64,Large Crate,6.243255465,10,245.5,98.68,225.11,103.1,Nairobi,Ivory Coast,Pakistan,498474.66,29.97
BATCH02445,11-09-2022,Robusta,Road,Africa,143.9539236,809.09,Large Crate,2.694889335,3,218.01,69.14,298.82,66,Mumbai,Colombia,New Zealand,112135.05,12.58
BATCH02446,12-09-2022,Excelsa,Sea,Central America,381.0295856,3114.34,Big Bag,10.33663622,12,198.54,135.68,405.45,136.8,Ho Chi Minh,Liberia,Norway,644913.41,44.2
BATCH02447,13-09-2022,Robusta,Air,South America,445.4286582,973.37,Big Bag,8.476084246,1,163.86,69.44,414.86,86,Nairobi,Ghana,China,185860.77,36.61
BATCH02448,14-09-2022,Robusta,Road,South America,495.3245154,400,Large Crate,12.88008082,11,110.01,175.58,291.95,145.9,Hambantota,Ethiopia,Poland,84116.56,55.16
BATCH02449,15-09-2022,Excelsa,Sea,South America,219.3575716,2958.56,Large Crate,1.762138483,11,298.99,124.89,162.66,136,Hambantota,Kenya,Spain,582410.18,33.89
BATCH02450,16-09-2022,Liberica,Road,South America,465.62787,1477.55,Small Crate,11.78499903,8,236.31,62.92,339.2,106.6,Nairobi,Philippines,Bangladesh,291188.59,31.14
BATCH02451,17-09-2022,Arabica,Road,Africa,380.4476578,992.23,Large Crate,10.1027518,9,269.79,159.46,230.05,138.6,Mombasa,India,Netherlands,253053.02,57.46
BATCH02452,18-09-2022,Excelsa,Road,South America,180.9594306,3528.84,Large Crate,1.725164052,4,229.43,163.4,105.46,113.6,Mumbai,Ivory Coast,Poland,1023315.42,19.86
BATCH02453,19-09-2022,Liberica,Road,Asia,520.561082,1300,Big Bag,10.42231095,8,224.14,100.82,170.42,94.9,Mombasa,Guatemala,Australia,218277.38,28.04
BATCH02454,20-09-2022,Liberica,Road,Central America,266.490447,1213.86,Large Crate,6.623209333,7,263.99,181.03,267.45,70.4,Ho Chi Minh,Uganda,Egypt,106643.74,7.44
BATCH02455,21-09-2022,Arabica,Sea,Africa,570.9365987,1281.27,Small Bag,14.17477178,23,292.72,108.68,232.32,159.7,Tema,Peru,Singapore,163388.11,16.94
BATCH02456,22-09-2022,Liberica,Sea,Central America,173.2505569,1061.13,Big Bag,2.124170259,10,287.73,114.52,125.9,115.4,Tema,Ethiopia,China,184417.54,33.23
BATCH02457,23-09-2022,Excelsa,Sea,Asia,316.799125,3025.1,Small Crate,9.642500862,25,279.13,191.27,303.33,207.2,Mombasa,Cameroon,Russia,720143.15,25.48
BATCH02458,24-09-2022,Arabica,Air,Central America,198.2973283,995.97,Big Bag,5.729700682,3,177.89,185.3,107.07,70.2,Mombasa,Malaysia,USA,151564.09,18.95
BATCH02459,25-09-2022,Liberica,Air,South America,507.9674144,855.44,Large Crate,14.35222006,2,193.46,58.38,340.5,112,Ho Chi Minh,Mexico,South Africa,263968.19,45.19
BATCH02460,26-09-2022,Excelsa,Road,Central America,265.8631321,2875.56,Big Bag,4.949623429,10,267.58,50.19,212.26,83.3,Ho Chi Minh,Colombia,Pakistan,251544.65,21.15
BATCH02461,27-09-2022,Arabica,Road,South America,576.9023078,1095.15,Big Bag,14.43278864,4,274.65,162.17,354.63,69.8,Mombasa,Honduras,Spain,155482.86,19.56
BATCH02462,28-09-2022,Arabica,Air,Africa,427.1229803,641.8,Large Crate,13.52228777,3,235.57,145.7,214.49,43.5,Hambantota,Indonesia,South Korea,44479,6.31
BATCH02463,29-09-2022,Robusta,Road,Central America,254.3073319,1050.49,Large Crate,4.05574853,5,148,57.3,213.02,79.3,Mombasa,Philippines,UAE,166824.58,22.03
BATCH02464,30-09-2022,Arabica,Sea,Central America,455.6747868,757.72,Small Crate,12.05312665,22,260.06,198.59,274.99,163.4,Mumbai,Liberia,Turkey,100258.59,31.33
BATCH02465,01-10-2022,Liberica,Sea,Asia,548.1875799,1012.06,Small Bag,14.93406303,14,114.42,165.86,136.2,106.6,Hambantota,Malaysia,Poland,109366.43,13.29
BATCH02466,02-10-2022,Robusta,Air,Africa,243.1289433,950.77,Large Crate,3.789945033,1,167.27,152.71,144.12,17.6,Hambantota,Kenya,Australia,31064.82,3.15
BATCH02467,03-10-2022,Arabica,Road,South America,383.8549922,400,Large Crate,6.55165754,9,275.15,50.86,490.91,129,Ho Chi Minh,Kenya,Canada,90894.08,23.34
BATCH02468,04-10-2022,Arabica,Sea,Asia,349.2634215,946.76,Small Crate,7.802711049,19,256.52,52.13,377.06,147.8,Mombasa,Papua New Guinea,Belgium,150800.06,21.21
BATCH02469,05-10-2022,Arabica,Road,Africa,164.882162,1177.28,Big Bag,4.423967037,6,102.98,82.02,414.14,97.8,Nairobi,Malaysia,Netherlands,190869.86,28.46
BATCH02470,06-10-2022,Arabica,Sea,Asia,97.51455219,1218.95,Large Crate,0.228972595,18,121.84,107.56,261.18,177.3,Mumbai,Uganda,Pakistan,272463.33,21.5
BATCH02471,07-10-2022,Excelsa,Sea,South America,241.664861,3504.95,Small Bag,3.301938663,16,243.23,114.44,244.98,120.8,Ho Chi Minh,Kenya,Canada,337714.77,15.57
BATCH02472,08-10-2022,Robusta,Air,Asia,271.1237678,877.77,Big Bag,4.229053265,1,235.92,121.4,279.33,74.6,Mombasa,Ghana,Egypt,180530.21,30.69
BATCH02473,09-10-2022,Liberica,Road,Asia,332.9110843,1247.17,Small Crate,6.65399552,6,192.17,173.57,282.95,142.8,Nairobi,Vietnam,China,350910.19,44.64
BATCH02474,10-10-2022,Excelsa,Air,Africa,151.4945575,3045.12,Large Crate,2.566537176,1,266.71,167.29,113.04,70.1,Ho Chi Minh,Uganda,Argentina,534624.28,19.51
BATCH02475,11-10-2022,Liberica,Air,Africa,424.5731956,1094.82,Big Bag,13.09881535,2,174.85,112.36,234,89.8,Tema,Vietnam,Pakistan,217804.64,47.22
BATCH02476,12-10-2022,Excelsa,Road,Asia,446.6853975,2936.68,Large Crate,10.57366699,4,114.5,80.64,369.67,70.7,Ho Chi Minh,Colombia,Italy,361662.91,31.9
BATCH02477,13-10-2022,Liberica,Sea,Africa,77.62837192,930.96,Small Bag,1.278007163,12,153.37,144.87,447.47,133.5,Nairobi,Honduras,Turkey,183869.64,48.98
BATCH02478,14-10-2022,Arabica,Air,Asia,427.1921538,1847.8,Small Bag,9.751386767,1,251.59,77.23,306.67,101.6,Ho Chi Minh,Tanzania,Sweden,451455.75,34.43
BATCH02479,15-10-2022,Arabica,Road,South America,428.8098823,2062.24,Small Bag,9.804847146,10,208.7,128.17,255.9,127.1,Hambantota,Guatemala,Thailand,433876.4,25.08
BATCH02480,16-10-2022,Excelsa,Sea,Central America,506.9148813,2985.42,Small Crate,14.3433176,16,168,159.39,460.17,171.5,Mombasa,Tanzania,Qatar,864066.07,32.95
BATCH02481,17-10-2022,Liberica,Sea,Central America,95.73622761,1140.85,Big Bag,0.04531307,10,201.5,190.46,219.06,164.9,Mombasa,Papua New Guinea,Sweden,309454.15,20.77
BATCH02482,18-10-2022,Arabica,Air,South America,221.5034958,1501.82,Small Crate,3.718986747,2,175.98,53.77,176.98,88.6,Hambantota,Indonesia,South Africa,306416.47,16.15
BATCH02483,19-10-2022,Liberica,Road,Central America,486.7654321,1219.16,Small Bag,13.91687219,11,270.39,56.72,246.16,95.5,Tema,Ivory Coast,Pakistan,154042.61,18.72
BATCH02484,20-10-2022,Excelsa,Sea,Africa,450.3762602,3252.15,Small Bag,13.98200873,11,143.96,142.99,420.45,146.8,Mombasa,Papua New Guinea,Spain,725611.52,28
BATCH02485,21-10-2022,Robusta,Sea,Africa,422.3029249,704.84,Large Crate,10.80879629,23,219.17,178.14,146.99,169.6,Mumbai,Kenya,Saudi Arabia,94214.62,21.44
BATCH02486,22-10-2022,Liberica,Air,Africa,447.845125,1007.67,Large Crate,11.48644982,2,219.38,186.73,419.92,108.4,Mombasa,Honduras,Thailand,276697.88,27.93
BATCH02487,23-10-2022,Robusta,Sea,South America,209.2196993,710.99,Big Bag,1.372244369,9,164.69,72.57,288.85,132.3,Mumbai,Uganda,Belgium,189686.72,35.87
BATCH02488,24-10-2022,Robusta,Sea,Africa,292.1445221,725.43,Small Bag,7.708137522,20,274.63,125.59,280.04,196.6,Mombasa,Mexico,Saudi Arabia,162636.18,37.91
BATCH02489,25-10-2022,Arabica,Sea,Africa,257.6371548,1006.23,Large Crate,3.473744869,20,249.29,112.72,497.14,146.2,Mumbai,India,France,124512.23,12.54
BATCH02490,26-10-2022,Robusta,Road,Asia,124.1946457,1078.34,Large Crate,2.718270654,6,141.5,57.52,204.35,123.3,Mumbai,Ghana,Saudi Arabia,308008.18,16.33
BATCH02491,27-10-2022,Arabica,Road,Africa,397.4063746,845.76,Large Crate,12.15454949,6,299.84,116.44,347.21,55.5,Mumbai,Kenya,Bangladesh,64600.36,14.91
BATCH02492,28-10-2022,Arabica,Air,South America,145.7240393,1287.52,Big Bag,2.02557205,3,272.26,136.47,243.15,120.6,Ho Chi Minh,Ivory Coast,Poland,357260.5,22.64
BATCH02493,29-10-2022,Liberica,Road,Asia,263.8477861,1002.14,Small Crate,7.029774555,9,123.01,125.34,211.43,83.4,Tema,Honduras,Japan,93096.7,20.37
BATCH02494,30-10-2022,Robusta,Road,South America,454.4294174,1141.34,Big Bag,14.07867359,10,100.59,68.97,210.32,97.4,Mumbai,Honduras,Egypt,143787.57,25.41
BATCH02495,31-10-2022,Excelsa,Sea,South America,280.8409408,3229.26,Large Crate,2.787480833,23,167.3,118.84,350.76,149.8,Hambantota,Vietnam,Singapore,336348.22,13.85
BATCH02496,01-11-2022,Excelsa,Air,Central America,517.5146589,3289.48,Small Bag,14.66990136,1,127.66,146,442.29,70.4,Mumbai,Guatemala,Sweden,644609.85,30.97
BATCH02497,02-11-2022,Arabica,Sea,Central America,662.9947729,1619.61,Small Crate,14.91431979,25,257.85,125.35,241.59,207.2,Mombasa,Cameroon,Turkey,371937.63,34.8
BATCH02498,03-11-2022,Excelsa,Sea,South America,300.2910297,3228.52,Big Bag,8.33425732,17,200.49,116.32,333.29,146.2,Ho Chi Minh,India,China,519512.35,35.73
BATCH02499,04-11-2022,Excelsa,Sea,Central America,91.13690475,3159.5,Small Crate,2.552141103,13,227.36,183.6,269.46,123.8,Mumbai,Vietnam,Bangladesh,537954.32,13.74
BATCH02500,05-11-2022,Robusta,Sea,Central America,306.8116855,937.09,Small Bag,4.741573319,17,168.53,98.85,189.6,180.1,Ho Chi Minh,Ghana,Sweden,272656.51,32.68
BATCH02501,06-11-2022,Arabica,Air,Asia,254.6889431,924.55,Big Bag,6.36739249,1,258.42,75.62,100.66,64.7,Tema,Honduras,New Zealand,152208.99,29.51
BATCH02502,07-11-2022,Robusta,Road,Africa,246.1391909,641.45,Large Crate,4.639863365,10,176.54,179.83,378.1,124.7,Mombasa,Brazil,Egypt,142889.62,39.71
BATCH02503,08-11-2022,Robusta,Sea,South America,158.5043367,839.73,Small Crate,4.209533698,9,265.46,84.51,458.86,104.4,Nairobi,Ghana,USA,155376.62,29.99
BATCH02504,09-11-2022,Arabica,Road,Asia,535.5977121,529.55,Large Crate,14.58344564,3,188.32,190.9,320.31,105.6,Tema,Guatemala,Turkey,130332.57,55.36
BATCH02505,10-11-2022,Liberica,Sea,South America,100.4328688,968.35,Large Crate,2.300472411,22,227.29,68.73,301.16,219.8,Ho Chi Minh,Peru,South Africa,275626.64,44.98
BATCH02506,11-11-2022,Arabica,Road,Africa,426.302189,467.34,Small Bag,10.99991863,9,165.39,73.13,481.73,126.6,Mombasa,India,Pakistan,104659.3,45.44
BATCH02507,12-11-2022,Robusta,Sea,Central America,76.48800327,1089.49,Small Bag,0.006154342,14,271.17,51.77,258.38,155.5,Tema,Indonesia,Germany,288031.53,39.27
BATCH02508,13-11-2022,Excelsa,Road,Asia,379.7955878,3233.77,Large Crate,8.942740041,5,269.2,147.32,393.44,70.6,Mombasa,Guatemala,Chile,407091.71,21.78
BATCH02509,14-11-2022,Robusta,Air,Africa,543.4589203,976.02,Big Bag,13.73914506,4,162.46,160.87,182.42,111.8,Nairobi,Peru,Argentina,238312.47,48.74
BATCH02510,15-11-2022,Liberica,Road,South America,241.6243423,1333.92,Small Crate,4.319011411,9,198.72,134.17,258.54,114.6,Hambantota,Ivory Coast,Spain,246869.29,43.13
BATCH02511,16-11-2022,Excelsa,Sea,Central America,206.039016,3180.89,Big Bag,2.782889629,8,207.77,115.54,105.74,128.2,Hambantota,Indonesia,Sweden,654069.81,20.73
BATCH02512,17-11-2022,Liberica,Sea,Africa,387.8042739,1212.99,Large Crate,9.775196923,11,287.68,198.92,479.76,128.5,Nairobi,Philippines,Germany,260426.24,32.35
BATCH02513,18-11-2022,Excelsa,Road,South America,398.9046982,3290.7,Large Crate,10.68902111,5,271.37,122.74,381.04,56.5,Mombasa,Brazil,UK,320505.2,7.49
BATCH02514,19-11-2022,Excelsa,Road,South America,433.1196677,3198.11,Large Crate,10.32045778,7,179.22,112.72,291.94,73.1,Nairobi,Vietnam,UAE,295840.11,16.52
BATCH02515,20-11-2022,Excelsa,Air,Central America,238.1202052,3503.68,Large Crate,4.7897532,4,145.38,94.47,380.87,76.4,Nairobi,Cameroon,France,486734.67,20.29
BATCH02516,21-11-2022,Robusta,Sea,Central America,209.8255919,830.16,Big Bag,3.783036032,13,210.29,58.38,384.64,157.7,Hambantota,Mexico,South Africa,224924.91,49.1
BATCH02517,22-11-2022,Robusta,Road,Africa,550.0507083,938.29,Big Bag,14.338782,11,285.69,178.24,308.44,165.7,Tema,Ethiopia,Russia,314131.77,22
BATCH02518,23-11-2022,Arabica,Road,South America,463.8239988,1168.7,Small Crate,13.84949262,9,110.44,150.07,253.7,121.5,Nairobi,Peru,Norway,270562.18,34.33
BATCH02519,24-11-2022,Robusta,Road,Africa,377.2730292,1119.05,Large Crate,6.859749148,11,185.74,158.76,354.14,127.9,Nairobi,Brazil,Norway,243909.7,40.8
BATCH02520,25-11-2022,Liberica,Sea,Africa,468.3194107,1087.94,Small Crate,12.69290799,18,256.34,85.82,196.91,238.8,Mumbai,Vietnam,New Zealand,393144.07,76.5
BATCH02521,26-11-2022,Liberica,Air,South America,309.7546457,1661.03,Small Crate,6.784852165,1,215.28,89.76,411.46,99.5,Hambantota,Honduras,Germany,475319.19,53.19
BATCH02522,27-11-2022,Arabica,Sea,Asia,288.7490857,983.26,Small Bag,6.365835271,7,242.26,198.15,196.87,67.1,Mombasa,Vietnam,France,95036.06,18.42
BATCH02523,28-11-2022,Robusta,Road,Central America,203.1804841,1111.18,Small Crate,2.351444214,8,192.86,114.23,342.42,120.7,Mumbai,Mexico,Singapore,256289.98,20.53
BATCH02524,29-11-2022,Excelsa,Air,South America,308.841809,3180.04,Big Bag,6.396090847,4,266.31,89.57,139.02,133.1,Mombasa,Peru,Belgium,874551.53,58.67
BATCH02525,30-11-2022,Liberica,Air,South America,339.341425,1454.54,Large Crate,8.061254079,1,201.22,187.26,236.17,37.4,Hambantota,Ghana,Italy,147002.78,13.91
BATCH02526,01-12-2022,Liberica,Road,Central America,182.5646531,1048.91,Small Bag,0.337564911,12,271.19,112.92,369.51,111.6,Hambantota,Brazil,New Zealand,159702.27,16.91
BATCH02527,02-12-2022,Liberica,Air,South America,139.6835719,1358.69,Large Crate,6.661695078,2,140.95,199.13,359.51,45.1,Nairobi,Guatemala,Poland,116890.46,6.68
BATCH02528,03-12-2022,Liberica,Sea,Central America,513.7440173,1523.33,Large Crate,11.72034328,7,274.92,157.94,425.99,41.9,Mombasa,Papua New Guinea,Argentina,24325.66,2.85
BATCH02529,04-12-2022,Arabica,Road,Asia,452.0314956,1908,Small Bag,10.20069085,11,263.14,191.81,358.73,130,Ho Chi Minh,Kenya,South Africa,447436.3,29.58
BATCH02530,05-12-2022,Arabica,Sea,Africa,294.0298133,1156.74,Small Crate,9.527354833,15,276.97,189.3,209.69,174.9,Mombasa,Kenya,China,307305.12,47.55
BATCH02531,06-12-2022,Excelsa,Sea,South America,555.7641037,3273.45,Large Crate,13.64333143,15,100.09,106.71,187.29,156.3,Tema,Philippines,UAE,700262.41,34.15
BATCH02532,07-12-2022,Excelsa,Air,Central America,161.0377767,2935.84,Small Crate,0.270480147,1,170.07,130.31,149.71,59.9,Ho Chi Minh,Guatemala,Turkey,477650.72,34.39
BATCH02533,08-12-2022,Arabica,Air,Africa,378.7595883,494.75,Small Bag,8.355713793,1,198.51,79.27,138.55,90.2,Mombasa,India,Pakistan,131570.88,39.98
BATCH02534,09-12-2022,Liberica,Sea,Asia,376.3526096,1242.44,Large Crate,11.81023273,7,275.28,93.76,109.45,77,Nairobi,Colombia,Singapore,145555.71,8.12
BATCH02535,10-12-2022,Excelsa,Sea,Africa,377.7335581,3080.29,Big Bag,8.120030741,10,114.77,118.73,387.5,95,Hambantota,Kenya,Pakistan,331955.2,22.01
BATCH02536,11-12-2022,Arabica,Road,South America,296.1128415,691.62,Big Bag,4.858433289,10,192.4,99.35,423.95,112.4,Mumbai,Peru,Egypt,118573.98,36.16
BATCH02537,12-12-2022,Robusta,Road,South America,132.7024296,611.74,Large Crate,2.043758476,11,194.6,77.53,133.73,112.9,Ho Chi Minh,Peru,Belgium,102198.72,11.86
BATCH02538,13-12-2022,Robusta,Air,Asia,521.4600751,732.89,Large Crate,13.31344608,4,162.86,96.84,102.3,86,Tema,Colombia,Pakistan,149501.74,22.35
BATCH02539,14-12-2022,Excelsa,Air,Central America,294.1826818,3283.44,Small Bag,7.061435886,2,163.37,91.51,261.14,66.4,Mombasa,Honduras,New Zealand,505592.26,34.92
BATCH02540,15-12-2022,Arabica,Sea,South America,539.4206882,621.57,Small Crate,13.17172795,25,111.77,160.56,252.58,154.1,Mombasa,Uganda,Spain,48157.61,16.75
BATCH02541,16-12-2022,Robusta,Road,Africa,347.9581208,738.9,Large Crate,8.787781836,8,139.45,139.44,284.47,111.4,Tema,Honduras,Argentina,150562.47,35.29
BATCH02542,17-12-2022,Liberica,Air,Central America,374.3805793,973.49,Small Bag,10.11288175,3,106.98,120.75,142.85,114.6,Mumbai,Ethiopia,Argentina,245145.11,31.58
BATCH02543,18-12-2022,Arabica,Sea,Africa,459.9526923,1485.9,Big Bag,12.06391732,24,188.52,127.42,223.18,211.5,Mombasa,Papua New Guinea,Qatar,407129.74,24.53
BATCH02544,19-12-2022,Robusta,Road,Central America,329.537389,1288.4,Big Bag,9.887333169,8,237.74,155.91,356.68,93.4,Mumbai,Colombia,Japan,161984.08,11.41
BATCH02545,20-12-2022,Excelsa,Air,South America,272.1955791,2963.84,Small Crate,5.97082261,2,248.57,173.89,289.06,85.6,Hambantota,Liberia,Poland,671401.42,38.35
BATCH02546,21-12-2022,Liberica,Air,South America,349.2396596,1148.34,Small Bag,7.704500759,2,194.46,183.54,463.87,65.2,Ho Chi Minh,Brazil,South Korea,146999.74,25.79
BATCH02547,22-12-2022,Arabica,Sea,Africa,504.8684496,665.5,Large Crate,12.04568287,9,184.58,76.94,148.8,132,Ho Chi Minh,Ivory Coast,Italy,151923.92,38.29
BATCH02548,23-12-2022,Liberica,Sea,Asia,280.5904703,1341.6,Small Crate,5.604754446,14,135.85,149.27,200.57,76.9,Tema,Vietnam,New Zealand,25357.03,4.23
BATCH02549,24-12-2022,Liberica,Air,Asia,203.0245737,1373.68,Small Bag,5.821821852,1,269.35,184.03,491.65,63.5,Hambantota,Ethiopia,UAE,253466.43,36.61
BATCH02550,25-12-2022,Liberica,Air,Central America,210.6741091,1230.73,Small Crate,1.435351741,1,138.09,73.37,292.22,110.9,Ho Chi Minh,Vietnam,Russia,394731.35,25.35
BATCH02551,26-12-2022,Liberica,Sea,Central America,583.3709212,1007.66,Small Bag,13.71876653,13,250.72,171.3,116.75,130.4,Mombasa,Indonesia,Netherlands,168477.15,29.02
BATCH02552,27-12-2022,Robusta,Sea,Africa,146.5947045,542.82,Big Bag,1.365544724,7,141.77,98.07,164.43,87.5,Mumbai,Colombia,Germany,88802.72,13.19
BATCH02553,28-12-2022,Liberica,Air,South America,354.0970488,1185.53,Small Bag,9.723137662,3,168.43,116.7,233.12,109.5,Ho Chi Minh,Mexico,Canada,328000.91,37.08
BATCH02554,29-12-2022,Liberica,Air,South America,259.3566186,986.64,Small Crate,6.197917182,3,204.67,170.42,361.74,79.8,Ho Chi Minh,India,France,201641.04,37.31
BATCH02555,30-12-2022,Arabica,Air,South America,272.3526057,1100.81,Small Crate,6.084290854,2,138.1,105.54,345.36,108.1,Hambantota,Tanzania,Canada,326870.16,40.16
BATCH02556,31-12-2022,Robusta,Air,Central America,419.7317493,430.21,Small Bag,10.19327755,3,217.27,167.76,451.73,81.6,Hambantota,Mexico,Turkey,80262.2,41.73
BATCH02557,01-01-2023,Robusta,Sea,Asia,114.9679156,1083.4,Large Crate,1.006405989,14,203.27,92.5,105.22,113.5,Mombasa,Cameroon,Qatar,129873.28,9.07
BATCH02558,02-01-2023,Robusta,Air,South America,324.2482256,704.72,Big Bag,8.905586744,2,204.71,68.71,254.85,64.6,Ho Chi Minh,Ghana,Saudi Arabia,98166.46,15.34
BATCH02559,03-01-2023,Robusta,Road,Africa,498.5647979,732.81,Small Crate,11.58047679,5,113.88,111.26,369.38,81.7,Tema,Vietnam,Qatar,125359.26,17.71
BATCH02560,04-01-2023,Excelsa,Road,South America,485.5600355,3151.51,Big Bag,12.42319137,12,254.07,186.75,375.69,146.7,Ho Chi Minh,Vietnam,Australia,754990.54,29.78
BATCH02561,05-01-2023,Robusta,Sea,South America,124.1200741,400,Small Crate,2.557955841,23,132.67,56.88,433.06,170.2,Hambantota,India,France,51463.19,24.21
BATCH02562,06-01-2023,Excelsa,Sea,Africa,518.4040953,3160.34,Small Crate,13.46128575,20,186.16,195.11,404.12,176.5,Mombasa,Brazil,Saudi Arabia,619571.81,45.35
BATCH02563,07-01-2023,Arabica,Road,South America,403.3592828,400,Small Crate,9.842191378,10,243.85,127.98,219.55,116,Ho Chi Minh,Philippines,Argentina,64412.62,27.24
BATCH02564,08-01-2023,Arabica,Sea,South America,460.9320148,400,Small Bag,13.22782201,7,167.32,71.48,486.39,111.2,Mombasa,Cameroon,Poland,79427.61,23.57
BATCH02565,09-01-2023,Robusta,Road,South America,378.1288107,801.13,Small Crate,7.279210757,12,178.64,166.47,440.6,128.4,Hambantota,Mexico,Japan,128772.84,26.8
BATCH02566,10-01-2023,Excelsa,Air,South America,350.6594656,3212.75,Small Crate,8.130500176,1,122.61,128.63,286.56,113.9,Mombasa,Kenya,South Africa,1048955.28,40.77
BATCH02567,11-01-2023,Excelsa,Sea,Asia,502.7361426,3481.5,Big Bag,13.78557416,10,157.07,119.71,487.01,151.1,Mombasa,Ethiopia,Japan,972895.81,63.31
BATCH02568,12-01-2023,Liberica,Air,Africa,500.7852071,1108.41,Small Crate,13.49864315,2,278.52,176.05,256.97,84.4,Mumbai,India,Italy,191624.05,34.14
BATCH02569,13-01-2023,Liberica,Sea,Africa,323.8682328,1112.61,Large Crate,6.722413101,9,219.11,71.02,262.25,105.9,Nairobi,Liberia,Belgium,204874.56,37.5
BATCH02570,14-01-2023,Arabica,Road,South America,219.8765135,400,Small Bag,4.116189475,8,187.94,126.89,204.56,108.7,Mumbai,India,Russia,82727.91,19.77
BATCH02571,15-01-2023,Robusta,Road,South America,272.8995119,1337.54,Small Bag,5.897556518,7,213.71,144.81,110.79,74,Mombasa,Papua New Guinea,Netherlands,152471.33,20.47
BATCH02572,16-01-2023,Excelsa,Sea,South America,327.7922013,2677.5,Small Crate,5.816464928,13,158.91,142.04,383.7,145.7,Mombasa,India,Australia,539355.5,16.12
BATCH02573,17-01-2023,Robusta,Sea,South America,158.1698774,861.17,Big Bag,4.303003125,8,241.23,122.31,448.1,103.6,Mumbai,Papua New Guinea,New Zealand,146965.21,30.99
BATCH02574,18-01-2023,Excelsa,Road,Central America,158.283165,3133.41,Large Crate,4.028694065,5,237.64,164.86,191.83,90.4,Nairobi,Vietnam,Poland,545782.32,14.14
BATCH02575,19-01-2023,Excelsa,Road,Africa,526.3264894,3222.98,Big Bag,12.91594405,8,290.87,63.83,348.82,108.4,Ho Chi Minh,Kenya,Norway,587059.24,40.66
BATCH02576,20-01-2023,Arabica,Road,Central America,252.2303537,1566.02,Small Crate,1.04792881,3,132.9,137.54,438.33,129.3,Ho Chi Minh,Malaysia,Russia,428753.13,40.33
BATCH02577,21-01-2023,Excelsa,Sea,Central America,448.7498045,3216.83,Large Crate,10.16416773,23,297.6,108.74,142.82,174.7,Mumbai,Ethiopia,Singapore,492190.46,12.33
BATCH02578,22-01-2023,Arabica,Sea,Africa,270.979463,834.13,Small Bag,2.592300772,11,188.23,126.99,133.54,81.7,Tema,Vietnam,France,67768.07,5.98
BATCH02579,23-01-2023,Excelsa,Road,Africa,233.3090713,2949.69,Small Bag,5.167588401,5,294.71,135.89,457.81,92.2,Tema,Liberia,Qatar,487960.48,18.15
BATCH02580,24-01-2023,Arabica,Road,South America,95.84030644,796.12,Large Crate,0.923145512,6,183.97,68.11,234.7,64.8,Mumbai,Guatemala,Egypt,76098.61,16.58
BATCH02581,25-01-2023,Excelsa,Sea,Central America,244.3147952,3274.83,Large Crate,4.049604553,24,214.49,73.96,375.28,214.8,Tema,Tanzania,Germany,837348.22,37.71
BATCH02582,26-01-2023,Liberica,Air,Africa,493.47193,1345.42,Small Crate,11.52631607,2,284.05,121.01,273.69,60.4,Hambantota,Liberia,Egypt,209469.26,18.22
BATCH02583,27-01-2023,Arabica,Air,Africa,432.679351,1356.87,Big Bag,13.27522987,2,213.68,178.4,216.92,92.5,Ho Chi Minh,Honduras,Italy,309004.75,35.17
BATCH02584,28-01-2023,Robusta,Sea,Central America,189.0262997,840.61,Big Bag,3.322907279,21,166.87,109.65,456.77,196.8,Mombasa,Ivory Coast,Japan,179128.01,20.72
BATCH02585,29-01-2023,Arabica,Sea,Africa,307.2456693,1202.21,Large Crate,6.953217589,24,106.55,148.78,401.86,187.2,Tema,India,Chile,219977.68,33.6
BATCH02586,30-01-2023,Excelsa,Sea,South America,277.7023108,3313.31,Small Crate,7.054860719,12,116.02,118.07,466.12,118.8,Tema,India,Netherlands,473248.86,23.87
BATCH02587,31-01-2023,Excelsa,Road,Central America,464.9977963,3428.55,Big Bag,13.10362959,7,181.53,72.19,326.15,117.5,Hambantota,Liberia,Netherlands,838439.48,37.76
BATCH02588,01-02-2023,Liberica,Sea,South America,485.4130388,1011.25,Big Bag,11.44198579,25,252.94,58.69,163.18,240.8,Mumbai,Guatemala,USA,280329.91,26.19
BATCH02589,02-02-2023,Arabica,Sea,Asia,354.3689723,434.99,Big Bag,7.696158276,8,132.45,141.13,144.82,133.6,Nairobi,India,Canada,114806.18,48.39
BATCH02590,03-02-2023,Arabica,Air,Central America,441.7588113,1731.25,Big Bag,10.06120801,1,108.41,80.05,466.02,70.7,Tema,Ethiopia,Sweden,268467.09,12.33
BATCH02591,04-02-2023,Arabica,Air,Africa,498.1535088,832.28,Small Crate,12.71032581,4,157.32,145.16,216.36,163.1,Mombasa,Philippines,UAE,289127.63,70.45
BATCH02592,05-02-2023,Liberica,Air,Central America,60.62969547,1034.11,Small Crate,0.14308431,3,278.06,136.35,488.24,89.7,Ho Chi Minh,Philippines,France,207576.93,18.9
BATCH02593,06-02-2023,Liberica,Sea,Asia,302.4556666,1367.11,Big Bag,6.043350466,20,177.11,66.12,253.35,146.2,Mombasa,Colombia,Chile,150941.94,21.49
BATCH02594,07-02-2023,Liberica,Air,Central America,460.6547802,1091.66,Big Bag,13.60864751,4,131.47,94.93,372.98,64.1,Tema,Tanzania,Egypt,130925.39,10.03
BATCH02595,08-02-2023,Robusta,Sea,Asia,417.5531969,461.01,Big Bag,11.10469546,19,220.83,85.94,229.01,211.7,Mombasa,Colombia,Norway,128372.39,53.73
BATCH02596,09-02-2023,Arabica,Sea,Asia,292.4661857,789.84,Large Crate,8.142620615,13,201.17,87.44,248.09,110,Hambantota,Colombia,Italy,91764.33,7.56
BATCH02597,10-02-2023,Liberica,Road,Central America,307.7956476,1346.9,Small Bag,7.944667906,3,267.94,70.67,122.42,107.7,Nairobi,Ivory Coast,Thailand,349032.24,26.18
BATCH02598,11-02-2023,Liberica,Road,Central America,261.0204863,1215.23,Small Crate,5.216551464,8,160.6,112.57,313.82,122.8,Mombasa,Mexico,Turkey,281029.4,51.69
BATCH02599,12-02-2023,Robusta,Sea,Asia,311.3597099,596.89,Small Bag,7.807808005,8,142.77,69.12,118.25,131.8,Nairobi,India,Russia,154790,20.41
BATCH02600,13-02-2023,Liberica,Sea,Asia,350.7643193,1294.36,Small Bag,9.830747992,10,117.46,166.44,366.1,142.7,Hambantota,Ethiopia,Spain,287177.03,25.67
BATCH02601,14-02-2023,Robusta,Road,Asia,345.1532409,528.74,Large Crate,6.275445576,9,110.76,59.28,351.44,119.4,Hambantota,Mexico,USA,93770.78,43.22
BATCH02602,15-02-2023,Arabica,Road,South America,415.38933,608.99,Large Crate,10.7122972,5,217.37,182.24,481.96,103.6,Tema,India,UAE,148997.89,52.06
BATCH02603,16-02-2023,Robusta,Sea,South America,461.1580999,917.76,Small Bag,12.91848341,16,193.65,139.83,111.34,182.6,Nairobi,Malaysia,Bangladesh,269303.28,55.46
BATCH02604,17-02-2023,Arabica,Air,Asia,115.4882261,400,Small Crate,2.320272723,1,101.26,123.12,354.33,113.3,Mumbai,Honduras,Canada,116271.99,66.97
BATCH02605,18-02-2023,Liberica,Sea,Central America,209.596416,1147.25,Big Bag,6.773205342,17,262.64,117.39,188.83,128.8,Nairobi,Kenya,Canada,129951.49,25.67
BATCH02606,19-02-2023,Arabica,Road,Africa,272.5066904,796.14,Small Crate,6.120301369,3,259.59,110.48,252.65,109.8,Ho Chi Minh,India,France,218143.02,22.4
BATCH02607,20-02-2023,Excelsa,Road,Central America,340.4482266,3232.75,Large Crate,10.31197206,11,111.3,151.43,215.34,120.1,Tema,Cameroon,Italy,630758.63,22.72
BATCH02608,21-02-2023,Arabica,Sea,Africa,248.0421823,1177.08,Big Bag,3.748011979,24,223.88,182.81,299.29,166.5,Hambantota,Indonesia,UAE,154207.53,9.44
BATCH02609,22-02-2023,Robusta,Road,Africa,389.5874715,1131.09,Small Crate,9.603763724,5,239.36,74.53,224.83,121.3,Nairobi,Papua New Guinea,Japan,253496.87,25.38
BATCH02610,23-02-2023,Arabica,Road,South America,572.7881977,400,Big Bag,13.16233863,5,119.43,111.66,138.85,95.2,Nairobi,Liberia,South Africa,70670.86,15.59
BATCH02611,24-02-2023,Excelsa,Sea,Central America,299.3129336,3171.17,Large Crate,6.271973997,21,290.57,127.43,445.14,129.3,Ho Chi Minh,Tanzania,Belgium,201930.95,12.77
BATCH02612,25-02-2023,Excelsa,Road,Central America,473.6241751,3324.45,Big Bag,13.6652355,8,246.34,77.17,270.18,97.3,Nairobi,Indonesia,Bangladesh,513634.77,17.68
BATCH02613,26-02-2023,Liberica,Sea,Central America,452.9233024,991.5,Small Crate,14.89745608,17,299,101.36,369.67,139.3,Tema,Guatemala,UK,162401.44,11.37
BATCH02614,27-02-2023,Robusta,Road,South America,188.0686157,736.38,Large Crate,1.591380749,6,172.93,166.31,410.37,79.5,Tema,Uganda,Egypt,86653.38,20.73
BATCH02615,28-02-2023,Liberica,Road,Africa,139.9265216,1192.46,Small Crate,3.49579782,4,128.74,195.86,484.51,144.8,Tema,Malaysia,Qatar,410779.28,58.63
BATCH02616,01-03-2023,Excelsa,Road,South America,507.263662,3295.31,Large Crate,14.25569627,12,239.46,120.8,387.96,114.6,Hambantota,Mexico,Egypt,526913.44,18.81
BATCH02617,02-03-2023,Excelsa,Air,Africa,614.9518712,3081.31,Small Bag,14.3749153,1,269.54,169.13,293.8,87.2,Mombasa,Honduras,Qatar,640831.6,23.91
BATCH02618,03-03-2023,Robusta,Road,Africa,174.5174414,693.62,Large Crate,1.465609131,10,117.9,97.38,158.65,144.2,Ho Chi Minh,Indonesia,France,154116.6,33.23
BATCH02619,04-03-2023,Excelsa,Sea,Central America,126.2425979,3249.58,Small Crate,0.224977506,9,205.43,139.15,307.36,110.7,Nairobi,Philippines,Thailand,653962.71,34.11
BATCH02620,05-03-2023,Robusta,Sea,Central America,219.7111326,789.55,Large Crate,2.416500349,13,287.18,171.03,387.08,104.3,Tema,Ghana,Turkey,95240.94,18.79
BATCH02621,06-03-2023,Robusta,Air,South America,593.5582435,853.01,Big Bag,14.94019175,2,132.55,119.42,190.75,95.8,Nairobi,Mexico,UK,187311.21,20.83
BATCH02622,07-03-2023,Arabica,Sea,South America,260.0471491,1715.92,Big Bag,2.699994249,9,151,141.78,268.05,113.7,Mombasa,Guatemala,Norway,329399.07,38.07
BATCH02623,08-03-2023,Liberica,Road,Asia,296.0374555,1710.85,Small Crate,7.538214101,10,170.69,76.39,130.18,161,Tema,Ethiopia,South Africa,543852.98,36.54
BATCH02624,09-03-2023,Robusta,Road,Asia,462.9537692,715.7,Big Bag,12.7262659,5,207.59,63.49,331.99,115.6,Mumbai,Mexico,Pakistan,167870.6,28.92
BATCH02625,10-03-2023,Arabica,Sea,South America,63.06149336,501.85,Large Crate,0.30602416,20,169.52,51.73,470.44,183.4,Mombasa,Tanzania,Belgium,105155.83,20.69
BATCH02626,11-03-2023,Excelsa,Sea,Asia,370.3851602,3140.04,Small Crate,9.067334734,16,226.82,79.95,247.92,173,Hambantota,India,Argentina,719597.6,16.64
BATCH02627,12-03-2023,Liberica,Sea,Africa,218.0498155,1484.67,Big Bag,4.155381733,21,228.31,162.13,273.25,186.3,Nairobi,Uganda,Poland,373330.43,39.2
BATCH02628,13-03-2023,Arabica,Road,Central America,400.3031005,1162,Big Bag,12.93502375,9,219.09,56.04,384.18,106.2,Mumbai,Honduras,Japan,203096,27.13
BATCH02629,14-03-2023,Robusta,Air,Africa,194.8624793,1118.88,Big Bag,4.251917239,4,177.5,137.04,410.62,96.5,Mumbai,Peru,UAE,247402.7,23.36
BATCH02630,15-03-2023,Liberica,Air,Asia,480.9959008,977.3,Small Crate,10.3013358,4,241.12,187.98,241.04,80,Nairobi,Ghana,Pakistan,159526.93,30.24
BATCH02631,16-03-2023,Arabica,Sea,Asia,415.6092643,1933.3,Small Bag,10.11329449,18,289.27,101.15,263.21,219.9,Nairobi,Liberia,South Korea,601852.36,23.44
BATCH02632,17-03-2023,Excelsa,Sea,Africa,235.4420279,3251.66,Large Crate,3.322403233,25,213.89,175.14,432.22,181.7,Nairobi,Philippines,Netherlands,515230.94,17.11
BATCH02633,18-03-2023,Excelsa,Air,Central America,109.6324065,3257.66,Big Bag,0.521987998,4,122.43,92,330.31,90.5,Mombasa,Malaysia,Chile,604148.61,39.98
BATCH02634,19-03-2023,Robusta,Road,Central America,189.807632,1038.57,Big Bag,6.138743607,8,113.14,160.24,433.7,118.3,Tema,Ivory Coast,China,251267.22,19.24
BATCH02635,20-03-2023,Arabica,Road,Africa,223.7051223,739.42,Small Bag,4.337897279,8,151.79,140.55,262.95,124.9,Hambantota,India,Japan,166724,34.34
BATCH02636,21-03-2023,Arabica,Air,South America,516.1248152,1976.91,Small Crate,12.13466624,4,131.42,55.79,102.17,100.4,Tema,Peru,Poland,386373.66,51.3
BATCH02637,22-03-2023,Robusta,Sea,Central America,400.8796952,1068.53,Small Crate,12.00546283,15,189.02,76.83,270.21,128.7,Mumbai,Papua New Guinea,Egypt,169562.52,18.46
BATCH02638,23-03-2023,Excelsa,Road,Asia,343.0127248,3224.54,Large Crate,6.855359283,3,213.4,197.64,464.21,132.3,Ho Chi Minh,Brazil,Japan,1007627.61,62.66
BATCH02639,24-03-2023,Excelsa,Road,Central America,287.8389179,3191.81,Large Crate,9.09768338,3,167.15,99.31,292.57,124.2,Ho Chi Minh,India,Egypt,1056572.73,19.98
BATCH02640,25-03-2023,Excelsa,Sea,Asia,372.9263441,3252.89,Large Crate,9.06389274,12,284.15,184.96,450.96,157.5,Tema,Cameroon,South Korea,738955.63,44.5
BATCH02641,26-03-2023,Liberica,Sea,Asia,499.4470893,1048.97,Big Bag,12.40737223,19,285.14,121.44,430.84,146.9,Nairobi,Honduras,Bangladesh,167784.01,23.54
BATCH02642,27-03-2023,Excelsa,Road,Asia,275.6454601,3013.51,Small Bag,6.375036212,3,154.32,137.13,436.07,47.7,Ho Chi Minh,Vietnam,USA,255433.72,12.93
BATCH02643,28-03-2023,Robusta,Air,Central America,347.5745829,929.97,Small Bag,4.131700197,3,153.13,114.85,374.22,64.2,Mombasa,Ethiopia,Japan,127406.2,29.77
BATCH02644,29-03-2023,Robusta,Sea,Asia,194.6061913,400,Small Crate,3.975523772,7,109.65,136.12,100.15,96.8,Mumbai,Ghana,Spain,63005.28,20.31
BATCH02645,30-03-2023,Arabica,Air,Asia,312.3657138,636.13,Large Crate,8.042884189,2,253.7,181.42,142.05,93.7,Ho Chi Minh,Mexico,Canada,130664.9,55.61
BATCH02646,31-03-2023,Arabica,Sea,South America,312.3412933,1044.15,Large Crate,6.737223041,11,264.96,165.15,299.7,130,Ho Chi Minh,India,Singapore,210579.97,18.92
BATCH02647,01-04-2023,Excelsa,Sea,Africa,260.3056902,3251.93,Small Bag,6.601811565,7,183.22,76.23,228.13,90.5,Mumbai,Ethiopia,Japan,486723.24,35.6
BATCH02648,02-04-2023,Robusta,Air,Africa,68.9449229,404.95,Big Bag,1.367060086,2,142,174.05,381.53,83.8,Mombasa,Ghana,Pakistan,73932.58,43.27
BATCH02649,03-04-2023,Liberica,Road,Africa,368.4881946,909.6,Small Bag,10.77905611,9,142.49,101.09,382.64,81.6,Ho Chi Minh,Malaysia,Chile,95836.66,14.54
BATCH02650,04-04-2023,Arabica,Sea,Asia,234.0808476,1967.45,Large Crate,3.20605032,24,173,163.35,207.78,197.7,Hambantota,Guatemala,UAE,376339.72,30.6
BATCH02651,05-04-2023,Excelsa,Road,Central America,173.3821557,3508.97,Small Crate,2.954304453,5,231.04,63.68,149.25,106.9,Tema,Uganda,Russia,679592.05,54.04
BATCH02652,06-04-2023,Liberica,Road,Africa,370.8422916,799.83,Small Crate,6.191374804,6,209.9,70.69,253.87,123.6,Ho Chi Minh,Ivory Coast,Russia,174025.77,57.92
BATCH02653,07-04-2023,Excelsa,Sea,Central America,180.4384415,3125.07,Big Bag,3.416675124,14,293.13,79.49,366.93,167.8,Ho Chi Minh,Mexico,New Zealand,742796.47,25.53
BATCH02654,08-04-2023,Arabica,Road,Central America,398.261738,1391.72,Large Crate,8.75787401,9,288.47,133.99,338.95,143.4,Mombasa,Papua New Guinea,Turkey,364282.74,23.45
BATCH02655,09-04-2023,Robusta,Road,South America,292.7006017,859.49,Small Bag,5.57195009,12,203.98,126.52,389.61,119.7,Mombasa,Ghana,Bangladesh,154805.36,26.55
BATCH02656,10-04-2023,Liberica,Road,Asia,279.2027348,1345.14,Large Crate,6.733675839,4,106.26,159.94,198.37,110.9,Hambantota,Vietnam,Russia,341788.87,54.82
BATCH02657,11-04-2023,Arabica,Air,Africa,297.7857483,910.86,Large Crate,8.057539824,2,230.03,151.42,109.92,53.8,Hambantota,Philippines,Pakistan,121800.96,18.75
BATCH02658,12-04-2023,Excelsa,Air,Africa,105.0008002,2988.68,Small Crate,3.053032837,3,188.95,71.51,127.85,64.2,Mombasa,Brazil,Belgium,411268.11,25.19
BATCH02659,13-04-2023,Excelsa,Sea,Africa,197.7442693,3161.98,Big Bag,2.336274343,22,150.6,85.37,353.95,167.6,Hambantota,Kenya,Pakistan,472781.34,30.09
BATCH02660,14-04-2023,Excelsa,Road,Asia,556.1028429,2915.03,Large Crate,13.20632854,4,149.55,132.4,345.41,103.7,Mombasa,Cameroon,Turkey,690569.03,18.19
BATCH02661,15-04-2023,Robusta,Road,Asia,215.6791327,598.07,Small Crate,6.505855542,10,270.77,120.68,389.85,137.6,Nairobi,Liberia,Poland,158001.55,45.13
BATCH02662,16-04-2023,Excelsa,Air,South America,266.9198776,3402.63,Small Crate,6.181404144,2,153.72,65.34,329.27,78.4,Mombasa,Liberia,Spain,635528.79,29.23
BATCH02663,17-04-2023,Robusta,Air,South America,82.67955111,694.39,Small Crate,0.534182254,2,289.85,115.78,307.27,66.1,Mombasa,Vietnam,UK,112192.01,35.43
BATCH02664,18-04-2023,Excelsa,Air,South America,351.6577937,3383.48,Large Crate,7.469644539,2,242.35,97.54,262.58,84.4,Ho Chi Minh,Uganda,Spain,670595.86,38.87
BATCH02665,19-04-2023,Excelsa,Sea,Central America,332.9437403,3251.32,Big Bag,8.312545824,18,236.12,87.35,107.87,137.7,Nairobi,Peru,UK,444016.26,15.77
BATCH02666,20-04-2023,Robusta,Sea,Central America,417.6274205,676.98,Large Crate,8.382613064,11,258.85,103.59,355.61,134.5,Nairobi,Peru,Argentina,133697.11,32.42
BATCH02667,21-04-2023,Arabica,Air,Africa,398.9443666,633.72,Small Bag,10.60546754,1,139.3,126.15,171.04,87.2,Mumbai,Papua New Guinea,Thailand,157488.99,43.6
BATCH02668,22-04-2023,Robusta,Air,Africa,118.0476528,1215.32,Small Crate,2.662227525,3,103.58,105.47,240.98,112.5,Hambantota,Liberia,Russia,347018.12,54.52
BATCH02669,23-04-2023,Excelsa,Air,Africa,190.0601441,3403.85,Small Crate,3.783347013,4,200.08,152.26,437.58,93.5,Nairobi,Peru,USA,682950.84,30.91
BATCH02670,24-04-2023,Robusta,Road,Asia,446.8979793,882,Small Bag,12.16095698,7,115.85,91.53,231.62,79.1,Tema,Peru,China,96722.01,26.97
BATCH02671,25-04-2023,Arabica,Road,Asia,552.5317749,616.65,Big Bag,14.20755925,11,117.61,115.76,324.15,145.3,Mumbai,Ivory Coast,Spain,149643.82,17.46
BATCH02672,26-04-2023,Robusta,Road,Central America,142.4937835,400,Small Crate,2.038991211,9,172.58,192,191.77,170.7,Mumbai,Liberia,Pakistan,118268.95,69.95
BATCH02673,27-04-2023,Liberica,Sea,Asia,345.9471252,901.54,Large Crate,7.464743318,22,230.83,114.64,426.43,164.3,Ho Chi Minh,Vietnam,Turkey,127975.38,26.88
BATCH02674,28-04-2023,Arabica,Sea,Asia,156.8551001,766.51,Small Bag,3.212643791,9,291.43,172.61,272.55,122.4,Tema,Malaysia,UK,157349.54,42.15
BATCH02675,29-04-2023,Liberica,Sea,Africa,112.2990918,1351.61,Big Bag,0.901097525,18,269.17,75.23,470.94,170.7,Nairobi,Peru,Australia,329873.82,28.8
BATCH02676,30-04-2023,Liberica,Air,Africa,207.2247883,1116.69,Big Bag,4.882550072,3,143.01,74.23,285.74,96.6,Ho Chi Minh,Papua New Guinea,Norway,215054.72,39.93
BATCH02677,01-05-2023,Robusta,Sea,Asia,122.3273518,597.14,Large Crate,2.155314378,11,209.12,150.95,397.84,94.9,Tema,Honduras,Japan,65065.92,23.5
BATCH02678,02-05-2023,Excelsa,Air,South America,483.2115609,3068.27,Large Crate,10.6489961,1,166.59,66.07,315.78,72.5,Mombasa,Mexico,Canada,537860.08,22.33
BATCH02679,03-05-2023,Robusta,Sea,Asia,304.4199576,1136.46,Small Crate,8.005881205,8,268.15,70.55,483.34,81.1,Tema,Ivory Coast,Spain,122095.81,13.35
BATCH02680,04-05-2023,Liberica,Sea,Asia,147.3452728,1284.09,Small Bag,2.157517065,22,181.62,114.25,217.58,220.1,Hambantota,Peru,Netherlands,390414.27,72.06
BATCH02681,05-05-2023,Arabica,Air,Central America,156.3889378,862.96,Small Crate,0.138623826,3,183.61,113.09,223.92,60.6,Mumbai,Indonesia,Singapore,113536.77,20.81
BATCH02682,06-05-2023,Excelsa,Air,South America,501.1707419,3353.24,Small Crate,12.12235574,2,104.8,70.23,478.93,68.2,Nairobi,Vietnam,Japan,526205.49,36.43
BATCH02683,07-05-2023,Arabica,Air,Asia,261.3478436,598.6,Small Crate,2.642916092,3,219.41,57.22,354.43,90.3,Tema,Uganda,Japan,128491.66,14.04
BATCH02684,08-05-2023,Arabica,Sea,South America,396.9375822,1239.43,Small Crate,9.093249633,9,148.92,72.04,104.12,137.7,Ho Chi Minh,Colombia,Chile,355711.33,40.09
BATCH02685,09-05-2023,Robusta,Road,Asia,221.5948914,400,Big Bag,5.053828696,5,293.88,109.27,363.1,94,Nairobi,Uganda,Canada,75499.75,44.04
BATCH02686,10-05-2023,Robusta,Air,South America,466.3259047,1001.96,Small Crate,8.782289075,3,224.72,186.9,205.27,135.6,Tema,Tanzania,Germany,309393.79,80.2
BATCH02687,11-05-2023,Excelsa,Road,South America,271.1481694,3154.5,Large Crate,4.734804405,6,168.26,149.78,147.55,102,Hambantota,Malaysia,Netherlands,688375.16,33.67
BATCH02688,12-05-2023,Excelsa,Sea,South America,131.3880354,3131.06,Small Bag,1.30409341,15,216.06,188.41,390.17,178.8,Hambantota,Brazil,Egypt,974039.72,32.9
BATCH02689,13-05-2023,Arabica,Sea,Central America,203.2007813,580.28,Small Bag,3.344250128,19,251.64,81.55,178.98,177.2,Mombasa,Papua New Guinea,Chile,139226.93,37.75
BATCH02690,14-05-2023,Excelsa,Road,South America,193.5904339,3278.36,Small Bag,2.820878497,3,143.18,178.39,292.2,102,Mombasa,India,Netherlands,702819.23,46.84
BATCH02691,15-05-2023,Arabica,Air,Africa,280.7681149,400,Big Bag,6.420290287,2,154.74,77.1,280.33,102.7,Nairobi,Tanzania,Japan,103209.13,32.07
BATCH02692,16-05-2023,Robusta,Sea,Africa,327.4349224,926.67,Big Bag,9.874256751,8,236.31,181.06,282.3,82,Mumbai,Mexico,Turkey,100410.97,17.81
BATCH02693,17-05-2023,Robusta,Air,Africa,300.0487863,401.25,Small Bag,3.957091124,2,280.91,130.5,165.64,88,Ho Chi Minh,Philippines,Pakistan,72363.25,23.78
BATCH02694,18-05-2023,Excelsa,Air,Africa,104.3397671,3552.17,Large Crate,0.18104903,1,141.64,167.16,315.52,114.8,Hambantota,Brazil,Spain,1091340.66,52.05
BATCH02695,19-05-2023,Arabica,Road,Africa,342.6966396,1262.86,Small Crate,7.784060464,7,189.39,132.33,184.9,113.6,Mombasa,Ethiopia,Chile,237605.54,15.54
BATCH02696,20-05-2023,Robusta,Road,Asia,476.4989732,726.31,Big Bag,9.08639234,6,280.32,193.23,354.5,76.8,Mumbai,India,France,81807.26,21.93
BATCH02697,21-05-2023,Liberica,Sea,Central America,499.1274591,1324.23,Large Crate,14.44305741,22,108.13,135.63,206.85,165.2,Mumbai,Papua New Guinea,Netherlands,184565.12,32.47
BATCH02698,22-05-2023,Liberica,Sea,South America,398.0361276,954.06,Small Bag,8.842062046,24,139.84,139.99,124.24,198.6,Ho Chi Minh,Ghana,China,199367.6,16.95
BATCH02699,23-05-2023,Arabica,Road,Asia,272.4127175,400,Large Crate,7.067588391,8,264.7,71.09,189.76,105.1,Ho Chi Minh,Honduras,Japan,69677.35,12.21
BATCH02700,24-05-2023,Liberica,Sea,South America,374.0817898,1140.74,Large Crate,8.601024388,20,232.72,196.64,308.38,139.9,Hambantota,Tanzania,Belgium,111394.33,19.63
BATCH02701,25-05-2023,Robusta,Road,Asia,527.6305708,400,Big Bag,13.91850945,5,123.78,105.91,167.21,95.5,Ho Chi Minh,Honduras,New Zealand,70947.6,43.63
BATCH02702,26-05-2023,Robusta,Air,Africa,512.3002204,400,Small Crate,12.42567218,1,119.03,69.1,255.07,84.8,Mumbai,Vietnam,UAE,98424,15.48
BATCH02703,27-05-2023,Excelsa,Sea,South America,305.7488659,3048.05,Small Bag,4.844681,13,103.58,123.04,234.05,142.4,Ho Chi Minh,Colombia,Turkey,722880.98,21.38
BATCH02704,28-05-2023,Robusta,Air,Asia,177.7884091,1148.99,Large Crate,3.558815455,3,199.15,62.4,109.36,49.8,Nairobi,Kenya,Bangladesh,116868.48,6.98
BATCH02705,29-05-2023,Liberica,Sea,Africa,289.0188676,1323.97,Large Crate,3.939504185,24,293.11,102.98,366.71,179.7,Tema,Peru,USA,201928.81,15.33
BATCH02706,30-05-2023,Excelsa,Road,South America,401.3635148,3190.85,Large Crate,7.566315596,5,141.78,81.07,131.49,67,Mumbai,Philippines,Netherlands,365888.63,10.19
BATCH02707,31-05-2023,Robusta,Road,Asia,422.3229838,1139.56,Big Bag,11.16074177,7,178.52,105.62,353.05,119,Mumbai,Philippines,Pakistan,225788.88,21.01
BATCH02708,01-06-2023,Robusta,Air,South America,326.1195142,911.17,Small Bag,7.548288108,3,141.3,123.88,170.63,105.9,Mumbai,Cameroon,Japan,253455.19,22.23
BATCH02709,02-06-2023,Robusta,Road,South America,105.7908721,400,Large Crate,1.016945937,3,159.23,102.28,225.08,109.8,Tema,India,Bangladesh,116955.61,47.26
BATCH02710,03-06-2023,Liberica,Road,Africa,410.3392545,1086.53,Large Crate,10.85371051,11,192.3,68.17,296.1,139.3,Ho Chi Minh,Colombia,UK,240503.19,18.84
BATCH02711,04-06-2023,Liberica,Sea,Central America,402.5127751,1318.12,Small Crate,12.08955193,18,257.42,54.6,454.47,126.9,Nairobi,Mexico,USA,120703.16,15.34
BATCH02712,05-06-2023,Liberica,Sea,South America,269.1508279,1035.16,Big Bag,4.342467977,22,238.05,124.03,422.9,203.6,Ho Chi Minh,Papua New Guinea,Belgium,231549.16,46.12
BATCH02713,06-06-2023,Robusta,Road,Asia,296.3418881,815.2,Small Bag,9.961886089,9,183.06,57.31,270.41,128.7,Nairobi,Peru,Chile,190411.2,34.15
BATCH02714,07-06-2023,Robusta,Air,Africa,257.1116129,1199.28,Small Bag,6.398878516,2,232.34,186.55,384.52,73.9,Mombasa,Papua New Guinea,Thailand,234132.73,37.85
BATCH02715,08-06-2023,Liberica,Road,Central America,497.7956075,1344.55,Big Bag,13.33679034,6,217.32,135.28,141.9,131.4,Tema,Ivory Coast,Poland,322039.41,52.91
BATCH02716,09-06-2023,Excelsa,Road,Africa,545.3413677,3122.81,Large Crate,12.67838337,10,140.27,187.64,118.04,170,Mumbai,Honduras,New Zealand,923734.99,46.41
BATCH02717,10-06-2023,Robusta,Air,Central America,309.1821708,492.69,Small Crate,7.881479975,2,222.97,117.9,414.48,23.2,Nairobi,Vietnam,China,16997.6,2.44
BATCH02718,11-06-2023,Arabica,Air,Central America,432.5700792,1478.21,Big Bag,10.37258319,3,219.09,190.03,438.14,82.2,Hambantota,Ethiopia,Argentina,307010.82,38.37
BATCH02719,12-06-2023,Liberica,Road,South America,493.4581597,1282.46,Big Bag,13.25024552,7,220.44,166.19,488.03,94.1,Nairobi,Ghana,South Korea,178409.58,28.26
BATCH02720,13-06-2023,Robusta,Road,Asia,370.3285996,907.94,Large Crate,7.435755151,5,180.53,141.41,322.84,101.5,Ho Chi Minh,Philippines,Sweden,209941.38,22.48
BATCH02721,14-06-2023,Robusta,Road,South America,259.7421207,802.01,Small Bag,4.698761107,7,104.75,197.86,222.11,142.4,Mombasa,Ivory Coast,Thailand,240513.78,20.77
BATCH02722,15-06-2023,Liberica,Road,Asia,480.6602315,1354.52,Big Bag,11.30499207,11,127.84,171.57,285.48,109,Hambantota,Indonesia,Pakistan,223615.11,17.09
BATCH02723,16-06-2023,Excelsa,Air,Asia,171.4980689,3216.16,Small Crate,3.300993822,3,175.47,151.95,259.53,87,Tema,India,UAE,639984.58,34.7
BATCH02724,17-06-2023,Liberica,Air,Asia,224.1377719,864.88,Big Bag,5.82796722,4,237.97,135.36,282.27,46.1,Nairobi,India,Qatar,60999.15,15.36
BATCH02725,18-06-2023,Robusta,Road,Asia,507.9336727,1192.5,Big Bag,12.98590856,9,147.91,173.87,197.19,131.4,Mumbai,Guatemala,Singapore,287838.29,30.36
BATCH02726,19-06-2023,Arabica,Sea,Central America,401.6036522,400,Big Bag,10.8663351,9,111.45,90.07,496.81,129.3,Hambantota,Philippines,Netherlands,96960.37,42.03
BATCH02727,20-06-2023,Robusta,Road,Asia,283.231146,696.53,Small Bag,6.057165079,8,189.33,52.07,397.72,101.5,Hambantota,Tanzania,China,119201.7,35.37
BATCH02728,21-06-2023,Arabica,Sea,Central America,212.4987731,400,Small Bag,3.221167536,12,291.11,191.87,110.82,118.2,Mumbai,Papua New Guinea,USA,58264,23.67
BATCH02729,22-06-2023,Liberica,Road,South America,322.2811524,1517.15,Small Crate,5.339525862,9,268.78,90.49,489.98,79.2,Mombasa,Ethiopia,Sweden,151271.56,20.86
BATCH02730,23-06-2023,Liberica,Air,Asia,267.1753993,1333.98,Big Bag,4.261562238,3,264.68,152.54,459.15,130.2,Tema,Mexico,Chile,357567.84,35.76
BATCH02731,24-06-2023,Excelsa,Sea,Africa,145.1896959,3308.45,Small Crate,2.641339319,20,284.4,69.69,378.86,122.5,Ho Chi Minh,Brazil,Norway,200132.95,11.52
BATCH02732,25-06-2023,Excelsa,Sea,Africa,377.2486992,3698.99,Small Crate,11.1499937,17,219.87,170.72,373.76,152.2,Mombasa,Papua New Guinea,Australia,661942.07,11.87
BATCH02733,26-06-2023,Robusta,Sea,Central America,298.8005043,400,Small Bag,3.781048303,19,215.68,163.43,318.78,185,Hambantota,Colombia,New Zealand,107117.11,44.51
BATCH02734,27-06-2023,Robusta,Sea,Africa,225.242378,691.91,Small Bag,6.812512053,19,180.53,91.13,444.83,156.5,Tema,Indonesia,Norway,116855.11,19.04
BATCH02735,28-06-2023,Liberica,Sea,Asia,251.0116087,1154.9,Small Crate,5.787891703,10,149.39,132.28,284.66,141.5,Hambantota,Liberia,Italy,266998,59.82
BATCH02736,29-06-2023,Liberica,Sea,Africa,574.1970614,1281.54,Large Crate,14.73116068,25,292.48,68.36,430.73,163.7,Mumbai,Liberia,Australia,123033.62,22.82
BATCH02737,30-06-2023,Robusta,Air,South America,357.9295722,1353.83,Big Bag,5.866383662,3,153.18,93.27,386.35,90,Mumbai,Liberia,Chile,314042.05,40
BATCH02738,01-07-2023,Liberica,Sea,Africa,126.509041,1127.45,Large Crate,1.199737242,24,122.84,85.06,221.4,165.3,Mumbai,Brazil,Egypt,150923.59,24.04
BATCH02739,02-07-2023,Robusta,Sea,Central America,141.7887384,790,Small Crate,1.347386289,20,117.33,145.57,431.86,172.3,Tema,Mexico,Turkey,172388.85,18.91
BATCH02740,03-07-2023,Liberica,Air,South America,322.0878035,1118.54,Big Bag,8.86130582,2,279.49,113.35,318.85,66.7,Ho Chi Minh,Tanzania,China,162002.24,13.71
BATCH02741,04-07-2023,Robusta,Sea,Asia,376.0444039,722.68,Small Crate,8.990453276,15,219.98,128.31,248.21,157.5,Tema,Peru,Poland,148298.64,22.91
BATCH02742,05-07-2023,Arabica,Air,South America,230.9338468,1170.14,Small Bag,6.281384857,4,237.5,122.76,292.06,104.3,Tema,India,Turkey,268866.52,39.01
BATCH02743,06-07-2023,Robusta,Sea,Central America,256.8154139,400,Small Bag,6.477655385,15,192.07,71.63,317.21,165,Hambantota,Papua New Guinea,Italy,88054.09,18.31
BATCH02744,07-07-2023,Robusta,Air,Africa,162.46419,714.93,Big Bag,0.808988743,4,180.87,123.21,117.47,121.1,Mombasa,Malaysia,Saudi Arabia,184975.21,45.59
BATCH02745,08-07-2023,Excelsa,Road,Africa,310.7670888,2924.44,Small Crate,7.748197656,10,225.44,138.13,485.88,86,Mumbai,Uganda,New Zealand,269282.89,16.78
BATCH02746,09-07-2023,Liberica,Air,Africa,372.99521,1247.45,Small Bag,7.571092131,1,194.48,101.52,252.94,66.8,Nairobi,Brazil,Chile,210103.47,21.09
BATCH02747,10-07-2023,Robusta,Road,Africa,159.621837,424.88,Small Bag,2.243239778,11,155.68,125.19,488.51,124.6,Tema,Kenya,UAE,85849.99,45.47
BATCH02748,11-07-2023,Excelsa,Air,Africa,78.28571911,3332.95,Big Bag,1.557590792,3,129.11,151.95,437.69,75,Tema,Guatemala,Poland,519146.37,16.78
BATCH02749,12-07-2023,Arabica,Sea,Central America,214.0258846,973.04,Large Crate,1.853587359,13,232.78,195.53,268.36,116.9,Ho Chi Minh,Honduras,Spain,142272.5,8.91
BATCH02750,13-07-2023,Excelsa,Air,Africa,79.69640667,3540.37,Small Bag,1.515423697,2,248.76,143.33,496,47.2,Mumbai,Uganda,Chile,367830.14,23.24
BATCH02751,14-07-2023,Arabica,Sea,Africa,344.2793125,2701.43,Small Crate,9.145622933,8,219.93,158.53,368.16,118.9,Mumbai,Philippines,Pakistan,524887.23,26.67
BATCH02752,15-07-2023,Robusta,Road,South America,178.4322395,676.27,Small Bag,2.947239786,5,130.33,100.28,472.11,108.7,Hambantota,Ivory Coast,Canada,144471,17.74
BATCH02753,16-07-2023,Arabica,Air,South America,263.4349995,1096.18,Small Bag,3.771452283,4,145.29,52.21,347.15,90.8,Mumbai,Uganda,Chile,190801.31,18.4
BATCH02754,17-07-2023,Excelsa,Air,Africa,151.7832237,3450.4,Small Crate,2.603582162,4,246.48,181.06,253.53,72.2,Hambantota,Ghana,Germany,527571.9,26.89
BATCH02755,18-07-2023,Excelsa,Air,Africa,484.6900289,3282.43,Big Bag,14.36752957,1,164.39,69.25,414.51,93.2,Ho Chi Minh,Mexico,Japan,906390.09,26.36
BATCH02756,19-07-2023,Robusta,Air,Central America,492.711512,1057.14,Small Crate,12.81926195,2,155.18,59.88,303.99,74.5,Mombasa,Uganda,Russia,188053.04,31.48
BATCH02757,20-07-2023,Robusta,Sea,Africa,193.0243906,1238.8,Small Bag,3.45742256,8,167.06,150.79,173.2,131.8,Ho Chi Minh,Peru,Egypt,306425.23,37.21
BATCH02758,21-07-2023,Liberica,Road,South America,224.0353023,1408.24,Big Bag,4.913494409,10,153.16,104.54,251.04,116.6,Mombasa,Ghana,New Zealand,230719.73,36.17
BATCH02759,22-07-2023,Liberica,Air,Asia,205.2760469,716.81,Large Crate,3.148392635,3,140.51,154.93,194.78,66.6,Ho Chi Minh,Vietnam,South Korea,110405.1,9.58
BATCH02760,23-07-2023,Robusta,Sea,South America,261.164371,856.12,Small Crate,7.378139392,11,130.37,140.71,404.64,124.9,Nairobi,Indonesia,Sweden,174738.23,20.48
BATCH02761,24-07-2023,Arabica,Air,South America,50,400,Small Bag,0.294157987,2,243.42,118.23,134,80.2,Mombasa,Ghana,South Korea,73368.15,38.71
BATCH02762,25-07-2023,Excelsa,Air,Central America,509.0521094,3245.29,Big Bag,10.07052013,4,287.54,165.41,345.96,62.3,Mombasa,Peru,Turkey,333176.53,22.24
BATCH02763,26-07-2023,Robusta,Air,South America,340.6304721,721.11,Large Crate,7.847372247,2,150.11,199.28,132.65,62.8,Nairobi,Indonesia,Germany,117486.2,14.66
BATCH02764,27-07-2023,Arabica,Sea,Asia,513.0965618,1630.63,Big Bag,13.47958392,10,257.04,57.02,462.84,124.7,Ho Chi Minh,Guatemala,Singapore,327980.78,41.58
BATCH02765,28-07-2023,Robusta,Road,South America,134.8772389,744.09,Small Crate,2.465890265,7,214.01,182.67,366.83,104.6,Mombasa,Uganda,Italy,161403.65,27.56
BATCH02766,29-07-2023,Robusta,Road,Asia,506.7341029,638.7,Small Bag,12.06163869,4,290.03,190.29,115.28,106.1,Tema,Vietnam,Sweden,136777.8,36.27
BATCH02767,30-07-2023,Robusta,Air,Asia,429.7081935,816.45,Small Bag,11.87941522,3,140.69,71.15,282.11,70.8,Nairobi,Papua New Guinea,South Africa,116367.28,25.02
BATCH02768,31-07-2023,Arabica,Road,Africa,50,975.73,Large Crate,1.907717838,8,151.19,114.62,442.69,74.5,Nairobi,Honduras,Saudi Arabia,102449.2,13.52
BATCH02769,01-08-2023,Excelsa,Road,Central America,250.9999838,3141.49,Big Bag,5.978388362,8,145.81,77.96,142.02,89.2,Hambantota,Papua New Guinea,South Korea,458076.57,27.2
BATCH02770,02-08-2023,Arabica,Sea,Asia,162.4980346,400,Big Bag,2.552289617,11,227.07,183.27,285.75,136.6,Mombasa,Ivory Coast,Thailand,94911.31,17.43
BATCH02771,03-08-2023,Robusta,Air,Central America,206.120045,426.91,Large Crate,3.820807507,4,166.51,70.03,324.61,73.1,Tema,Ivory Coast,UAE,68883.34,15.25
BATCH02772,04-08-2023,Liberica,Road,South America,208.5101955,1394.84,Small Bag,3.948692622,12,135.34,138.98,363.67,142.8,Hambantota,Ethiopia,Netherlands,314899.06,24.33
BATCH02773,05-08-2023,Arabica,Air,Central America,318.0606465,400,Small Bag,8.34354591,3,170.98,96.86,444.8,87.3,Hambantota,Ivory Coast,Russia,87888.06,14.25
BATCH02774,06-08-2023,Excelsa,Air,Asia,248.0588663,3055.46,Small Bag,6.171163976,3,289.71,181.97,302.12,54.6,Ho Chi Minh,Liberia,Netherlands,337961.47,20.5
BATCH02775,07-08-2023,Robusta,Sea,Asia,511.5808285,792.87,Big Bag,14.21599206,15,271.06,144.08,305.38,114,Nairobi,Ivory Coast,Argentina,91931.65,23.32
BATCH02776,08-08-2023,Robusta,Road,Asia,74.59275952,528.34,Small Crate,1.895552129,4,291.19,61.92,488.87,107,Ho Chi Minh,Papua New Guinea,Norway,140012.16,25.91
BATCH02777,09-08-2023,Excelsa,Sea,Africa,440.281646,3306.5,Big Bag,14.60538202,8,299.94,169.58,105.94,123.4,Ho Chi Minh,Guatemala,Australia,826586.3,55.17
BATCH02778,10-08-2023,Excelsa,Air,Asia,208.6901626,3068.35,Big Bag,3.459579603,2,267.69,142.57,135.85,101.2,Mumbai,Mexico,Japan,745575.37,52.71
BATCH02779,11-08-2023,Arabica,Air,Central America,453.5300151,1350.61,Large Crate,11.59310905,2,247.37,122.78,437.63,82.9,Hambantota,Guatemala,Japan,310897.9,12.78
BATCH02780,12-08-2023,Excelsa,Sea,Central America,296.5064958,3364.67,Large Crate,5.084548893,24,143.51,191.93,326.48,202.8,Ho Chi Minh,India,Chile,779200.95,33.74
BATCH02781,13-08-2023,Liberica,Air,Africa,151.6083624,887.53,Big Bag,2.146220931,1,115.74,106.25,354.63,78.5,Ho Chi Minh,Kenya,Canada,188522.58,18.31
BATCH02782,14-08-2023,Robusta,Sea,Central America,426.3687727,422.06,Small Crate,12.86833778,18,167.41,57.56,263.12,171.3,Mombasa,Papua New Guinea,Belgium,89698.74,32.86
BATCH02783,15-08-2023,Excelsa,Sea,Central America,142.0050639,3149.88,Small Crate,4.632913489,13,233.89,75.03,451.45,95,Mumbai,Kenya,Sweden,282633.87,5.75
BATCH02784,16-08-2023,Liberica,Air,Africa,351.9751281,1005.83,Large Crate,9.882831063,4,212.68,151.62,131.26,86.6,Mumbai,Ivory Coast,Thailand,202614.86,41.77
BATCH02785,17-08-2023,Arabica,Sea,Asia,376.0256455,1215.05,Big Bag,8.496655276,20,224.67,68.01,273.17,223.3,Mombasa,Ethiopia,Thailand,368756.35,20.56
BATCH02786,18-08-2023,Arabica,Road,Central America,384.3627844,1738.88,Small Crate,7.076344641,6,282.66,120.04,488.67,81.6,Tema,Philippines,France,274187.51,11.59
BATCH02787,19-08-2023,Excelsa,Road,South America,325.8230333,2957.98,Small Crate,7.43729209,9,162.17,114.07,227.25,111.9,Nairobi,Uganda,Chile,533683.65,39.51
BATCH02788,20-08-2023,Excelsa,Air,Africa,368.8275668,3281.12,Large Crate,10.98356871,2,162.88,119.48,469.15,113.2,Mombasa,Ghana,Norway,1037544.21,30.01
BATCH02789,21-08-2023,Arabica,Road,Africa,95.50178123,801.9,Small Bag,1.316593712,7,158.89,121.99,280.5,87.2,Tema,India,Argentina,131904.92,30.38
BATCH02790,22-08-2023,Robusta,Air,South America,358.2460017,1377.25,Small Crate,10.02270993,4,131.68,57.23,458.24,110.3,Mombasa,Indonesia,Egypt,347465.96,59.16
BATCH02791,23-08-2023,Arabica,Air,Asia,482.8160156,400,Large Crate,13.43718152,1,196.46,79,345.87,90.5,Tema,Liberia,Germany,105308.17,19.41
BATCH02792,24-08-2023,Excelsa,Road,Central America,182.0494599,3270.73,Large Crate,0.866822955,12,253.33,126.57,348.61,141,Ho Chi Minh,Ethiopia,Canada,749764.06,38.27
BATCH02793,25-08-2023,Liberica,Air,Central America,223.2394752,944.53,Large Crate,2.109800089,3,233.47,84.1,477.18,98.7,Tema,Kenya,Argentina,215196.53,50.54
BATCH02794,26-08-2023,Arabica,Sea,Africa,413.8715768,688.74,Big Bag,10.74947905,12,261.17,57.24,226.33,123,Ho Chi Minh,Cameroon,UK,130950.52,29.3
BATCH02795,27-08-2023,Liberica,Road,Central America,305.9302472,1257.64,Large Crate,6.559224724,12,215.52,152.54,391.34,108.9,Hambantota,Ivory Coast,Bangladesh,179527.03,21.02
BATCH02796,28-08-2023,Liberica,Air,Africa,241.7189847,1146.57,Small Bag,6.053229312,3,247.76,112.84,268.62,78.3,Tema,Guatemala,Norway,195252.34,21.98
BATCH02797,29-08-2023,Arabica,Air,Africa,76.13956333,400,Large Crate,2.054499518,1,250.32,54.25,196.67,57.5,Mumbai,Cameroon,Chile,51241.26,10.95
BATCH02798,30-08-2023,Excelsa,Road,Asia,417.463436,3287.82,Large Crate,7.601550611,5,113.5,198.66,115.55,107.2,Hambantota,Uganda,Australia,828259.25,54.49
BATCH02799,31-08-2023,Arabica,Air,Asia,50,1002.83,Small Crate,1.898179668,1,287.78,139.93,252.12,86.3,Mumbai,Vietnam,Netherlands,192188.78,25.14
BATCH02800,01-09-2023,Robusta,Road,Asia,222.6871895,587.89,Large Crate,7.149306845,12,232.89,82.68,375.22,120.3,Hambantota,Tanzania,South Korea,86631.65,19.15
BATCH02801,02-09-2023,Arabica,Road,Africa,533.4471773,400,Small Crate,11.45422948,10,152.63,183.53,120.39,82.4,Nairobi,Guatemala,Bangladesh,39205.05,5.72
BATCH02802,03-09-2023,Excelsa,Sea,Asia,217.0497313,3253.76,Big Bag,3.873965368,7,161.2,81.18,266.64,128.6,Hambantota,Guatemala,Saudi Arabia,892714.54,22.84
BATCH02803,04-09-2023,Liberica,Air,Central America,260.0580303,869.58,Small Bag,7.211792523,1,221.9,153.79,265.04,95.9,Nairobi,Honduras,Netherlands,199510.65,18.99
BATCH02804,05-09-2023,Excelsa,Sea,South America,580.5423678,3124.21,Small Crate,14.88023954,15,149.74,73.24,484.03,126.3,Mombasa,Guatemala,Italy,378477.55,23.62
BATCH02805,06-09-2023,Excelsa,Road,South America,447.6453558,3276.18,Big Bag,10.29975635,3,119.57,112.85,180.41,90.6,Tema,Papua New Guinea,Thailand,717766.91,25.6
BATCH02806,07-09-2023,Excelsa,Air,Asia,411.9762648,3093.42,Small Crate,12.62035157,4,252.91,181.64,337.07,96.5,Mumbai,Colombia,Norway,622302.25,19.21
BATCH02807,08-09-2023,Excelsa,Road,Asia,260.0391541,3077.97,Small Bag,6.222714098,12,283.11,108.16,194.82,117,Hambantota,Ghana,South Korea,502236.98,10.63
BATCH02808,09-09-2023,Liberica,Road,South America,489.3497086,1077.33,Small Bag,11.51791385,10,138.22,107.82,365.06,124.1,Mumbai,Philippines,Netherlands,225450.31,31.1
BATCH02809,10-09-2023,Robusta,Air,Africa,77.38384051,1055.25,Small Bag,0.607637594,3,156.6,168.95,102.93,64.8,Hambantota,Malaysia,Canada,127382.17,11.41
BATCH02810,11-09-2023,Liberica,Sea,Africa,169.4182191,954.17,Small Crate,1.843667738,21,278.74,165.82,253,131.4,Hambantota,India,Russia,60466.83,10.91
BATCH02811,12-09-2023,Liberica,Air,Central America,262.6223761,1199.36,Small Crate,3.046058894,1,103.28,66.54,274.09,84.5,Mombasa,Kenya,UAE,295053.71,40.32
BATCH02812,13-09-2023,Robusta,Sea,Africa,161.2541245,1287.17,Small Bag,6.029278869,16,221.36,122.03,359.93,94.1,Mombasa,India,Canada,53649.84,6.93
BATCH02813,14-09-2023,Liberica,Road,Central America,463.5227793,974.99,Small Bag,12.68617317,3,254.09,189.76,308.24,87.6,Mumbai,Mexico,Poland,211512.4,47.65
BATCH02814,15-09-2023,Liberica,Air,Africa,268.9015228,1276.66,Small Bag,5.193990762,1,292.24,62.02,176.53,103.7,Tema,Indonesia,Belgium,385783.72,55.15
BATCH02815,16-09-2023,Liberica,Road,Asia,304.9770678,1078.74,Big Bag,9.819317903,6,113.81,54.81,322.87,83.1,Ho Chi Minh,Colombia,Qatar,157903.8,14.1
BATCH02816,17-09-2023,Robusta,Air,Africa,392.7108631,480.84,Small Bag,10.63971442,3,106.5,169.93,421.52,124.2,Nairobi,Ethiopia,Chile,139199.18,63.48
BATCH02817,18-09-2023,Excelsa,Road,Africa,416.0069915,3049.32,Small Crate,8.792735311,6,144.49,133,297.92,135.6,Nairobi,Colombia,China,772107.74,60.82
BATCH02818,19-09-2023,Arabica,Air,Africa,225.5431282,960.32,Small Crate,5.358629523,1,148.41,131.65,215.52,38.3,Tema,Honduras,UAE,93269.96,13.75
BATCH02819,20-09-2023,Robusta,Air,Central America,285.457682,642.11,Small Crate,8.655800126,3,197.55,164.06,138.09,94.2,Mombasa,Honduras,USA,148582.16,52.57
BATCH02820,21-09-2023,Liberica,Road,Asia,310.5611079,1247.96,Small Bag,5.133983892,3,136.37,192,195.89,86.4,Mombasa,Guatemala,Turkey,219180.29,35.48
BATCH02821,22-09-2023,Liberica,Air,Africa,159.968267,1300.23,Big Bag,1.258106078,4,176.1,164.24,339.77,87.8,Hambantota,Liberia,Australia,254883.87,39.3
BATCH02822,23-09-2023,Robusta,Air,Central America,543.3189756,566.4,Big Bag,14.89205967,1,242.13,59.34,440.81,79.1,Nairobi,Brazil,Saudi Arabia,127888.13,46.38
BATCH02823,24-09-2023,Liberica,Air,Central America,152.3125128,1298.05,Small Bag,1.907736804,3,252.13,193,205.52,79.2,Nairobi,Papua New Guinea,Saudi Arabia,227052.68,41.55
BATCH02824,25-09-2023,Robusta,Road,Africa,183.9708963,587.45,Large Crate,1.085225758,7,210.39,78.54,172.22,73.4,Hambantota,Tanzania,Netherlands,68644,6.55
BATCH02825,26-09-2023,Liberica,Sea,Africa,510.0652534,821.54,Small Crate,13.17796124,16,122.04,147.77,493.25,119.6,Mumbai,Guatemala,South Korea,83703.49,23.91
BATCH02826,27-09-2023,Excelsa,Air,Africa,268.1062047,3318.67,Large Crate,4.527519913,4,228.62,152.54,249.93,108.2,Tema,Malaysia,South Korea,887138.94,50.57
BATCH02827,28-09-2023,Liberica,Air,Central America,358.0053186,959.79,Small Crate,9.754454611,1,223.51,150.88,187.64,50.9,Tema,Indonesia,Thailand,102180.31,25.87
BATCH02828,29-09-2023,Excelsa,Air,Central America,152.1848279,3066.67,Big Bag,4.935085945,4,206.41,51.53,427.69,104.6,Mumbai,Ivory Coast,Spain,794826.07,45.25
BATCH02829,30-09-2023,Liberica,Air,South America,307.2501069,933.22,Small Crate,5.871814062,3,295.54,70.15,497.46,79.2,Nairobi,Kenya,UAE,154831.07,40.19
BATCH02830,01-10-2023,Liberica,Road,Central America,272.9972335,1271.83,Large Crate,3.93169458,8,285.22,142.69,153.5,125.8,Hambantota,Malaysia,Russia,279375.38,34.7
BATCH02831,02-10-2023,Liberica,Road,Central America,243.1417042,1020.92,Large Crate,5.145660087,3,242.14,189.67,143.06,74.1,Tema,Papua New Guinea,Bangladesh,168292.65,32.08
BATCH02832,03-10-2023,Liberica,Air,Central America,329.2030095,1226.61,Big Bag,6.160506009,4,102.36,113.49,291.11,57.8,Nairobi,Uganda,Germany,132350.18,22.92
BATCH02833,04-10-2023,Liberica,Sea,Africa,407.4265914,1248.29,Small Crate,10.80624104,22,174.69,184.55,353.49,178.7,Tema,Honduras,Chile,253522.27,43.67
BATCH02834,05-10-2023,Robusta,Sea,Asia,325.6563293,1273.51,Large Crate,7.673042914,21,123.56,84.65,132.53,206.7,Ho Chi Minh,Peru,Sweden,318925.87,21.97
BATCH02835,06-10-2023,Excelsa,Air,Asia,612.2257871,3109.44,Small Bag,14.15347826,1,177.45,81.6,490.72,96.5,Mumbai,India,Russia,862179.79,28.01
BATCH02836,07-10-2023,Robusta,Air,Central America,104.2701745,900,Large Crate,0.628205908,3,282.94,199.9,240.83,72.6,Mombasa,Liberia,Australia,121891.66,27.51
BATCH02837,08-10-2023,Arabica,Air,Central America,308.8522756,940.69,Large Crate,7.546024839,3,166.21,130.9,473.74,91.5,Nairobi,Honduras,France,205431.05,34.63
BATCH02838,09-10-2023,Excelsa,Sea,Africa,269.4021788,3161.75,Small Bag,8.763371832,13,260.29,163.25,215.78,201.8,Ho Chi Minh,Guatemala,Pakistan,1296742.81,59.48
BATCH02839,10-10-2023,Arabica,Road,Asia,548.5923017,956.46,Small Crate,13.80295479,11,216.16,189.23,473.66,97.6,Mombasa,Malaysia,New Zealand,123974.84,17.58
BATCH02840,11-10-2023,Liberica,Air,Central America,86.62926736,1112.64,Large Crate,0.737377854,2,148.44,113.57,369.99,62.2,Hambantota,India,South Africa,156121.34,15.68
BATCH02841,12-10-2023,Liberica,Sea,South America,365.4360638,1372.56,Large Crate,8.602493774,9,283.26,52.5,336.96,131.7,Ho Chi Minh,Tanzania,UK,336365.61,30.21
BATCH02842,13-10-2023,Excelsa,Air,Asia,468.3815135,3177.31,Small Crate,12.80444893,4,265.19,91.99,227.61,81.8,Mumbai,Brazil,Thailand,601496.46,23.72
BATCH02843,14-10-2023,Liberica,Air,Central America,186.5778419,1334.99,Big Bag,3.628915922,3,177.95,172.91,438.67,103.8,Ho Chi Minh,Kenya,South Korea,283618.94,52.3
BATCH02844,15-10-2023,Robusta,Road,South America,488.4450823,685.42,Large Crate,13.14438523,6,215.92,108.26,182.7,117,Mombasa,Vietnam,Germany,164357.41,45.15
BATCH02845,16-10-2023,Robusta,Sea,Africa,106.5269172,1317.04,Small Crate,0.285651139,23,139.04,143.99,141.96,197.8,Tema,India,Turkey,275638.83,37.24
BATCH02846,17-10-2023,Robusta,Road,Central America,488.4085361,400,Small Crate,10.98681944,12,270.22,72.29,237.04,117,Mombasa,Colombia,Chile,66183.45,25.08
BATCH02847,18-10-2023,Liberica,Air,Central America,595.9115424,1521.8,Small Bag,13.99669832,2,106.6,147.47,497.12,94,Hambantota,Ivory Coast,Argentina,301688.21,51.43
BATCH02848,19-10-2023,Liberica,Air,Africa,428.2747029,925.29,Small Bag,9.857964925,4,261.47,198.42,106.37,103.1,Nairobi,Ethiopia,Sweden,188997.57,46.88
BATCH02849,20-10-2023,Robusta,Sea,Asia,361.1409555,400,Big Bag,6.58543866,23,100.13,148.76,418.44,221.5,Hambantota,Kenya,UAE,102771.17,55.91
BATCH02850,21-10-2023,Excelsa,Road,Central America,162.903831,3501.52,Large Crate,0.673215247,12,195.09,163.18,391.68,156,Nairobi,Mexico,Egypt,1029941.86,19.14
BATCH02851,22-10-2023,Excelsa,Road,Central America,538.7819211,2812.44,Large Crate,13.8017072,10,254.1,86.21,458.54,99.5,Hambantota,Tanzania,South Korea,412107.8,15.2
BATCH02852,23-10-2023,Excelsa,Sea,South America,384.390447,3160.63,Small Crate,7.05444334,13,116.35,134.27,387.93,122.9,Mumbai,India,Belgium,481139.61,16.34
BATCH02853,24-10-2023,Robusta,Sea,Africa,50,764.82,Big Bag,0.434951165,7,107.05,94.06,244.43,110.3,Nairobi,Ivory Coast,Egypt,164539.01,46.09
BATCH02854,25-10-2023,Liberica,Air,Asia,376.196372,1460.52,Small Crate,10.34731607,3,157.56,140.24,330.03,98.4,Tema,Cameroon,Pakistan,303792.2,31.08
BATCH02855,26-10-2023,Robusta,Road,Asia,275.7816878,400,Large Crate,7.227558804,12,227.57,132.72,175.67,154.8,Nairobi,Indonesia,UK,105485.24,53.87
BATCH02856,27-10-2023,Excelsa,Road,Africa,140.885997,3208.69,Small Bag,1.865179762,8,233.37,89.64,340.3,130.3,Hambantota,Ghana,Germany,742884.11,32.84
BATCH02857,28-10-2023,Arabica,Road,Africa,230.7173321,400,Large Crate,3.21407714,11,133.98,145.73,170.82,120.4,Nairobi,Ivory Coast,Italy,67445.07,24.63
BATCH02858,29-10-2023,Robusta,Air,South America,73.2656336,774.17,Small Crate,0.967360207,4,248.52,191.18,154.81,118.7,Mumbai,Ivory Coast,Russia,187767.09,45.24
BATCH02859,30-10-2023,Arabica,Road,South America,383.5720527,400,Large Crate,8.614403096,5,124.45,50.09,483.7,119.5,Mombasa,India,South Africa,113882.26,55.58
BATCH02860,31-10-2023,Robusta,Air,Central America,350.5602197,1093.95,Large Crate,9.330442189,2,298.31,116.72,239.41,112.3,Mombasa,Ghana,Norway,308852.79,32.8
BATCH02861,01-11-2023,Liberica,Sea,Asia,310.2308316,1219.58,Big Bag,7.586134475,20,154.68,136.03,164.01,184.3,Nairobi,Papua New Guinea,Norway,287231.42,34.17
BATCH02862,02-11-2023,Liberica,Air,South America,477.716743,1462.5,Small Crate,12.256532,1,209.38,197.14,220.37,76.4,Mombasa,Ivory Coast,Belgium,253391.45,18.27
BATCH02863,03-11-2023,Liberica,Air,South America,571.5163765,1161.8,Big Bag,12.91513232,2,133.33,94.88,303.83,76.9,Tema,Honduras,China,240336.07,41.28
BATCH02864,04-11-2023,Robusta,Sea,South America,341.4136259,823.1,Small Crate,9.23436595,21,155.87,105.48,200,196.5,Mumbai,Honduras,Qatar,177584.53,58.7
BATCH02865,05-11-2023,Excelsa,Air,Central America,101.7357462,3481.29,Large Crate,0.191347196,3,211.07,97.66,194.42,93.6,Mombasa,Brazil,Germany,719960.86,19.89
BATCH02866,06-11-2023,Liberica,Sea,South America,358.9420838,1280.61,Big Bag,10.42844484,13,158.54,72.65,311.58,185,Nairobi,Brazil,Japan,388576.67,61.81
BATCH02867,07-11-2023,Robusta,Air,Central America,252.0022618,1223.34,Small Crate,6.269988254,3,275.88,180.63,142.42,83.1,Tema,Tanzania,South Africa,243692.46,20.92
BATCH02868,08-11-2023,Arabica,Sea,Africa,300.1337957,1537.63,Small Crate,8.483362248,16,275.85,95.38,285.74,147.8,Tema,Ghana,Russia,252873.34,34.7
BATCH02869,09-11-2023,Liberica,Sea,Africa,404.3255253,1017.73,Large Crate,9.73620903,21,246.52,64.81,161.39,132,Ho Chi Minh,Uganda,Chile,73587.93,12.33
BATCH02870,10-11-2023,Liberica,Air,Central America,278.8719149,1058.6,Small Bag,5.253549215,1,231.25,87.88,299.27,125,Hambantota,Mexico,France,325306.56,24.15
BATCH02871,11-11-2023,Arabica,Road,Central America,547.0467947,400,Big Bag,13.75647758,7,110.76,166.7,325.58,111.8,Nairobi,Tanzania,Egypt,75061.16,49.23
BATCH02872,12-11-2023,Arabica,Road,Africa,122.6062045,481.02,Small Bag,2.009623001,9,127.58,107.42,349.59,108,Nairobi,Colombia,Poland,89210.5,12.11
BATCH02873,13-11-2023,Excelsa,Road,South America,427.5774672,3665.07,Large Crate,10.07267711,4,266.68,125.52,356.04,49.7,Hambantota,Tanzania,Canada,260448.55,8.91
BATCH02874,14-11-2023,Arabica,Sea,Central America,107.6168149,1478.68,Big Bag,0.065393699,7,242.81,193.82,142.19,93.5,Tema,Brazil,Egypt,264602.21,24.03
BATCH02875,15-11-2023,Excelsa,Road,Africa,513.2053726,3096.14,Big Bag,13.86976658,7,186.59,74.8,149.53,94.7,Ho Chi Minh,Brazil,Turkey,492399.56,26.25
BATCH02876,16-11-2023,Robusta,Road,Asia,88.55571858,400,Big Bag,1.687561999,6,130.5,87.98,121.11,117,Tema,Malaysia,Argentina,86543.41,16.31
BATCH02877,17-11-2023,Arabica,Air,Africa,150.3605785,2058.07,Big Bag,1.423263452,4,206.41,72.77,402.96,105.5,Mombasa,Mexico,Egypt,515377.05,39.81
BATCH02878,18-11-2023,Liberica,Road,Africa,259.1012659,1442.46,Big Bag,4.995114496,8,298.74,113.33,492.18,116.5,Nairobi,Guatemala,Canada,311632.55,48.63
BATCH02879,19-11-2023,Liberica,Road,Central America,273.1912509,1135.42,Large Crate,5.603494291,12,253.6,139.95,489.53,148.5,Ho Chi Minh,Mexico,Pakistan,236781.3,14.82
BATCH02880,20-11-2023,Excelsa,Road,Africa,216.4375704,3371.25,Big Bag,3.214501085,9,280.93,155.23,261.84,123,Ho Chi Minh,Philippines,Canada,744226.05,15.7
BATCH02881,21-11-2023,Robusta,Road,Asia,398.0345304,1322.07,Large Crate,8.776824914,5,177.03,65.94,242.52,56.2,Hambantota,Uganda,Spain,128703.78,9.28
BATCH02882,22-11-2023,Liberica,Sea,South America,244.4101787,940.54,Small Crate,6.643711471,18,114.11,98.38,470.62,130.8,Hambantota,Philippines,South Africa,96400.11,13.31
BATCH02883,23-11-2023,Arabica,Air,South America,104.5442107,1104.69,Big Bag,0.512633836,2,145.77,158.48,461.19,25.9,Mombasa,Indonesia,Chile,44876.62,3.95
BATCH02884,24-11-2023,Robusta,Sea,Africa,269.6318081,400,Small Crate,4.794780934,15,280,119.06,381.57,136.8,Mombasa,Liberia,Poland,67474.57,36.71
BATCH02885,25-11-2023,Liberica,Air,Central America,451.2750701,1380.58,Small Crate,12.1564937,3,239.21,134.16,389.11,86.4,Mombasa,Cameroon,France,248870.12,23.42
BATCH02886,26-11-2023,Liberica,Air,South America,458.3368685,1260.28,Small Crate,10.34552302,4,187.55,83.26,280.72,142.4,Nairobi,Ethiopia,Argentina,456938.11,66.48
BATCH02887,27-11-2023,Arabica,Road,Africa,430.7008089,1543.97,Small Bag,10.8730628,8,150.4,198.93,401.74,93.1,Mumbai,Cameroon,Australia,209583.41,18.68
BATCH02888,28-11-2023,Robusta,Air,Africa,316.4064838,660.63,Small Crate,10.47175386,2,255.75,155.13,486.01,64.3,Ho Chi Minh,Uganda,Belgium,82740.24,26.07
BATCH02889,29-11-2023,Excelsa,Sea,South America,281.9093056,3579.41,Small Bag,4.664595321,15,121.63,66.45,423.6,194.4,Ho Chi Minh,Peru,Belgium,1024909.1,25.82
BATCH02890,30-11-2023,Robusta,Road,Asia,138.9936036,947.63,Big Bag,1.494958831,3,220.61,101.12,349.34,103.5,Nairobi,Ethiopia,Netherlands,250820.39,49.74
BATCH02891,01-12-2023,Liberica,Road,Africa,134.1246912,1235.74,Small Bag,4.08700776,8,240.12,121.91,376.55,115.3,Mombasa,Mexico,Canada,290707.73,19.49
BATCH02892,02-12-2023,Robusta,Sea,Asia,461.6888921,400,Big Bag,12.4767795,22,261.52,79.62,133.3,163.7,Tema,Kenya,Argentina,54493.86,13.4
BATCH02893,03-12-2023,Excelsa,Road,Asia,477.7936401,3261.54,Small Crate,14.70706197,11,244.14,67.9,371.77,173.2,Ho Chi Minh,Kenya,Pakistan,911526.21,40.69
BATCH02894,04-12-2023,Excelsa,Road,Central America,359.8877209,2773.65,Small Crate,7.407705221,8,134.77,170.62,266.8,111.7,Mombasa,Vietnam,Norway,509751.7,46.56
BATCH02895,05-12-2023,Arabica,Air,Central America,102.5731107,400,Big Bag,0.145505324,4,252.78,143.88,464.45,69.5,Mombasa,Vietnam,Saudi Arabia,53849.39,13.16
BATCH02896,06-12-2023,Liberica,Sea,South America,116.8328972,1127.57,Big Bag,2.100672182,13,287.71,107.85,100.28,139.7,Ho Chi Minh,Colombia,South Korea,226783.77,25.09
BATCH02897,07-12-2023,Liberica,Road,South America,285.4786617,1043.07,Small Crate,4.83120863,4,230.35,104.15,442.73,81.8,Mumbai,Brazil,Netherlands,171038.94,39.5
BATCH02898,08-12-2023,Excelsa,Road,South America,383.2896902,3105.1,Big Bag,8.678780229,7,138.11,90.28,160.46,123.5,Ho Chi Minh,Tanzania,Canada,677331.96,33.33
BATCH02899,09-12-2023,Arabica,Air,Africa,122.0039038,1440.4,Small Crate,1.126404687,3,182.83,103.1,433.1,96.3,Ho Chi Minh,Guatemala,Spain,311463.06,54.18
BATCH02900,10-12-2023,Excelsa,Road,Central America,462.2309124,3338.59,Small Bag,14.15035948,5,179.65,83.41,175.72,71.2,Ho Chi Minh,Philippines,Canada,451935.45,10.58
BATCH02901,11-12-2023,Liberica,Sea,South America,222.1639633,1198.43,Large Crate,5.476255099,23,289.28,167.29,279.86,161.8,Nairobi,Vietnam,Turkey,169230.81,29.6
BATCH02902,12-12-2023,Arabica,Road,Africa,467.7900026,400,Small Bag,13.68876327,10,245.67,72.16,206.27,139.7,Tema,Papua New Guinea,Qatar,96212.2,18.37
BATCH02903,13-12-2023,Liberica,Sea,Central America,488.5596714,1252.35,Small Crate,11.70782704,25,242.79,114.08,141.49,203.9,Mumbai,Malaysia,Norway,289142.75,50.1
BATCH02904,14-12-2023,Arabica,Air,Africa,355.9019083,406.37,Small Bag,11.33155909,1,133.52,72.37,404.63,52.4,Tema,Papua New Guinea,Sweden,55196.05,25.13
BATCH02905,15-12-2023,Arabica,Sea,Africa,370.6620701,1056.41,Small Bag,9.100793697,18,126.26,91.39,444.13,148.8,Mombasa,Tanzania,UK,166904.92,18.82
BATCH02906,16-12-2023,Robusta,Sea,South America,369.5384981,838.39,Small Bag,9.401757256,10,220.22,123.51,399.66,96.8,Nairobi,Guatemala,Australia,116869.15,31.17
BATCH02907,17-12-2023,Arabica,Road,Asia,438.8784067,1765.21,Large Crate,9.570048528,12,227.08,62.85,347.3,180.3,Tema,Colombia,Spain,629166.94,28.2
BATCH02908,18-12-2023,Excelsa,Road,Central America,394.561452,3343.83,Large Crate,9.430820805,8,214.3,164.12,482.42,76.9,Mombasa,Peru,Qatar,348660.13,23.33
BATCH02909,19-12-2023,Liberica,Road,Africa,375.9382184,1561.03,Small Crate,8.305923471,6,105.3,54.16,254.6,143.4,Mumbai,Guatemala,Argentina,459698.09,52.63
BATCH02910,20-12-2023,Liberica,Road,Africa,517.6183081,870.71,Big Bag,14.79621028,11,102.66,56.02,302.75,112.6,Tema,Malaysia,Chile,138182.86,14.88
BATCH02911,21-12-2023,Robusta,Road,South America,367.980846,400,Small Bag,10.98435851,8,265.94,50.81,391.49,118.9,Ho Chi Minh,Philippines,UAE,93852.86,27.94
BATCH02912,22-12-2023,Arabica,Air,Asia,433.352076,1561.19,Big Bag,11.65419583,1,254.7,100.7,430.74,44.6,Nairobi,Liberia,UK,164030.88,15.64
BATCH02913,23-12-2023,Robusta,Sea,Africa,531.4663861,661.84,Big Bag,13.08694223,7,122.83,171.58,291.53,80.3,Nairobi,Ivory Coast,China,94274.84,16.97
BATCH02914,24-12-2023,Arabica,Sea,South America,235.7824248,804.03,Small Bag,3.234596441,13,142.06,78.15,437.84,164.3,Mombasa,Honduras,New Zealand,246681.12,61.66
BATCH02915,25-12-2023,Robusta,Road,Africa,116.182493,602.63,Big Bag,1.257062386,7,177.28,84.3,246.18,101.3,Mumbai,Vietnam,Netherlands,111264,25.92
BATCH02916,26-12-2023,Robusta,Air,Central America,274.2653062,815.71,Large Crate,7.243416549,3,101.78,73.69,167.92,106.8,Mombasa,Papua New Guinea,USA,231685.66,31.04
BATCH02917,27-12-2023,Arabica,Road,South America,278.5023568,400,Small Bag,7.711210434,7,245.85,104.83,363.46,103.4,Mumbai,Honduras,Qatar,77614.46,25.64
BATCH02918,28-12-2023,Arabica,Sea,South America,466.3004708,1383.81,Large Crate,12.4377267,18,235.82,136.81,342.58,165.9,Ho Chi Minh,Indonesia,Italy,328217.56,21.99
BATCH02919,29-12-2023,Liberica,Sea,South America,306.5301693,1029.32,Small Crate,6.656753689,20,221.46,189.27,213.38,166.3,Nairobi,Philippines,Turkey,188017.54,41.35
BATCH02920,30-12-2023,Arabica,Sea,Africa,430.5434371,1709.66,Small Bag,8.562795383,11,261.49,159.46,209.05,154.6,Tema,Vietnam,Thailand,510062.98,39.05
BATCH02921,01-01-2020,Arabica,Air,Asia,343.3484602,1362.32,Big Bag,7.906064078,4,165.55,189.7,373.86,119.6,Mumbai,Malaysia,Spain,410735.73,39.51
BATCH02922,02-01-2020,Arabica,Sea,Africa,147.8795524,400,Small Bag,0.573041756,16,240.44,72.76,167.94,189.2,Ho Chi Minh,Indonesia,Chile,130369.66,18.75
BATCH02923,03-01-2020,Liberica,Sea,Central America,337.8233041,1453.25,Small Bag,9.228223449,23,155.25,173.02,406.03,162.4,Nairobi,Ethiopia,Russia,210347.14,20.16
BATCH02924,04-01-2020,Liberica,Air,Central America,474.7045288,1363.23,Large Crate,12.42064929,2,275.91,156.35,493.85,99.4,Tema,Liberia,Singapore,328031.72,46.11
BATCH02925,05-01-2020,Robusta,Sea,Africa,177.8791694,871.76,Big Bag,2.362508221,13,169.2,166.21,317.82,122.3,Nairobi,Honduras,South Africa,130763.96,37.65
BATCH02926,06-01-2020,Excelsa,Road,Central America,360.4227539,3474,Big Bag,8.914976009,11,129.02,115.57,391.05,124.6,Hambantota,Philippines,Germany,732670.09,29.79
BATCH02927,07-01-2020,Arabica,Sea,South America,366.0338052,1581.24,Small Crate,8.904158167,19,148.85,193.62,136.77,191.9,Ho Chi Minh,Vietnam,Qatar,397706.33,23.06
BATCH02928,08-01-2020,Arabica,Air,Africa,180.1941572,1188.69,Small Bag,2.462774461,1,275.87,168.45,461.38,99.5,Nairobi,Ethiopia,Belgium,294800.99,34.89
BATCH02929,09-01-2020,Excelsa,Sea,South America,179.6104488,3109.47,Small Bag,1.851953606,12,167.23,192.26,251.18,137.1,Ho Chi Minh,Uganda,Thailand,726463.22,29.47
BATCH02930,10-01-2020,Liberica,Road,Asia,599.4792765,1252.6,Big Bag,14.70077914,5,167.21,71.71,293.25,124.6,Mombasa,Brazil,Russia,356984.44,64.31
BATCH02931,11-01-2020,Liberica,Sea,Asia,163.8962368,1103.6,Small Bag,5.905787545,20,150.4,92.2,484.23,159.7,Tema,Colombia,South Africa,201161.16,25.57
BATCH02932,12-01-2020,Excelsa,Road,Asia,258.0266536,3449.11,Big Bag,3.411325931,10,258.92,90.52,201.49,136.4,Hambantota,Uganda,Netherlands,793988.5,46.27
BATCH02933,13-01-2020,Arabica,Air,Central America,91.55563919,1133.39,Small Bag,2.569868167,1,241.87,146.41,111.32,107,Nairobi,Vietnam,Netherlands,299969.19,30.95
BATCH02934,14-01-2020,Arabica,Sea,Central America,415.8589122,686.6,Big Bag,10.0140257,19,178.99,50.5,110.68,142.1,Mombasa,Honduras,Turkey,88989,19.89
BATCH02935,15-01-2020,Robusta,Road,Asia,492.0318323,1144.78,Small Bag,9.14167946,7,179.9,116.94,412.42,102.8,Ho Chi Minh,Cameroon,Argentina,224273.66,42.45
BATCH02936,16-01-2020,Arabica,Sea,South America,387.4714409,674.27,Large Crate,9.653281845,25,139.16,147.07,237.42,176.6,Mombasa,Ethiopia,Australia,105996.78,26.61
BATCH02937,17-01-2020,Robusta,Sea,Central America,148.6036694,623.57,Small Crate,1.320090413,13,176.71,138.8,113.91,121.1,Mumbai,Ivory Coast,Italy,93901.8,13.77
BATCH02938,18-01-2020,Arabica,Air,Asia,486.5775769,2242.69,Small Bag,13.40301875,2,198.98,102.89,273.86,70,Nairobi,Colombia,France,416494.89,10.39
BATCH02939,19-01-2020,Liberica,Air,Central America,308.5329959,951.82,Big Bag,5.838995952,2,281.16,110.16,245.61,83.2,Nairobi,Kenya,South Africa,166495.64,42.84
BATCH02940,20-01-2020,Excelsa,Sea,Central America,259.1266605,3081.36,Big Bag,4.700541096,24,280.6,93.78,489.68,207,Mombasa,Malaysia,USA,803163.2,43.9
BATCH02941,21-01-2020,Liberica,Road,Central America,274.260289,1060.37,Small Crate,6.935421709,10,230.72,173.19,142.02,120.8,Mumbai,Brazil,Australia,234564.84,29.38
BATCH02942,22-01-2020,Arabica,Road,South America,269.8120768,1460.84,Small Crate,5.850990986,9,159.62,96.6,163.29,92.7,Ho Chi Minh,Ghana,Singapore,196920.63,23.72
BATCH02943,23-01-2020,Arabica,Air,Africa,432.6878262,1076.38,Small Crate,12.95365505,3,252.2,149.3,371.71,41.7,Ho Chi Minh,Ivory Coast,Sweden,73907.65,7.91
BATCH02944,24-01-2020,Excelsa,Road,Africa,512.2203678,3389.26,Small Bag,13.93891463,10,218.52,118.92,245.78,125.6,Ho Chi Minh,Ivory Coast,UK,656942.71,18.81
BATCH02945,25-01-2020,Arabica,Air,Central America,215.5853381,824.34,Small Bag,4.551798247,2,212.29,54.44,403.83,99.4,Tema,Tanzania,Norway,183469.14,44.8
BATCH02946,26-01-2020,Robusta,Sea,Central America,495.5981609,811.54,Small Crate,12.95903711,13,282.44,135.88,214.71,145.1,Mombasa,Peru,Argentina,157399.05,37.6
BATCH02947,27-01-2020,Excelsa,Sea,Asia,416.1897134,3466.07,Big Bag,11.72284694,25,238.92,92.89,281.69,221,Hambantota,Ethiopia,Canada,1008485.04,43.77
BATCH02948,28-01-2020,Robusta,Air,Asia,508.1418681,1134.5,Big Bag,13.96211509,1,222.53,83.91,467.78,92,Hambantota,India,Pakistan,305107.69,45.61
BATCH02949,29-01-2020,Excelsa,Road,South America,211.0262792,3175.03,Small Crate,3.686254683,12,291.3,142.66,161.18,109.5,Ho Chi Minh,Papua New Guinea,Sweden,455070.87,30.02
BATCH02950,30-01-2020,Excelsa,Sea,Central America,363.5525025,3285.39,Big Bag,8.654387252,9,211.42,109.77,342.37,132.9,Ho Chi Minh,Ethiopia,Bangladesh,875186.5,41.35
BATCH02951,31-01-2020,Arabica,Sea,Central America,237.2592489,625.68,Big Bag,4.118168771,8,163.66,123.84,194.7,88.6,Mumbai,Kenya,Spain,81530.76,31.41
BATCH02952,01-02-2020,Arabica,Sea,South America,462.1341375,400,Large Crate,12.36141736,9,161.38,195.59,148.37,119.1,Hambantota,Papua New Guinea,Spain,92247.56,27.23
BATCH02953,02-02-2020,Liberica,Sea,South America,63.06120281,1123.66,Large Crate,0.079862859,24,172.21,76.51,118.83,190.8,Hambantota,Mexico,South Africa,222196.06,18.54
BATCH02954,03-02-2020,Robusta,Road,Africa,358.2722869,602.48,Big Bag,8.472287443,11,139.91,50.96,451.67,103.6,Mumbai,Philippines,UAE,76358.82,17.44
BATCH02955,04-02-2020,Liberica,Sea,South America,243.6986528,1498.86,Large Crate,5.088051469,21,120.18,117.03,311.42,136.5,Mombasa,Mexico,Argentina,120497.66,8.49
BATCH02956,05-02-2020,Excelsa,Air,Central America,296.4399503,3265.2,Small Bag,4.840255606,3,266.49,79.62,284.28,134.4,Mombasa,Liberia,Russia,947905.27,68.76
BATCH02957,06-02-2020,Liberica,Road,Africa,447.7449208,1264.43,Small Crate,9.673594858,4,128.04,123.24,126.25,102.2,Ho Chi Minh,India,Turkey,321722.48,32.84
BATCH02958,07-02-2020,Robusta,Air,Africa,414.5639804,876.28,Small Crate,12.77226674,1,126.79,163.74,247.83,52.7,Mumbai,Ethiopia,USA,123411.59,10.75
BATCH02959,08-02-2020,Liberica,Sea,Central America,404.9956535,1035.97,Large Crate,9.137930871,21,213.54,102.73,100.97,177,Hambantota,Brazil,Australia,198311.1,13.75
BATCH02960,09-02-2020,Liberica,Road,South America,524.8150484,1357.35,Small Bag,12.79759468,5,174.08,60.68,432.39,118.6,Ho Chi Minh,Philippines,Poland,359184.54,28.03
BATCH02961,10-02-2020,Liberica,Road,Central America,151.7771356,944.66,Small Bag,3.968956678,11,218.72,132.1,339.1,103.9,Hambantota,Colombia,South Africa,134708.79,17.75
BATCH02962,11-02-2020,Robusta,Road,South America,362.7494756,1011.91,Big Bag,7.792527821,10,110.18,177.62,371.64,142.1,Tema,Vietnam,Turkey,232191.18,22.15
BATCH02963,12-02-2020,Liberica,Sea,Central America,347.5391885,1224.24,Large Crate,6.758048086,17,290.5,66.19,110.84,166.6,Mombasa,Ivory Coast,South Korea,302389.57,35.69
BATCH02964,13-02-2020,Arabica,Air,Africa,57.75787288,757.44,Big Bag,0.174673493,3,233.81,63.12,277.36,44.7,Mombasa,Ivory Coast,Bangladesh,70618.64,14.05
BATCH02965,14-02-2020,Excelsa,Air,Central America,338.7483833,3015.44,Big Bag,8.352182147,2,134.64,199.26,101.7,33.1,Hambantota,Papua New Guinea,Japan,215466.69,9.75
BATCH02966,15-02-2020,Arabica,Air,Africa,407.0019427,1372.95,Small Bag,9.922864862,4,194.13,93.68,384.89,118.4,Nairobi,Mexico,Spain,345960.86,64.36
BATCH02967,16-02-2020,Excelsa,Air,Africa,394.884385,3221.41,Big Bag,8.878716066,3,154.16,153.89,460,66.9,Ho Chi Minh,Ghana,Argentina,456154.48,28.65
BATCH02968,17-02-2020,Arabica,Air,South America,381.9039839,2271.04,Small Bag,11.04419848,3,140.93,170.31,223.3,110.1,Nairobi,Liberia,Pakistan,640083.32,46.84
BATCH02969,18-02-2020,Liberica,Sea,Asia,414.9531227,1143.52,Large Crate,8.570092927,17,195.4,119.36,343.7,190.3,Tema,Indonesia,UAE,360389.95,39.97
BATCH02970,19-02-2020,Excelsa,Air,Asia,50,2934.59,Small Bag,1.001253823,1,235.31,92.31,464.86,102.2,Ho Chi Minh,Malaysia,Singapore,816798.18,33.57
BATCH02971,20-02-2020,Excelsa,Sea,Central America,218.5877633,3235.17,Small Bag,1.746682861,10,123.86,73.01,488.39,81.5,Ho Chi Minh,Tanzania,South Korea,281177.93,7.12
BATCH02972,21-02-2020,Liberica,Road,Africa,395.9269333,818.89,Small Crate,8.947118663,12,215.94,58.38,257.78,95.1,Tema,Honduras,Qatar,85602.15,22.74
BATCH02973,22-02-2020,Liberica,Road,South America,192.6520608,769.84,Small Bag,4.12468788,8,117.07,112.25,197.12,109,Tema,Peru,South Korea,141114.68,29
BATCH02974,23-02-2020,Liberica,Sea,Asia,179.0606002,469.53,Small Bag,1.194676936,19,293.21,102.09,482.2,201.5,Hambantota,Colombia,UK,143934.14,36
BATCH02975,24-02-2020,Liberica,Air,South America,240.9312824,1429.71,Small Bag,6.444041152,3,151.2,194.35,115.74,26.7,Mombasa,Honduras,Egypt,46906.94,3.88
BATCH02976,25-02-2020,Excelsa,Road,Central America,355.1919719,2910,Large Crate,8.314838971,10,272.83,100.76,495.25,124.1,Hambantota,Peru,Russia,538083.74,22.65
BATCH02977,26-02-2020,Liberica,Sea,South America,259.8609384,1191.85,Small Bag,4.931189825,19,105.74,105.06,363.9,134.3,Tema,Honduras,Egypt,121074.36,24.82
BATCH02978,27-02-2020,Robusta,Road,Asia,436.0019067,586.12,Large Crate,10.80650553,3,151.42,162.06,302.84,121.8,Ho Chi Minh,Liberia,Italy,162016.09,44.79
BATCH02979,28-02-2020,Liberica,Road,Central America,347.7108958,1356.27,Big Bag,9.656559122,8,295.26,75.05,458.03,199,Nairobi,Kenya,Germany,645912.84,77.88
BATCH02980,29-02-2020,Liberica,Sea,Asia,224.9644039,1178.27,Big Bag,4.992275416,23,242.57,187.2,121.03,151.6,Hambantota,Philippines,Russia,128671.38,7.75
BATCH02981,01-03-2020,Robusta,Air,Central America,446.0298813,622.86,Large Crate,11.32308793,1,115.16,189.34,329.01,50.3,Hambantota,Brazil,Turkey,70795.33,19.71
BATCH02982,02-03-2020,Liberica,Road,Africa,355.575582,1115.41,Small Crate,9.730425638,5,129.69,167.7,249.73,103.9,Hambantota,Ethiopia,Turkey,278034.41,24.58
BATCH02983,03-03-2020,Liberica,Air,Central America,400.4230601,850.2,Small Bag,9.561680681,4,102.85,181.12,425.44,82.7,Nairobi,Peru,Spain,148469.07,17.3
BATCH02984,04-03-2020,Excelsa,Road,Africa,318.3361669,3447.21,Small Bag,8.301415512,3,259.22,66.81,216.58,78,Nairobi,Guatemala,Poland,679859.29,31.23
BATCH02985,05-03-2020,Robusta,Sea,Central America,155.1253519,982.74,Large Crate,0.170845021,15,244.65,131.48,344.67,161.1,Hambantota,Ethiopia,Pakistan,252960.36,49.15
BATCH02986,06-03-2020,Excelsa,Road,South America,491.5624801,3247.17,Large Crate,10.44760775,3,122.73,77.1,101.04,84,Mombasa,Ivory Coast,Chile,604563.26,35.78
BATCH02987,07-03-2020,Arabica,Road,Asia,254.3455973,2540.5,Big Bag,5.640626867,7,296.62,92.85,270.38,120.5,Mombasa,Mexico,Italy,513290.06,51.22
BATCH02988,08-03-2020,Excelsa,Road,Africa,570.1873076,3369.66,Large Crate,14.13914565,9,213.99,109.1,296.83,73.8,Mombasa,Indonesia,New Zealand,258096.11,19.18
BATCH02989,09-03-2020,Arabica,Sea,Asia,457.4779199,400,Small Bag,12.26977157,24,139.72,119.84,399.36,155.7,Hambantota,Kenya,Germany,33457.38,18.37
BATCH02990,10-03-2020,Arabica,Air,Central America,317.6409515,576,Big Bag,8.815417043,3,139.81,89.4,302.66,112.5,Nairobi,Uganda,Pakistan,165963.27,17.05
BATCH02991,11-03-2020,Arabica,Sea,Asia,192.1960048,746.71,Small Crate,3.782729727,14,147.35,144.77,483.52,131.2,Mumbai,Peru,Bangladesh,107247.11,40.49
BATCH02992,12-03-2020,Excelsa,Sea,Asia,195.951314,3304.53,Small Crate,3.055760899,18,261.55,94.06,362.73,133.5,Hambantota,Ivory Coast,Bangladesh,348932.2,27.15
BATCH02993,13-03-2020,Arabica,Road,Central America,163.8252937,1668.54,Small Crate,5.105772565,12,165.51,63.45,240.2,124.2,Tema,India,Canada,281489.91,34.5
BATCH02994,14-03-2020,Liberica,Sea,South America,345.7384127,1235.86,Large Crate,7.148519154,25,274.07,107.78,320.33,173,Tema,Tanzania,Argentina,157315.28,13.38
BATCH02995,15-03-2020,Excelsa,Sea,Africa,237.530522,3311.61,Large Crate,4.440982651,15,169.92,125.43,416.93,107.1,Ho Chi Minh,Peru,South Korea,254307.21,7.23
BATCH02996,16-03-2020,Liberica,Sea,Africa,381.7454708,848.65,Large Crate,7.723942431,17,293.8,169.78,410.59,172.9,Ho Chi Minh,Peru,France,175497.5,54.97
BATCH02997,17-03-2020,Excelsa,Road,Africa,204.8235692,3397.48,Large Crate,2.480556383,8,208.13,181.56,336.22,172,Mumbai,Kenya,Norway,1314605.52,61.59
BATCH02998,18-03-2020,Arabica,Air,Africa,545.9681816,853.55,Small Crate,14.66569219,4,239.97,65.53,218.57,88.7,Tema,Honduras,Japan,142075.78,21.84
BATCH02999,19-03-2020,Arabica,Sea,Central America,130.774303,1432.22,Small Bag,1.618868324,14,259.67,146,491.91,158.5,Hambantota,Ethiopia,South Africa,324272.95,42.81
BATCH03000,20-03-2020,Liberica,Air,Central America,595.5179489,1151.26,Large Crate,13.97916209,2,199.47,68.55,199,54.7,Mumbai,Mexico,Russia,136708.36,25.34
